seqtag,tag,text,page,page_width,page_height,fontname,rgb,x0,x1,top,bottom,doctop,mcid,mctag,tagstack
O,B-Titre,COMPILATION,1,612,1008,Helvetica-Bold,#000,202,314,186,202,186,7,P,Part;P
O,I-Titre,ADMINISTRATIVE,1,612,1008,Helvetica-Bold,#000,318,453,186,202,186,7,P,Part;P
O,B-Alinea,Mise,1,612,1008,Helvetica,#000,87,110,242,253,242,11,P,Part;P
O,I-Alinea,en,1,612,1008,Helvetica,#000,113,125,242,253,242,11,P,Part;P
O,I-Alinea,garde,1,612,1008,Helvetica,#000,128,156,242,253,242,11,P,Part;P
O,B-Alinea,Le,1,612,1008,Helvetica,#000,87,99,268,279,268,13,P,Part;P
O,I-Alinea,lecteur,1,612,1008,Helvetica,#000,104,137,268,279,268,13,P,Part;P
O,I-Alinea,est,1,612,1008,Helvetica,#000,143,158,268,279,268,13,P,Part;P
O,I-Alinea,par,1,612,1008,Helvetica,#000,163,179,268,279,268,13,P,Part;P
O,I-Alinea,les,1,612,1008,Helvetica,#000,185,199,268,279,268,13,P,Part;P
O,I-Alinea,présentes,1,612,1008,Helvetica,#000,204,252,268,279,268,13,P,Part;P
O,I-Alinea,avisé,1,612,1008,Helvetica,#000,258,283,268,279,268,13,P,Part;P
O,I-Alinea,que,1,612,1008,Helvetica,#000,289,307,268,279,268,13,P,Part;P
O,I-Alinea,toute,1,612,1008,Helvetica,#000,313,337,268,279,268,13,P,Part;P
O,I-Alinea,erreur,1,612,1008,Helvetica,#000,343,372,268,279,268,13,P,Part;P
O,I-Alinea,ou,1,612,1008,Helvetica,#000,377,390,268,279,268,13,P,Part;P
O,I-Alinea,omission,1,612,1008,Helvetica,#000,395,439,268,279,268,13,P,Part;P
O,I-Alinea,qui,1,612,1008,Helvetica,#000,444,459,268,279,268,13,P,Part;P
O,I-Alinea,pourrait,1,612,1008,Helvetica,#000,464,501,268,279,268,13,P,Part;P
O,I-Alinea,être,1,612,1008,Helvetica,#000,507,526,268,279,268,13,P,Part;P
O,I-Alinea,relevée,1,612,1008,Helvetica,#000,87,123,280,291,280,13,P,Part;P
O,I-Alinea,dans,1,612,1008,Helvetica,#000,127,151,280,291,280,13,P,Part;P
O,I-Alinea,le,1,612,1008,Helvetica,#000,154,163,280,291,280,13,P,Part;P
O,I-Alinea,texte,1,612,1008,Helvetica,#000,167,191,280,291,280,13,P,Part;P
O,I-Alinea,ci-après,1,612,1008,Helvetica,#000,195,234,280,291,280,13,P,Part;P
O,I-Alinea,n'a,1,612,1008,Helvetica,#000,238,252,280,291,280,13,P,Part;P
O,I-Alinea,pas,1,612,1008,Helvetica,#000,256,274,280,291,280,13,P,Part;P
O,I-Alinea,pour,1,612,1008,Helvetica,#000,278,300,280,291,280,13,P,Part;P
O,I-Alinea,effet,1,612,1008,Helvetica,#000,304,325,280,291,280,13,P,Part;P
O,I-Alinea,de,1,612,1008,Helvetica,#000,329,342,280,291,280,13,P,Part;P
O,I-Alinea,diminuer,1,612,1008,Helvetica,#000,345,388,280,291,280,13,P,Part;P
O,I-Alinea,le,1,612,1008,Helvetica,#000,391,400,280,291,280,13,P,Part;P
O,I-Alinea,caractère,1,612,1008,Helvetica,#000,404,450,280,291,280,13,P,Part;P
O,I-Alinea,exécutoire,1,612,1008,Helvetica,#000,454,504,280,291,280,13,P,Part;P
O,I-Alinea,des,1,612,1008,Helvetica,#000,508,526,280,291,280,13,P,Part;P
O,I-Alinea,règlements,1,612,1008,Helvetica,#000,87,141,293,304,293,13,P,Part;P
O,I-Alinea,et,1,612,1008,Helvetica,#000,145,155,293,304,293,13,P,Part;P
O,I-Alinea,"amendements,",1,612,1008,Helvetica,#000,159,232,293,304,293,13,P,Part;P
O,I-Alinea,tels,1,612,1008,Helvetica,#000,236,253,293,304,293,13,P,Part;P
O,I-Alinea,que,1,612,1008,Helvetica,#000,257,275,293,304,293,13,P,Part;P
O,I-Alinea,sanctionnés,1,612,1008,Helvetica,#000,279,338,293,304,293,13,P,Part;P
O,I-Alinea,dans,1,612,1008,Helvetica,#000,342,366,293,304,293,13,P,Part;P
O,I-Alinea,leur,1,612,1008,Helvetica,#000,370,388,293,304,293,13,P,Part;P
O,I-Alinea,version,1,612,1008,Helvetica,#000,392,427,293,304,293,13,P,Part;P
O,I-Alinea,originale,1,612,1008,Helvetica,#000,431,473,293,304,293,13,P,Part;P
O,I-Alinea,disponible,1,612,1008,Helvetica,#000,477,526,293,304,293,13,P,Part;P
O,I-Alinea,au,1,612,1008,Helvetica,#000,87,99,306,317,306,13,P,Part;P
O,I-Alinea,Service,1,612,1008,Helvetica,#000,102,139,306,317,306,13,P,Part;P
O,I-Alinea,du,1,612,1008,Helvetica,#000,143,155,306,317,306,13,P,Part;P
O,I-Alinea,greffe.,1,612,1008,Helvetica,#000,159,190,306,317,306,13,P,Part;P
O,I-Alinea,Pour,1,612,1008,Helvetica,#000,194,217,306,317,306,13,P,Part;P
O,I-Alinea,vérifier,1,612,1008,Helvetica,#000,221,254,306,317,306,13,P,Part;P
O,I-Alinea,les,1,612,1008,Helvetica,#000,257,271,306,317,306,13,P,Part;P
O,I-Alinea,dispositions,1,612,1008,Helvetica,#000,275,332,306,317,306,13,P,Part;P
O,I-Alinea,"applicables,",1,612,1008,Helvetica,#000,336,394,306,317,306,13,P,Part;P
O,I-Alinea,le,1,612,1008,Helvetica,#000,398,406,306,317,306,13,P,Part;P
O,I-Alinea,lecteur,1,612,1008,Helvetica,#000,409,443,306,317,306,13,P,Part;P
O,I-Alinea,pourra,1,612,1008,Helvetica,#000,446,478,306,317,306,13,P,Part;P
O,I-Alinea,consulter,1,612,1008,Helvetica,#000,482,526,306,317,306,13,P,Part;P
O,I-Alinea,le,1,612,1008,Helvetica,#000,87,95,318,329,318,13,P,Part;P
O,I-Alinea,texte,1,612,1008,Helvetica,#000,98,122,318,329,318,13,P,Part;P
O,I-Alinea,officiel,1,612,1008,Helvetica,#000,125,157,318,329,318,13,P,Part;P
O,I-Alinea,au,1,612,1008,Helvetica,#000,160,172,318,329,318,13,P,Part;P
O,I-Alinea,Service,1,612,1008,Helvetica,#000,175,212,318,329,318,13,P,Part;P
O,I-Alinea,du,1,612,1008,Helvetica,#000,215,227,318,329,318,13,P,Part;P
O,I-Alinea,greffe,1,612,1008,Helvetica,#000,230,259,318,329,318,13,P,Part;P
O,I-Alinea,de,1,612,1008,Helvetica,#000,262,274,318,329,318,13,P,Part;P
O,I-Alinea,la,1,612,1008,Helvetica,#000,277,286,318,329,318,13,P,Part;P
O,I-Alinea,ville,1,612,1008,Helvetica,#000,289,308,318,329,318,13,P,Part;P
O,I-Alinea,de,1,612,1008,Helvetica,#000,311,323,318,329,318,13,P,Part;P
O,I-Alinea,Sainte-Adèle.,1,612,1008,Helvetica,#000,326,392,318,329,318,13,P,Part;P
O,B-Alinea,La,1,612,1008,Helvetica,#000,87,99,344,355,344,15,P,Part;P
O,I-Alinea,mention,1,612,1008,Helvetica,#000,102,142,344,355,344,15,P,Part;P
O,I-Alinea,«,1,612,1008,Helvetica,#000,145,151,344,355,344,15,P,Part;P
O,I-Alinea,Modifié,1,612,1008,Helvetica-Oblique,#000,155,190,344,355,344,15,P,Part;P
O,I-Alinea,par,1,612,1008,Helvetica-Oblique,#000,194,210,344,355,344,15,P,Part;P
O,I-Alinea,:,1,612,1008,Helvetica-Oblique,#000,214,217,344,355,344,15,P,Part;P
O,I-Alinea,»,1,612,1008,Helvetica,#000,220,227,344,355,344,15,P,Part;P
O,I-Alinea,à,1,612,1008,Helvetica,#000,230,236,344,355,344,15,P,Part;P
O,I-Alinea,la,1,612,1008,Helvetica,#000,240,248,344,355,344,15,P,Part;P
O,I-Alinea,fin,1,612,1008,Helvetica,#000,252,264,344,355,344,15,P,Part;P
O,I-Alinea,d’un,1,612,1008,Arial,#000,267,288,344,355,344,15,P,Part;P
O,I-Alinea,article,1,612,1008,Arial,#000,292,321,344,355,344,15,P,Part;P
O,I-Alinea,indique,1,612,1008,Arial,#000,325,360,344,355,344,15,P,Part;P
O,I-Alinea,que,1,612,1008,Arial,#000,364,382,344,355,344,15,P,Part;P
O,I-Alinea,ce,1,612,1008,Arial,#000,386,397,344,355,344,15,P,Part;P
O,I-Alinea,dernier,1,612,1008,Arial,#000,401,435,344,355,344,15,P,Part;P
O,I-Alinea,a,1,612,1008,Arial,#000,439,445,344,355,344,15,P,Part;P
O,I-Alinea,fait,1,612,1008,Arial,#000,449,463,344,355,344,15,P,Part;P
O,I-Alinea,l’objet,1,612,1008,Arial,#000,467,496,344,355,344,15,P,Part;P
O,I-Alinea,d'une,1,612,1008,Arial,#000,499,526,344,355,344,15,P,Part;P
O,I-Alinea,ou,1,612,1008,Helvetica,#000,87,99,357,368,357,15,P,Part;P
O,I-Alinea,plusieurs,1,612,1008,Helvetica,#000,102,146,357,368,357,15,P,Part;P
O,I-Alinea,modifications,1,612,1008,Helvetica,#000,149,214,357,368,357,15,P,Part;P
O,I-Alinea,dont,1,612,1008,Helvetica,#000,217,238,357,368,357,15,P,Part;P
O,I-Alinea,la,1,612,1008,Helvetica,#000,241,250,357,368,357,15,P,Part;P
O,I-Alinea,référence,1,612,1008,Helvetica,#000,253,300,357,368,357,15,P,Part;P
O,I-Alinea,est,1,612,1008,Helvetica,#000,303,318,357,368,357,15,P,Part;P
O,I-Alinea,alors,1,612,1008,Helvetica,#000,321,345,357,368,357,15,P,Part;P
O,I-Alinea,précisée.,1,612,1008,Helvetica,#000,348,392,357,368,357,15,P,Part;P
B-Titre,B-Titre,RÈGLEMENT,1,612,1008,Helvetica-Bold,#000,87,156,408,419,408,19,P,Part;P
I-Titre,I-Titre,1176-2012,1,612,1008,Helvetica-Bold,#000,159,211,408,419,408,19,P,Part;P
I-Titre,B-Alinea,CONCERNANT,1,612,1008,Helvetica-Bold,#f00,108,186,434,445,434,21,P,Part;P
I-Titre,I-Alinea,LES,1,612,1008,Helvetica-Bold,#f00,189,210,434,445,434,21,P,Part;P
I-Titre,I-Alinea,VENTES,1,612,1008,Helvetica-Bold,#f00,213,257,434,445,434,21,P,Part;P
I-Titre,I-Alinea,DE,1,612,1008,Helvetica-Bold,#f00,260,275,434,445,434,21,P,Part;P
I-Titre,I-Alinea,GARAGES,1,612,1008,Helvetica-Bold,#f00,278,333,434,445,434,21,P,Part;P
I-Titre,I-Alinea,ET,1,612,1008,Helvetica-Bold,#f00,337,351,434,445,434,21,P,Part;P
I-Titre,I-Alinea,LES,1,612,1008,Helvetica-Bold,#f00,354,375,434,445,434,21,P,Part;P
I-Titre,I-Alinea,BAZARS,1,612,1008,Helvetica-Bold,#f00,378,423,434,445,434,21,P,Part;P
I-Titre,I-Alinea,SUR,1,612,1008,Helvetica-Bold,#f00,426,449,434,445,434,21,P,Part;P
I-Titre,I-Alinea,LE,1,612,1008,Helvetica-Bold,#f00,452,467,434,445,434,21,P,Part;P
I-Titre,I-Alinea,TERRITOIRE,1,612,1008,Helvetica-Bold,#f00,108,175,447,458,447,21,P,Part;P
I-Titre,I-Alinea,DE,1,612,1008,Helvetica-Bold,#f00,178,193,447,458,447,21,P,Part;P
I-Titre,I-Alinea,LA,1,612,1008,Helvetica-Bold,#f00,196,211,447,458,447,21,P,Part;P
I-Titre,I-Alinea,VILLE,1,612,1008,Helvetica-Bold,#f00,213,245,447,458,447,21,P,Part;P
I-Titre,I-Alinea,DE,1,612,1008,Helvetica-Bold,#f00,248,263,447,458,447,21,P,Part;P
I-Titre,I-Alinea,SAINTE-ADÈLE,1,612,1008,Helvetica-Bold,#f00,266,347,447,458,447,21,P,Part;P
O,B-Alinea,Règlement,1,612,1008,Helvetica,#000,87,140,498,509,498,25,P,Part;P
B-Numero,I-Alinea,"1176-2012,",1,612,1008,Helvetica,#000,143,199,498,509,498,25,P,Part;P
O,I-Alinea,adopté,1,612,1008,Helvetica,#000,202,236,498,509,498,25,P,Part;P
O,I-Alinea,le,1,612,1008,Helvetica,#000,239,247,498,509,498,25,P,Part;P
O,I-Alinea,15,1,612,1008,Helvetica,#000,251,263,498,509,498,25,P,Part;P
O,I-Alinea,octobre,1,612,1008,Helvetica,#000,266,303,498,509,498,25,P,Part;P
O,I-Alinea,"2012,",1,612,1008,Helvetica,#000,306,333,498,509,498,25,P,Part;P
O,I-Alinea,entré,1,612,1008,Helvetica,#000,337,362,498,509,498,25,P,Part;P
O,I-Alinea,en,1,612,1008,Helvetica,#000,365,377,498,509,498,25,P,Part;P
O,I-Alinea,vigueur,1,612,1008,Helvetica,#000,380,416,498,509,498,25,P,Part;P
O,I-Alinea,le,1,612,1008,Helvetica,#000,420,428,498,509,498,25,P,Part;P
O,I-Alinea,24,1,612,1008,Helvetica,#000,431,444,498,509,498,25,P,Part;P
O,I-Alinea,octobre,1,612,1008,Helvetica,#000,447,483,498,509,498,25,P,Part;P
O,I-Alinea,2012,1,612,1008,Helvetica,#000,487,511,498,509,498,25,P,Part;P
O,B-Alinea,Amendé,1,612,1008,Helvetica,#000,87,128,524,535,524,27,P,Part;P
O,I-Alinea,par,1,612,1008,Helvetica,#000,131,147,524,535,524,27,P,Part;P
O,I-Alinea,les,1,612,1008,Helvetica,#000,150,164,524,535,524,27,P,Part;P
O,I-Alinea,règlements,1,612,1008,Helvetica,#000,167,222,524,535,524,27,P,Part;P
O,I-Alinea,suivants,1,612,1008,Helvetica,#000,225,265,524,535,524,27,P,Part;P
O,I-Alinea,:,1,612,1008,Helvetica,#000,268,271,524,535,524,27,P,Part;P
O,B-Liste,,1,612,1008,Symbol,#000,90,95,550,561,550,29,P,Part;L;LI;LBody
O,I-Liste,"1176-1,",1,612,1008,Helvetica,#000,108,145,550,561,550,29,P,Part;L;LI;LBody
O,I-Liste,adopté,1,612,1008,Helvetica,#000,149,182,550,561,550,29,P,Part;L;LI;LBody
O,I-Liste,le,1,612,1008,Helvetica,#000,185,194,550,561,550,29,P,Part;L;LI;LBody
O,I-Liste,15,1,612,1008,Helvetica,#000,197,209,550,561,550,29,P,Part;L;LI;LBody
O,I-Liste,juillet,1,612,1008,Helvetica,#000,212,237,550,561,550,29,P,Part;L;LI;LBody
O,I-Liste,"2013,",1,612,1008,Helvetica,#000,241,268,550,561,550,29,P,Part;L;LI;LBody
O,I-Liste,entré,1,612,1008,Helvetica,#000,271,297,550,561,550,29,P,Part;L;LI;LBody
O,I-Liste,en,1,612,1008,Helvetica,#000,300,312,550,561,550,29,P,Part;L;LI;LBody
O,I-Liste,vigueur,1,612,1008,Helvetica,#000,315,351,550,561,550,29,P,Part;L;LI;LBody
O,I-Liste,le,1,612,1008,Helvetica,#000,354,363,550,561,550,29,P,Part;L;LI;LBody
O,I-Liste,24,1,612,1008,Helvetica,#000,366,378,550,561,550,29,P,Part;L;LI;LBody
O,I-Liste,juillet,1,612,1008,Helvetica,#000,381,406,550,561,550,29,P,Part;L;LI;LBody
O,I-Liste,2013,1,612,1008,Helvetica,#000,410,434,550,561,550,29,P,Part;L;LI;LBody
O,I-Liste,;,1,612,1008,Helvetica,#000,437,440,550,561,550,29,P,Part;L;LI;LBody
O,B-Tete,4,4,612,1008,Times New Roman,#000,541,547,38,50,3062,,Artifact,
O,B-Titre,TITRE,4,612,1008,"ABCDEE+Verdana,Bold",#000,108,138,138,147,3162,6,P,Part;P
O,I-Titre,III,4,612,1008,"ABCDEE+Verdana,Bold",#000,141,156,138,147,3162,6,P,Part;P
O,I-Titre,INFRACTIONS,4,612,1008,ABCDEE+Verdana,#000,108,171,149,158,3173,7,P,Part;P
O,I-Titre,ET,4,612,1008,ABCDEE+Verdana,#000,174,186,149,158,3173,7,P,Part;P
O,I-Titre,PEINES,4,612,1008,ABCDEE+Verdana,#000,189,222,149,158,3173,7,P,Part;P
O,B-Article,Infractions,4,612,1008,ABCDEE+Verdana,#000,108,156,171,180,3195,9,P,Part;P
O,I-Article,12.,4,612,1008,"ABCDEE+Verdana,Bold",#000,108,124,182,191,3206,10,P,Part;L;LI;LBody
O,B-Alinea,Constitue,4,612,1008,ABCDEE+Verdana,#000,129,172,182,191,3206,10,P,Part;L;LI;LBody
O,I-Alinea,une,4,612,1008,ABCDEE+Verdana,#000,177,194,182,191,3206,10,P,Part;L;LI;LBody
O,I-Alinea,infraction,4,612,1008,ABCDEE+Verdana,#000,198,241,182,191,3206,10,P,Part;L;LI;LBody
O,I-Alinea,au,4,612,1008,ABCDEE+Verdana,#000,246,257,182,191,3206,10,P,Part;L;LI;LBody
O,I-Alinea,présent,4,612,1008,ABCDEE+Verdana,#000,262,296,182,191,3206,10,P,Part;L;LI;LBody
O,I-Alinea,règlement,4,612,1008,ABCDEE+Verdana,#000,300,347,182,191,3206,10,P,Part;L;LI;LBody
O,I-Alinea,et,4,612,1008,ABCDEE+Verdana,#000,351,360,182,191,3206,10,P,Part;L;LI;LBody
O,I-Alinea,est,4,612,1008,ABCDEE+Verdana,#000,365,379,182,191,3206,10,P,Part;L;LI;LBody
O,I-Alinea,interdit,4,612,1008,ABCDEE+Verdana,#000,384,416,182,191,3206,10,P,Part;L;LI;LBody
O,I-Alinea,le,4,612,1008,ABCDEE+Verdana,#000,421,429,182,191,3206,10,P,Part;L;LI;LBody
O,I-Alinea,"fait,",4,612,1008,ABCDEE+Verdana,#000,434,452,182,191,3206,10,P,Part;L;LI;LBody
O,I-Alinea,pour,4,612,1008,ABCDEE+Verdana,#000,456,477,182,191,3206,10,P,Part;L;LI;LBody
O,I-Alinea,"quiconque,",4,612,1008,ABCDEE+Verdana,#000,482,532,182,191,3206,10,P,Part;L;LI;LBody
O,I-Alinea,de,4,612,1008,ABCDEE+Verdana,#000,536,547,182,191,3206,10,P,Part;L;LI;LBody
O,I-Alinea,"tenir,",4,612,1008,ABCDEE+Verdana,#000,129,154,193,202,3217,10,P,Part;L;LI;LBody
O,I-Alinea,autoriser,4,612,1008,ABCDEE+Verdana,#000,158,199,193,202,3217,10,P,Part;L;LI;LBody
O,I-Alinea,ou,4,612,1008,ABCDEE+Verdana,#000,203,215,193,202,3217,10,P,Part;L;LI;LBody
O,I-Alinea,tolérer,4,612,1008,ABCDEE+Verdana,#000,219,249,193,202,3217,10,P,Part;L;LI;LBody
O,I-Alinea,une,4,612,1008,ABCDEE+Verdana,#000,254,270,193,202,3217,10,P,Part;L;LI;LBody
O,I-Alinea,vente,4,612,1008,ABCDEE+Verdana,#000,275,300,193,202,3217,10,P,Part;L;LI;LBody
O,I-Alinea,de,4,612,1008,ABCDEE+Verdana,#000,305,316,193,202,3217,10,P,Part;L;LI;LBody
O,I-Alinea,garage,4,612,1008,ABCDEE+Verdana,#000,320,352,193,202,3217,10,P,Part;L;LI;LBody
O,I-Alinea,ou,4,612,1008,ABCDEE+Verdana,#000,356,367,193,202,3217,10,P,Part;L;LI;LBody
O,I-Alinea,un,4,612,1008,ABCDEE+Verdana,#000,372,383,193,202,3217,10,P,Part;L;LI;LBody
O,I-Alinea,bazar,4,612,1008,ABCDEE+Verdana,#000,388,413,193,202,3217,10,P,Part;L;LI;LBody
O,I-Alinea,en,4,612,1008,ABCDEE+Verdana,#000,417,428,193,202,3217,10,P,Part;L;LI;LBody
O,I-Alinea,contravention,4,612,1008,ABCDEE+Verdana,#000,433,495,193,202,3217,10,P,Part;L;LI;LBody
O,I-Alinea,à,4,612,1008,ABCDEE+Verdana,#000,500,505,193,202,3217,10,P,Part;L;LI;LBody
O,I-Alinea,l’une,4,612,1008,ABCDEE+Verdana,#000,510,531,193,202,3217,10,P,Part;L;LI;LBody
O,I-Alinea,ou,4,612,1008,ABCDEE+Verdana,#000,536,547,193,202,3217,10,P,Part;L;LI;LBody
O,I-Alinea,l’autre,4,612,1008,ABCDEE+Verdana,#000,129,158,204,213,3228,10,P,Part;L;LI;LBody
O,I-Alinea,des,4,612,1008,ABCDEE+Verdana,#000,161,177,204,213,3228,10,P,Part;L;LI;LBody
O,I-Alinea,dispositions,4,612,1008,ABCDEE+Verdana,#000,180,233,204,213,3228,10,P,Part;L;LI;LBody
O,I-Alinea,du,4,612,1008,ABCDEE+Verdana,#000,236,248,204,213,3228,10,P,Part;L;LI;LBody
O,I-Alinea,présent,4,612,1008,ABCDEE+Verdana,#000,251,285,204,213,3228,10,P,Part;L;LI;LBody
O,I-Alinea,règlement.,4,612,1008,ABCDEE+Verdana,#000,288,337,204,213,3228,10,P,Part;L;LI;LBody
O,B-Article,Peines,4,612,1008,ABCDEE+Verdana,#000,108,137,225,234,3249,12,P,Part;P
O,I-Article,13.,4,612,1008,"ABCDEE+Verdana,Bold",#000,108,124,236,245,3260,13,P,Part;L;LI;LBody
O,B-Alinea,Quiconque,4,612,1008,ABCDEE+Verdana,#000,129,177,236,245,3260,13,P,Part;L;LI;LBody
O,I-Alinea,contrevient,4,612,1008,ABCDEE+Verdana,#000,180,231,236,245,3260,13,P,Part;L;LI;LBody
O,I-Alinea,à,4,612,1008,ABCDEE+Verdana,#000,235,240,236,245,3260,13,P,Part;L;LI;LBody
O,I-Alinea,l’une,4,612,1008,ABCDEE+Verdana,#000,243,265,236,245,3260,13,P,Part;L;LI;LBody
O,I-Alinea,ou,4,612,1008,ABCDEE+Verdana,#000,268,279,236,245,3260,13,P,Part;L;LI;LBody
O,I-Alinea,l’autre,4,612,1008,ABCDEE+Verdana,#000,282,311,236,245,3260,13,P,Part;L;LI;LBody
O,I-Alinea,des,4,612,1008,ABCDEE+Verdana,#000,314,330,236,245,3260,13,P,Part;L;LI;LBody
O,I-Alinea,dispositions,4,612,1008,ABCDEE+Verdana,#000,333,386,236,245,3260,13,P,Part;L;LI;LBody
O,I-Alinea,du,4,612,1008,ABCDEE+Verdana,#000,389,401,236,245,3260,13,P,Part;L;LI;LBody
O,I-Alinea,présent,4,612,1008,ABCDEE+Verdana,#000,404,438,236,245,3260,13,P,Part;L;LI;LBody
O,I-Alinea,règlement,4,612,1008,ABCDEE+Verdana,#000,441,487,236,245,3260,13,P,Part;L;LI;LBody
O,I-Alinea,commet,4,612,1008,ABCDEE+Verdana,#000,490,527,236,245,3260,13,P,Part;L;LI;LBody
O,I-Alinea,une,4,612,1008,ABCDEE+Verdana,#000,530,547,236,245,3260,13,P,Part;L;LI;LBody
O,I-Alinea,infraction,4,612,1008,ABCDEE+Verdana,#000,129,172,247,256,3271,13,P,Part;L;LI;LBody
O,I-Alinea,et,4,612,1008,ABCDEE+Verdana,#000,176,185,247,256,3271,13,P,Part;L;LI;LBody
O,I-Alinea,est,4,612,1008,ABCDEE+Verdana,#000,189,202,247,256,3271,13,P,Part;L;LI;LBody
O,I-Alinea,passible,4,612,1008,ABCDEE+Verdana,#000,206,243,247,256,3271,13,P,Part;L;LI;LBody
O,I-Alinea,d’une,4,612,1008,ABCDEE+Verdana,#000,247,272,247,256,3271,13,P,Part;L;LI;LBody
O,I-Alinea,amende,4,612,1008,ABCDEE+Verdana,#000,276,312,247,256,3271,13,P,Part;L;LI;LBody
O,I-Alinea,minimale,4,612,1008,ABCDEE+Verdana,#000,316,357,247,256,3271,13,P,Part;L;LI;LBody
O,I-Alinea,de,4,612,1008,ABCDEE+Verdana,#000,361,372,247,256,3271,13,P,Part;L;LI;LBody
O,I-Alinea,DEUX,4,612,1008,ABCDEE+Verdana,#000,376,401,247,256,3271,13,P,Part;L;LI;LBody
O,I-Alinea,CENTS,4,612,1008,ABCDEE+Verdana,#000,405,436,247,256,3271,13,P,Part;L;LI;LBody
O,I-Alinea,DOLLARS,4,612,1008,ABCDEE+Verdana,#000,440,483,247,256,3271,13,P,Part;L;LI;LBody
O,I-Alinea,(200,4,612,1008,ABCDEE+Verdana,#000,486,508,247,256,3271,13,P,Part;L;LI;LBody
O,I-Alinea,"$),",4,612,1008,ABCDEE+Verdana,#000,512,525,247,256,3271,13,P,Part;L;LI;LBody
O,I-Alinea,plus,4,612,1008,ABCDEE+Verdana,#000,529,547,247,256,3271,13,P,Part;L;LI;LBody
O,I-Alinea,les,4,612,1008,ABCDEE+Verdana,#000,129,142,258,267,3282,13,P,Part;L;LI;LBody
O,I-Alinea,frais.,4,612,1008,ABCDEE+Verdana,#000,145,168,258,267,3282,13,P,Part;L;LI;LBody
O,B-Article,Récidives,4,612,1008,ABCDEE+Verdana,#000,108,150,280,289,3304,15,P,Part;P
O,I-Article,14.,4,612,1008,"ABCDEE+Verdana,Bold",#000,108,124,291,300,3315,16,P,Part;L;LI;LBody
O,B-Alinea,En,4,612,1008,ABCDEE+Verdana,#000,129,141,291,300,3315,16,P,Part;L;LI;LBody
O,I-Alinea,cas,4,612,1008,ABCDEE+Verdana,#000,145,160,291,300,3315,16,P,Part;L;LI;LBody
O,I-Alinea,de,4,612,1008,ABCDEE+Verdana,#000,164,175,291,300,3315,16,P,Part;L;LI;LBody
O,I-Alinea,récidive,4,612,1008,ABCDEE+Verdana,#000,180,215,291,300,3315,16,P,Part;L;LI;LBody
O,I-Alinea,dans,4,612,1008,ABCDEE+Verdana,#000,219,241,291,300,3315,16,P,Part;L;LI;LBody
O,I-Alinea,les,4,612,1008,ABCDEE+Verdana,#000,245,258,291,300,3315,16,P,Part;L;LI;LBody
O,I-Alinea,deux,4,612,1008,ABCDEE+Verdana,#000,262,284,291,300,3315,16,P,Part;L;LI;LBody
O,I-Alinea,ans,4,612,1008,ABCDEE+Verdana,#000,289,304,291,300,3315,16,P,Part;L;LI;LBody
O,I-Alinea,de,4,612,1008,ABCDEE+Verdana,#000,309,320,291,300,3315,16,P,Part;L;LI;LBody
O,I-Alinea,la,4,612,1008,ABCDEE+Verdana,#000,324,332,291,300,3315,16,P,Part;L;LI;LBody
O,I-Alinea,date,4,612,1008,ABCDEE+Verdana,#000,337,357,291,300,3315,16,P,Part;L;LI;LBody
O,I-Alinea,de,4,612,1008,ABCDEE+Verdana,#000,361,372,291,300,3315,16,P,Part;L;LI;LBody
O,I-Alinea,la,4,612,1008,ABCDEE+Verdana,#000,376,384,291,300,3315,16,P,Part;L;LI;LBody
O,I-Alinea,dernière,4,612,1008,ABCDEE+Verdana,#000,389,426,291,300,3315,16,P,Part;L;LI;LBody
O,I-Alinea,"infraction,",4,612,1008,ABCDEE+Verdana,#000,431,477,291,300,3315,16,P,Part;L;LI;LBody
O,I-Alinea,le,4,612,1008,ABCDEE+Verdana,#000,481,489,291,300,3315,16,P,Part;L;LI;LBody
O,I-Alinea,montant,4,612,1008,ABCDEE+Verdana,#000,493,531,291,300,3315,16,P,Part;L;LI;LBody
O,I-Alinea,de,4,612,1008,ABCDEE+Verdana,#000,536,547,291,300,3315,16,P,Part;L;LI;LBody
O,I-Alinea,l’amende,4,612,1008,ABCDEE+Verdana,#000,129,170,302,311,3326,16,P,Part;L;LI;LBody
O,I-Alinea,est,4,612,1008,ABCDEE+Verdana,#000,176,190,302,311,3326,16,P,Part;L;LI;LBody
O,I-Alinea,doublé,4,612,1008,ABCDEE+Verdana,#000,195,225,302,311,3326,16,P,Part;L;LI;LBody
O,I-Alinea,en,4,612,1008,ABCDEE+Verdana,#000,231,242,302,311,3326,16,P,Part;L;LI;LBody
O,I-Alinea,fonction,4,612,1008,ABCDEE+Verdana,#000,247,283,302,311,3326,16,P,Part;L;LI;LBody
O,I-Alinea,du,4,612,1008,ABCDEE+Verdana,#000,289,300,302,311,3326,16,P,Part;L;LI;LBody
O,I-Alinea,dernier,4,612,1008,ABCDEE+Verdana,#000,305,338,302,311,3326,16,P,Part;L;LI;LBody
O,I-Alinea,montant,4,612,1008,ABCDEE+Verdana,#000,343,381,302,311,3326,16,P,Part;L;LI;LBody
O,I-Alinea,"imposé,",4,612,1008,ABCDEE+Verdana,#000,387,422,302,311,3326,16,P,Part;L;LI;LBody
O,I-Alinea,plus,4,612,1008,ABCDEE+Verdana,#000,428,446,302,311,3326,16,P,Part;L;LI;LBody
O,I-Alinea,les,4,612,1008,ABCDEE+Verdana,#000,452,464,302,311,3326,16,P,Part;L;LI;LBody
O,I-Alinea,"frais,",4,612,1008,ABCDEE+Verdana,#000,470,493,302,311,3326,16,P,Part;L;LI;LBody
O,I-Alinea,jusqu’à,4,612,1008,ABCDEE+Verdana,#000,498,531,302,311,3326,16,P,Part;L;LI;LBody
O,I-Alinea,un,4,612,1008,ABCDEE+Verdana,#000,536,547,302,311,3326,16,P,Part;L;LI;LBody
O,I-Alinea,maximum,4,612,1008,ABCDEE+Verdana,#000,129,174,313,322,3337,16,P,Part;L;LI;LBody
O,I-Alinea,de,4,612,1008,ABCDEE+Verdana,#000,178,189,313,322,3337,16,P,Part;L;LI;LBody
O,I-Alinea,MILLE,4,612,1008,ABCDEE+Verdana,#000,192,219,313,322,3337,16,P,Part;L;LI;LBody
O,I-Alinea,DOLLARS,4,612,1008,ABCDEE+Verdana,#000,222,264,313,322,3337,16,P,Part;L;LI;LBody
O,I-Alinea,(1,4,612,1008,ABCDEE+Verdana,#000,268,277,313,322,3337,16,P,Part;L;LI;LBody
O,I-Alinea,000,4,612,1008,ABCDEE+Verdana,#000,281,298,313,322,3337,16,P,Part;L;LI;LBody
O,I-Alinea,$).,4,612,1008,ABCDEE+Verdana,#000,301,314,313,322,3337,16,P,Part;L;LI;LBody
O,B-Article,Infractions,4,612,1008,ABCDEE+Verdana,#000,108,156,335,344,3359,18,P,Part;P
O,I-Article,continues,4,612,1008,ABCDEE+Verdana,#000,159,203,335,344,3359,18,P,Part;P
O,I-Article,15.,4,612,1008,"ABCDEE+Verdana,Bold",#000,108,124,346,355,3370,19,P,Part;L;LI;LBody
O,B-Alinea,Les,4,612,1008,ABCDEE+Verdana,#000,129,144,346,355,3370,19,P,Part;L;LI;LBody
O,I-Alinea,infractions,4,612,1008,ABCDEE+Verdana,#000,149,196,346,355,3370,19,P,Part;L;LI;LBody
O,I-Alinea,au,4,612,1008,ABCDEE+Verdana,#000,201,212,346,355,3370,19,P,Part;L;LI;LBody
O,I-Alinea,présent,4,612,1008,ABCDEE+Verdana,#000,216,251,346,355,3370,19,P,Part;L;LI;LBody
O,I-Alinea,règlement,4,612,1008,ABCDEE+Verdana,#000,255,301,346,355,3370,19,P,Part;L;LI;LBody
O,I-Alinea,sont,4,612,1008,ABCDEE+Verdana,#000,306,325,346,355,3370,19,P,Part;L;LI;LBody
O,I-Alinea,des,4,612,1008,ABCDEE+Verdana,#000,330,346,346,355,3370,19,P,Part;L;LI;LBody
O,I-Alinea,infractions,4,612,1008,ABCDEE+Verdana,#000,350,397,346,355,3370,19,P,Part;L;LI;LBody
O,I-Alinea,continues,4,612,1008,ABCDEE+Verdana,#000,402,445,346,355,3370,19,P,Part;L;LI;LBody
O,I-Alinea,qui,4,612,1008,ABCDEE+Verdana,#000,450,463,346,355,3370,19,P,Part;L;LI;LBody
O,I-Alinea,"constituent,",4,612,1008,ABCDEE+Verdana,#000,468,522,346,355,3370,19,P,Part;L;LI;LBody
O,I-Alinea,pour,4,612,1008,ABCDEE+Verdana,#000,526,547,346,355,3370,19,P,Part;L;LI;LBody
O,I-Alinea,chaque,4,612,1008,ABCDEE+Verdana,#000,129,162,357,366,3381,19,P,Part;L;LI;LBody
O,I-Alinea,"jour,",4,612,1008,ABCDEE+Verdana,#000,166,188,357,366,3381,19,P,Part;L;LI;LBody
O,I-Alinea,une,4,612,1008,ABCDEE+Verdana,#000,192,209,357,366,3381,19,P,Part;L;LI;LBody
O,I-Alinea,infraction,4,612,1008,ABCDEE+Verdana,#000,213,256,357,366,3381,19,P,Part;L;LI;LBody
O,I-Alinea,distincte,4,612,1008,ABCDEE+Verdana,#000,260,298,357,366,3381,19,P,Part;L;LI;LBody
O,I-Alinea,et,4,612,1008,ABCDEE+Verdana,#000,303,312,357,366,3381,19,P,Part;L;LI;LBody
O,I-Alinea,une,4,612,1008,ABCDEE+Verdana,#000,316,333,357,366,3381,19,P,Part;L;LI;LBody
O,I-Alinea,amende,4,612,1008,ABCDEE+Verdana,#000,337,373,357,366,3381,19,P,Part;L;LI;LBody
O,I-Alinea,peut,4,612,1008,ABCDEE+Verdana,#000,378,398,357,366,3381,19,P,Part;L;LI;LBody
O,I-Alinea,être,4,612,1008,ABCDEE+Verdana,#000,402,421,357,366,3381,19,P,Part;L;LI;LBody
O,I-Alinea,imposée,4,612,1008,ABCDEE+Verdana,#000,425,463,357,366,3381,19,P,Part;L;LI;LBody
O,I-Alinea,pour,4,612,1008,ABCDEE+Verdana,#000,467,488,357,366,3381,19,P,Part;L;LI;LBody
O,I-Alinea,chaque,4,612,1008,ABCDEE+Verdana,#000,492,524,357,366,3381,19,P,Part;L;LI;LBody
O,I-Alinea,jour,4,612,1008,ABCDEE+Verdana,#000,529,547,357,366,3381,19,P,Part;L;LI;LBody
O,I-Alinea,que,4,612,1008,ABCDEE+Verdana,#000,129,146,367,376,3391,19,P,Part;L;LI;LBody
O,I-Alinea,dure,4,612,1008,ABCDEE+Verdana,#000,149,170,367,376,3391,19,P,Part;L;LI;LBody
O,I-Alinea,l'infraction.,4,612,1008,ABCDEE+Verdana,#000,173,223,367,376,3391,19,P,Part;L;LI;LBody
O,B-Titre,TITRE,4,612,1008,"ABCDEE+Verdana,Bold",#000,108,138,400,409,3424,22,P,Part;P
O,I-Titre,IV,4,612,1008,"ABCDEE+Verdana,Bold",#000,141,153,400,409,3424,22,P,Part;P
O,I-Titre,DISPOSITIONS,4,612,1008,ABCDEE+Verdana,#000,108,176,411,420,3435,23,P,Part;P
O,I-Titre,TRANSITOIRE,4,612,1008,ABCDEE+Verdana,#000,179,242,411,420,3435,23,P,Part;P
O,I-Titre,ET,4,612,1008,ABCDEE+Verdana,#000,245,256,411,420,3435,23,P,Part;P
O,I-Titre,FINALE,4,612,1008,ABCDEE+Verdana,#000,259,292,411,420,3435,23,P,Part;P
O,B-Article,Remplacement,4,612,1008,ABCDEE+Verdana,#000,108,175,433,442,3457,25,P,Part;P
O,I-Article,16.,4,612,1008,"ABCDEE+Verdana,Bold",#000,108,124,444,453,3468,26,P,Part;L;LI;LBody
O,B-Alinea,Le,4,612,1008,ABCDEE+Verdana,#000,129,140,444,453,3468,26,P,Part;L;LI;LBody
O,I-Alinea,présent,4,612,1008,ABCDEE+Verdana,#000,143,177,444,453,3468,26,P,Part;L;LI;LBody
O,I-Alinea,règlement,4,612,1008,ABCDEE+Verdana,#000,180,226,444,453,3468,26,P,Part;L;LI;LBody
O,I-Alinea,remplace,4,612,1008,ABCDEE+Verdana,#000,230,271,444,453,3468,26,P,Part;L;LI;LBody
O,I-Alinea,le,4,612,1008,ABCDEE+Verdana,#000,274,282,444,453,3468,26,P,Part;L;LI;LBody
O,I-Alinea,règlement,4,612,1008,ABCDEE+Verdana,#000,285,331,444,453,3468,26,P,Part;L;LI;LBody
O,I-Alinea,932-1998.,4,612,1008,ABCDEE+Verdana,#000,335,382,444,453,3468,26,P,Part;L;LI;LBody
O,B-Article,Disposition,4,612,1008,ABCDEE+Verdana,#000,108,158,466,475,3490,28,P,Part;P
O,I-Article,transitoire,4,612,1008,ABCDEE+Verdana,#000,161,207,466,475,3490,28,P,Part;P
O,I-Article,17.,4,612,1008,"ABCDEE+Verdana,Bold",#000,108,124,477,486,3501,29,P,Part;L;LI;LBody
O,B-Alinea,Le,4,612,1008,ABCDEE+Verdana,#000,129,140,477,486,3501,29,P,Part;L;LI;LBody
O,I-Alinea,remplacement,4,612,1008,ABCDEE+Verdana,#000,144,209,477,486,3501,29,P,Part;L;LI;LBody
O,I-Alinea,des,4,612,1008,ABCDEE+Verdana,#000,214,229,477,486,3501,29,P,Part;L;LI;LBody
O,I-Alinea,anciennes,4,612,1008,ABCDEE+Verdana,#000,234,279,477,486,3501,29,P,Part;L;LI;LBody
O,I-Alinea,dispositions,4,612,1008,ABCDEE+Verdana,#000,283,336,477,486,3501,29,P,Part;L;LI;LBody
O,I-Alinea,par,4,612,1008,ABCDEE+Verdana,#000,341,356,477,486,3501,29,P,Part;L;LI;LBody
O,I-Alinea,le,4,612,1008,ABCDEE+Verdana,#000,360,368,477,486,3501,29,P,Part;L;LI;LBody
O,I-Alinea,présent,4,612,1008,ABCDEE+Verdana,#000,372,406,477,486,3501,29,P,Part;L;LI;LBody
O,I-Alinea,règlement,4,612,1008,ABCDEE+Verdana,#000,411,457,477,486,3501,29,P,Part;L;LI;LBody
O,I-Alinea,n’affecte,4,612,1008,ABCDEE+Verdana,#000,461,500,477,486,3501,29,P,Part;L;LI;LBody
O,I-Alinea,en,4,612,1008,ABCDEE+Verdana,#000,504,516,477,486,3501,29,P,Part;L;LI;LBody
O,I-Alinea,aucun,4,612,1008,ABCDEE+Verdana,#000,520,547,477,486,3501,29,P,Part;L;LI;LBody
O,I-Alinea,cas,4,612,1008,ABCDEE+Verdana,#000,129,144,488,497,3512,29,P,Part;L;LI;LBody
O,I-Alinea,les,4,612,1008,ABCDEE+Verdana,#000,148,161,488,497,3512,29,P,Part;L;LI;LBody
O,I-Alinea,procédures,4,612,1008,ABCDEE+Verdana,#000,165,215,488,497,3512,29,P,Part;L;LI;LBody
O,I-Alinea,intentées,4,612,1008,ABCDEE+Verdana,#000,220,261,488,497,3512,29,P,Part;L;LI;LBody
O,I-Alinea,sous,4,612,1008,ABCDEE+Verdana,#000,266,286,488,497,3512,29,P,Part;L;LI;LBody
O,I-Alinea,l’empire,4,612,1008,ABCDEE+Verdana,#000,290,327,488,497,3512,29,P,Part;L;LI;LBody
O,I-Alinea,du,4,612,1008,ABCDEE+Verdana,#000,331,342,488,497,3512,29,P,Part;L;LI;LBody
O,I-Alinea,règlement,4,612,1008,ABCDEE+Verdana,#000,346,392,488,497,3512,29,P,Part;L;LI;LBody
O,I-Alinea,ainsi,4,612,1008,ABCDEE+Verdana,#000,396,417,488,497,3512,29,P,Part;L;LI;LBody
O,I-Alinea,"remplacé,",4,612,1008,ABCDEE+Verdana,#000,422,466,488,497,3512,29,P,Part;L;LI;LBody
O,I-Alinea,non,4,612,1008,ABCDEE+Verdana,#000,470,487,488,497,3512,29,P,Part;L;LI;LBody
O,I-Alinea,plus,4,612,1008,ABCDEE+Verdana,#000,491,510,488,497,3512,29,P,Part;L;LI;LBody
O,I-Alinea,que,4,612,1008,ABCDEE+Verdana,#000,514,530,488,497,3512,29,P,Part;L;LI;LBody
O,I-Alinea,les,4,612,1008,ABCDEE+Verdana,#000,535,547,488,497,3512,29,P,Part;L;LI;LBody
O,I-Alinea,infractions,4,612,1008,ABCDEE+Verdana,#000,129,177,498,507,3522,29,P,Part;L;LI;LBody
O,I-Alinea,pour,4,612,1008,ABCDEE+Verdana,#000,181,202,498,507,3522,29,P,Part;L;LI;LBody
O,I-Alinea,lesquelles,4,612,1008,ABCDEE+Verdana,#000,207,251,498,507,3522,29,P,Part;L;LI;LBody
O,I-Alinea,des,4,612,1008,ABCDEE+Verdana,#000,256,272,498,507,3522,29,P,Part;L;LI;LBody
O,I-Alinea,procédures,4,612,1008,ABCDEE+Verdana,#000,277,327,498,507,3522,29,P,Part;L;LI;LBody
O,I-Alinea,n’auraient,4,612,1008,ABCDEE+Verdana,#000,332,377,498,507,3522,29,P,Part;L;LI;LBody
O,I-Alinea,pas,4,612,1008,ABCDEE+Verdana,#000,382,398,498,507,3522,29,P,Part;L;LI;LBody
O,I-Alinea,encore,4,612,1008,ABCDEE+Verdana,#000,403,433,498,507,3522,29,P,Part;L;LI;LBody
O,I-Alinea,été,4,612,1008,ABCDEE+Verdana,#000,438,452,498,507,3522,29,P,Part;L;LI;LBody
O,I-Alinea,intentées,4,612,1008,ABCDEE+Verdana,#000,457,499,498,507,3522,29,P,Part;L;LI;LBody
O,I-Alinea,à,4,612,1008,ABCDEE+Verdana,#000,504,509,498,507,3522,29,P,Part;L;LI;LBody
O,I-Alinea,la,4,612,1008,ABCDEE+Verdana,#000,514,522,498,507,3522,29,P,Part;L;LI;LBody
O,I-Alinea,date,4,612,1008,ABCDEE+Verdana,#000,527,547,498,507,3522,29,P,Part;L;LI;LBody
O,I-Alinea,d’entrée,4,612,1008,ABCDEE+Verdana,#000,129,167,509,518,3533,29,P,Part;L;LI;LBody
O,I-Alinea,en,4,612,1008,ABCDEE+Verdana,#000,171,182,509,518,3533,29,P,Part;L;LI;LBody
O,I-Alinea,vigueur,4,612,1008,ABCDEE+Verdana,#000,186,220,509,518,3533,29,P,Part;L;LI;LBody
O,I-Alinea,du,4,612,1008,ABCDEE+Verdana,#000,224,235,509,518,3533,29,P,Part;L;LI;LBody
O,I-Alinea,présent,4,612,1008,ABCDEE+Verdana,#000,239,273,509,518,3533,29,P,Part;L;LI;LBody
O,I-Alinea,"règlement,",4,612,1008,ABCDEE+Verdana,#000,277,326,509,518,3533,29,P,Part;L;LI;LBody
O,I-Alinea,lesquelles,4,612,1008,ABCDEE+Verdana,#000,330,375,509,518,3533,29,P,Part;L;LI;LBody
O,I-Alinea,pourront,4,612,1008,ABCDEE+Verdana,#000,378,418,509,518,3533,29,P,Part;L;LI;LBody
O,I-Alinea,se,4,612,1008,ABCDEE+Verdana,#000,422,432,509,518,3533,29,P,Part;L;LI;LBody
O,I-Alinea,continuer,4,612,1008,ABCDEE+Verdana,#000,436,478,509,518,3533,29,P,Part;L;LI;LBody
O,I-Alinea,sous,4,612,1008,ABCDEE+Verdana,#000,482,503,509,518,3533,29,P,Part;L;LI;LBody
O,I-Alinea,l’autorité,4,612,1008,ABCDEE+Verdana,#000,506,547,509,518,3533,29,P,Part;L;LI;LBody
O,I-Alinea,du,4,612,1008,ABCDEE+Verdana,#000,129,141,520,529,3544,29,P,Part;L;LI;LBody
O,I-Alinea,règlement,4,612,1008,ABCDEE+Verdana,#000,144,190,520,529,3544,29,P,Part;L;LI;LBody
O,I-Alinea,remplacé,4,612,1008,ABCDEE+Verdana,#000,193,235,520,529,3544,29,P,Part;L;LI;LBody
O,I-Alinea,jusqu’à,4,612,1008,ABCDEE+Verdana,#000,238,270,520,529,3544,29,P,Part;L;LI;LBody
O,I-Alinea,jugement,4,612,1008,ABCDEE+Verdana,#000,274,317,520,529,3544,29,P,Part;L;LI;LBody
O,I-Alinea,final,4,612,1008,ABCDEE+Verdana,#000,320,339,520,529,3544,29,P,Part;L;LI;LBody
O,I-Alinea,et,4,612,1008,ABCDEE+Verdana,#000,342,351,520,529,3544,29,P,Part;L;LI;LBody
O,I-Alinea,exécution.,4,612,1008,ABCDEE+Verdana,#000,354,401,520,529,3544,29,P,Part;L;LI;LBody
O,B-Article,Entrée,4,612,1008,ABCDEE+Verdana,#000,108,137,542,551,3566,31,P,Part;P
O,I-Article,en,4,612,1008,ABCDEE+Verdana,#000,141,152,542,551,3566,31,P,Part;P
O,I-Article,vigueur,4,612,1008,ABCDEE+Verdana,#000,155,189,542,551,3566,31,P,Part;P
O,I-Article,18.,4,612,1008,"ABCDEE+Verdana,Bold",#000,108,124,553,562,3577,32,P,Part;L;LI;LBody
O,B-Alinea,Le,4,612,1008,ABCDEE+Verdana,#000,129,140,553,562,3577,32,P,Part;L;LI;LBody
O,I-Alinea,présent,4,612,1008,ABCDEE+Verdana,#000,143,177,553,562,3577,32,P,Part;L;LI;LBody
O,I-Alinea,règlement,4,612,1008,ABCDEE+Verdana,#000,180,226,553,562,3577,32,P,Part;L;LI;LBody
O,I-Alinea,entrera,4,612,1008,ABCDEE+Verdana,#000,230,263,553,562,3577,32,P,Part;L;LI;LBody
O,I-Alinea,en,4,612,1008,ABCDEE+Verdana,#000,266,277,553,562,3577,32,P,Part;L;LI;LBody
O,I-Alinea,vigueur,4,612,1008,ABCDEE+Verdana,#000,280,314,553,562,3577,32,P,Part;L;LI;LBody
O,I-Alinea,conformément,4,612,1008,ABCDEE+Verdana,#000,317,383,553,562,3577,32,P,Part;L;LI;LBody
O,I-Alinea,à,4,612,1008,ABCDEE+Verdana,#000,386,391,553,562,3577,32,P,Part;L;LI;LBody
O,I-Alinea,la,4,612,1008,ABCDEE+Verdana,#000,395,402,553,562,3577,32,P,Part;L;LI;LBody
O,I-Alinea,loi.,4,612,1008,ABCDEE+Verdana,#000,406,419,553,562,3577,32,P,Part;L;LI;LBody
O,B-Titre,RÉSOLUTION,4,612,1008,"ABCDEE+Verdana,Bold",#000,257,324,597,606,3621,36,P,Part;P
O,I-Titre,NO.,4,612,1008,"ABCDEE+Verdana,Bold",#000,327,346,597,606,3621,36,P,Part;P
O,I-Titre,2012-275,4,612,1008,"ABCDEE+Verdana,Bold",#000,349,398,597,606,3621,36,P,Part;P
O,B-Tableau,IL,4,612,1008,"ABCDEE+Verdana,Bold",#000,108,119,619,628,3643,38,P,Part;P
O,I-Tableau,EST,4,612,1008,"ABCDEE+Verdana,Bold",#000,122,140,619,628,3643,38,P,Part;P
O,I-Tableau,PROPOSÉ,4,612,1008,"ABCDEE+Verdana,Bold",#000,144,192,619,628,3643,38,P,Part;P
O,I-Tableau,PAR,4,612,1008,"ABCDEE+Verdana,Bold",#000,195,215,619,628,3643,38,P,Part;P
O,I-Tableau,LE,4,612,1008,"ABCDEE+Verdana,Bold",#000,219,230,619,628,3643,38,P,Part;P
O,I-Tableau,CONSEILLER:,4,612,1008,"ABCDEE+Verdana,Bold",#000,234,301,619,628,3643,38,P,Part;P
O,I-Tableau,M.,4,612,1008,"ABCDEE+Verdana,Bold",#000,356,368,619,628,3643,38,P,Part;P
O,I-Tableau,Roch,4,612,1008,"ABCDEE+Verdana,Bold",#000,371,396,619,628,3643,38,P,Part;P
O,I-Tableau,Bédard,4,612,1008,"ABCDEE+Verdana,Bold",#000,399,435,619,628,3643,38,P,Part;P
O,I-Tableau,APPUYÉ,4,612,1008,"ABCDEE+Verdana,Bold",#000,108,148,640,649,3664,40,P,Part;P
O,I-Tableau,PAR,4,612,1008,"ABCDEE+Verdana,Bold",#000,151,172,640,649,3664,40,P,Part;P
O,I-Tableau,LA,4,612,1008,"ABCDEE+Verdana,Bold",#000,175,188,640,649,3664,40,P,Part;P
O,I-Tableau,CONSEILLÈRE,4,612,1008,"ABCDEE+Verdana,Bold",#000,191,261,640,649,3664,40,P,Part;P
O,I-Tableau,:,4,612,1008,"ABCDEE+Verdana,Bold",#000,264,268,640,649,3664,40,P,Part;P
O,I-Tableau,Mme,4,612,1008,"ABCDEE+Verdana,Bold",#000,356,380,640,649,3664,40,P,Part;P
O,I-Tableau,Lise,4,612,1008,"ABCDEE+Verdana,Bold",#000,383,403,640,649,3664,40,P,Part;P
O,I-Tableau,Gendron,4,612,1008,"ABCDEE+Verdana,Bold",#000,406,449,640,649,3664,40,P,Part;P
O,I-Tableau,ET,4,612,1008,"ABCDEE+Verdana,Bold",#000,108,120,662,671,3686,42,P,Part;P
O,I-Tableau,RÉSOLU,4,612,1008,"ABCDEE+Verdana,Bold",#000,123,164,662,671,3686,42,P,Part;P
O,I-Tableau,À,4,612,1008,"ABCDEE+Verdana,Bold",#000,167,174,662,671,3686,42,P,Part;P
O,I-Tableau,L'UNANIMITÉ,4,612,1008,"ABCDEE+Verdana,Bold",#000,177,246,662,671,3686,42,P,Part;P
O,B-Alinea,QUE,4,612,1008,ABCDEE+Verdana,#000,108,127,684,693,3708,44,P,Part;P
O,I-Alinea,le,4,612,1008,ABCDEE+Verdana,#000,130,138,684,693,3708,44,P,Part;P
O,I-Alinea,règlement,4,612,1008,ABCDEE+Verdana,#000,141,188,684,693,3708,44,P,Part;P
O,I-Alinea,numéro,4,612,1008,ABCDEE+Verdana,#000,191,226,684,693,3708,44,P,Part;P
B-Numero,I-Alinea,1176-2012,4,612,1008,ABCDEE+Verdana,#000,229,279,684,693,3708,44,P,Part;P
O,I-Alinea,soit,4,612,1008,ABCDEE+Verdana,#000,282,298,684,693,3708,44,P,Part;P
O,I-Alinea,adopté,4,612,1008,ABCDEE+Verdana,#000,301,333,684,693,3708,44,P,Part;P
O,I-Alinea,par,4,612,1008,ABCDEE+Verdana,#000,336,351,684,693,3708,44,P,Part;P
O,I-Alinea,ce,4,612,1008,ABCDEE+Verdana,#000,354,364,684,693,3708,44,P,Part;P
O,I-Alinea,Conseil.,4,612,1008,ABCDEE+Verdana,#000,367,403,684,693,3708,44,P,Part;P
O,B-Tableau,(S),4,612,1008,"ABCDEE+Verdana,Bold",#000,108,126,778,788,3802,52,P,Part;P
O,I-Tableau,Réjean,4,612,1008,"ABCDEE+Verdana,Bold",#000,129,168,778,788,3802,52,P,Part;P
O,I-Tableau,Charbonneau,4,612,1008,"ABCDEE+Verdana,Bold",#000,171,245,778,788,3802,52,P,Part;P
O,I-Tableau,(S),4,612,1008,"ABCDEE+Verdana,Bold",#000,356,374,778,788,3802,52,P,Part;P
O,I-Tableau,Michel,4,612,1008,"ABCDEE+Verdana,Bold",#000,377,413,778,788,3802,52,P,Part;P
O,I-Tableau,Rousseau,4,612,1008,"ABCDEE+Verdana,Bold",#000,416,470,778,788,3802,52,P,Part;P
O,I-Tableau,__________________________,4,612,1008,"ABCDEE+Verdana,Bold",#000,108,292,790,800,3814,53,P,Part;P
O,I-Tableau,__________________________,4,612,1008,"ABCDEE+Verdana,Bold",#000,356,540,790,800,3814,53,P,Part;P
O,I-Tableau,M.,4,612,1008,ABCDEE+Verdana,#000,108,120,802,812,3826,54,P,Part;P
O,I-Tableau,Réjean,4,612,1008,ABCDEE+Verdana,#000,124,158,802,812,3826,54,P,Part;P
O,I-Tableau,"Charbonneau,",4,612,1008,ABCDEE+Verdana,#000,162,232,802,812,3826,54,P,Part;P
O,I-Tableau,Maire,4,612,1008,ABCDEE+Verdana,#000,235,263,802,812,3826,54,P,Part;P
O,I-Tableau,Me,4,612,1008,ABCDEE+Verdana,#000,356,370,802,812,3826,54,P,Part;P
O,I-Tableau,Michel,4,612,1008,ABCDEE+Verdana,#000,373,405,802,812,3826,54,P,Part;P
O,I-Tableau,"Rousseau,",4,612,1008,ABCDEE+Verdana,#000,408,460,802,812,3826,54,P,Part;P
O,I-Tableau,Avocat/greffier,4,612,1008,ABCDEE+Verdana,#000,463,538,802,812,3826,54,P,Part;P
O,B-Titre,DATE,4,612,1008,"ABCDEE+Verdana,Bold",#000,108,138,874,884,3898,60,P,Part;H3
O,I-Titre,D’ENTRÉE,4,612,1008,"ABCDEE+Verdana,Bold",#000,141,196,874,884,3898,60,P,Part;H3
O,I-Titre,EN,4,612,1008,"ABCDEE+Verdana,Bold",#000,200,215,874,884,3898,60,P,Part;H3
O,I-Titre,VIGUEUR,4,612,1008,"ABCDEE+Verdana,Bold",#000,218,270,874,884,3898,60,P,Part;H3
O,I-Titre,:,4,612,1008,"ABCDEE+Verdana,Bold",#000,273,277,874,884,3898,60,P,Part;H3
O,I-Titre,24,4,612,1008,"ABCDEE+Verdana,Bold",#000,320,335,874,884,3898,60,P,Part;H3
O,I-Titre,octobre,4,612,1008,"ABCDEE+Verdana,Bold",#000,338,381,874,884,3898,60,P,Part;H3
O,I-Titre,2012,4,612,1008,"ABCDEE+Verdana,Bold",#000,384,412,874,884,3898,60,P,Part;H3
