sequence,segment,text,page,page_width,page_height,fontname,rgb,x0,x1,top,bottom,doctop,mcid,mctag,tagstack
B-Titre,B-Titre,TITRE,1,612,792,UYGWGJ+Gilroy-Bold,#fff,54,114,641,665,641,0,H1,Document;Sect;H1
I-Titre,I-Titre,10,1,612,792,UYGWGJ+Gilroy-Bold,#fff,120,144,641,665,641,0,H1,Document;Sect;H1
I-Titre,I-Titre,Territoires,1,612,792,UYGWGJ+Gilroy-Bold,#fff,167,280,641,665,641,0,H1,Document;Sect;H1
I-Titre,I-Titre,particuliers,1,612,792,UYGWGJ+Gilroy-Bold,#fff,286,412,641,665,641,0,H1,Document;Sect;H1
B-Titre,B-Tete,PIIA,14,612,792,UYGWGJ+Gilroy-Bold,#e43,54,70,44,53,10340,,Artifact,
I-Titre,I-Tete,TITRE,14,612,792,UYGWGJ+Gilroy-Bold,#e43,444,467,44,53,10340,,Artifact,
I-Titre,I-Tete,10,14,612,792,UYGWGJ+Gilroy-Bold,#e43,469,478,44,53,10340,,Artifact,
I-Titre,I-Tete,–,14,612,792,UYGWGJ+Gilroy-Bold,#e43,481,485,45,52,10341,,Artifact,
I-Titre,I-Tete,Territoires,14,612,792,UYGWGJ+Gilroy-Bold,#e43,487,520,45,52,10341,,Artifact,
I-Titre,I-Tete,particuliers,14,612,792,UYGWGJ+Gilroy-Bold,#e43,522,558,45,52,10341,,Artifact,
O,B-Alinea,"1331,",14,612,792,VFTXUH+Gilroy-Regular,#000,60,75,77,85,10373,1,P,Document;Sect;Table;TR;TH;P
O,I-Alinea,rue,14,612,792,VFTXUH+Gilroy-Regular,#000,78,89,77,85,10373,1,P,Document;Sect;Table;TR;TH;P
O,I-Alinea,Victor,14,612,792,VFTXUH+Gilroy-Regular,#000,91,112,77,85,10373,1,P,Document;Sect;Table;TR;TH;P
O,I-Alinea,"Implantation,",14,612,792,VFTXUH+Gilroy-Regular,#000,229,278,77,85,10373,3,P,Document;Sect;Table;TR;TD;P
O,I-Alinea,volumétrie,14,612,792,VFTXUH+Gilroy-Regular,#000,280,319,77,85,10373,3,P,Document;Sect;Table;TR;TD;P
O,I-Alinea,"1299,",14,612,792,VFTXUH+Gilroy-Regular,#000,60,77,95,103,10391,6,P,Document;Sect;Table;TR;TH;P
O,I-Alinea,rue,14,612,792,VFTXUH+Gilroy-Regular,#000,79,91,95,103,10391,6,P,Document;Sect;Table;TR;TH;P
O,I-Alinea,Louis-Morin,14,612,792,VFTXUH+Gilroy-Regular,#000,93,135,95,103,10391,6,P,Document;Sect;Table;TR;TH;P
O,I-Alinea,"Volumétrie,",14,612,792,VFTXUH+Gilroy-Regular,#000,229,270,95,103,10391,8,P,Document;Sect;Table;TR;TD;P
O,I-Alinea,"ouvertures,",14,612,792,VFTXUH+Gilroy-Regular,#000,272,313,95,103,10391,8,P,Document;Sect;Table;TR;TD;P
O,I-Alinea,"revêtements,",14,612,792,VFTXUH+Gilroy-Regular,#000,315,363,95,103,10391,8,P,Document;Sect;Table;TR;TD;P
O,I-Alinea,galeries,14,612,792,VFTXUH+Gilroy-Regular,#000,365,394,95,103,10391,8,P,Document;Sect;Table;TR;TD;P
O,I-Alinea,"683,",14,612,792,VFTXUH+Gilroy-Regular,#000,60,74,112,120,10408,11,P,Document;Sect;Table;TR;TH;P
O,I-Alinea,rue,14,612,792,VFTXUH+Gilroy-Regular,#000,76,88,112,120,10408,11,P,Document;Sect;Table;TR;TH;P
O,I-Alinea,Louis-Morin,14,612,792,VFTXUH+Gilroy-Regular,#000,90,133,112,120,10408,11,P,Document;Sect;Table;TR;TH;P
O,I-Alinea,"Volumétrie,",14,612,792,VFTXUH+Gilroy-Regular,#000,229,270,112,120,10408,13,P,Document;Sect;Table;TR;TD;P
O,I-Alinea,position,14,612,792,VFTXUH+Gilroy-Regular,#000,272,302,112,120,10408,13,P,Document;Sect;Table;TR;TD;P
O,I-Alinea,des,14,612,792,VFTXUH+Gilroy-Regular,#000,304,317,112,120,10408,13,P,Document;Sect;Table;TR;TD;P
O,I-Alinea,"ouvertures,",14,612,792,VFTXUH+Gilroy-Regular,#000,319,360,112,120,10408,13,P,Document;Sect;Table;TR;TD;P
O,I-Alinea,galerie,14,612,792,VFTXUH+Gilroy-Regular,#000,362,387,112,120,10408,13,P,Document;Sect;Table;TR;TD;P
O,B-Alinea,"1272,",14,612,792,VFTXUH+Gilroy-Regular,#000,60,77,129,138,10425,16,P,Document;Sect;Table;TR;TH;P
O,I-Alinea,rue,14,612,792,VFTXUH+Gilroy-Regular,#000,79,90,129,138,10425,16,P,Document;Sect;Table;TR;TH;P
O,I-Alinea,de,14,612,792,VFTXUH+Gilroy-Regular,#000,92,102,129,138,10425,16,P,Document;Sect;Table;TR;TH;P
O,I-Alinea,la,14,612,792,VFTXUH+Gilroy-Regular,#000,104,111,129,138,10425,16,P,Document;Sect;Table;TR;TH;P
O,I-Alinea,Traverse,14,612,792,VFTXUH+Gilroy-Regular,#000,113,144,129,138,10425,16,P,Document;Sect;Table;TR;TH;P
O,I-Alinea,"Volumétrie,",14,612,792,VFTXUH+Gilroy-Regular,#000,229,270,129,138,10425,18,P,Document;Sect;Table;TR;TD;P
O,I-Alinea,"ouvertures,",14,612,792,VFTXUH+Gilroy-Regular,#000,272,313,129,138,10425,18,P,Document;Sect;Table;TR;TD;P
O,I-Alinea,"revêtements,",14,612,792,VFTXUH+Gilroy-Regular,#000,315,363,129,138,10425,18,P,Document;Sect;Table;TR;TD;P
O,I-Alinea,"tambour,",14,612,792,VFTXUH+Gilroy-Regular,#000,365,399,129,138,10425,18,P,Document;Sect;Table;TR;TD;P
O,I-Alinea,"corniches,",14,612,792,VFTXUH+Gilroy-Regular,#000,401,438,129,138,10425,18,P,Document;Sect;Table;TR;TD;P
O,I-Alinea,ouvrages,14,612,792,VFTXUH+Gilroy-Regular,#000,440,474,129,138,10425,18,P,Document;Sect;Table;TR;TD;P
O,I-Alinea,décoratifs,14,612,792,VFTXUH+Gilroy-Regular,#000,476,514,129,138,10425,18,P,Document;Sect;Table;TR;TD;P
O,I-Alinea,"1276,",14,612,792,VFTXUH+Gilroy-Regular,#000,60,77,147,155,10443,21,P,Document;Sect;Table;TR;TH;P
O,I-Alinea,rue,14,612,792,VFTXUH+Gilroy-Regular,#000,79,90,147,155,10443,21,P,Document;Sect;Table;TR;TH;P
O,I-Alinea,de,14,612,792,VFTXUH+Gilroy-Regular,#000,92,102,147,155,10443,21,P,Document;Sect;Table;TR;TH;P
O,I-Alinea,la,14,612,792,VFTXUH+Gilroy-Regular,#000,104,111,147,155,10443,21,P,Document;Sect;Table;TR;TH;P
O,I-Alinea,Traverse,14,612,792,VFTXUH+Gilroy-Regular,#000,113,144,147,155,10443,21,P,Document;Sect;Table;TR;TH;P
O,I-Alinea,"Volumétrie,",14,612,792,VFTXUH+Gilroy-Regular,#000,229,270,147,155,10443,23,P,Document;Sect;Table;TR;TD;P
O,I-Alinea,"ouvertures,",14,612,792,VFTXUH+Gilroy-Regular,#000,272,313,147,155,10443,23,P,Document;Sect;Table;TR;TD;P
O,I-Alinea,"revêtements,",14,612,792,VFTXUH+Gilroy-Regular,#000,315,363,147,155,10443,23,P,Document;Sect;Table;TR;TD;P
O,I-Alinea,galerie,14,612,792,VFTXUH+Gilroy-Regular,#000,365,391,147,155,10443,23,P,Document;Sect;Table;TR;TD;P
O,I-Alinea,"767,",14,612,792,VFTXUH+Gilroy-Regular,#000,60,74,165,173,10461,26,P,Document;Sect;Table;TR;TH;P
O,I-Alinea,rue,14,612,792,VFTXUH+Gilroy-Regular,#000,76,87,165,173,10461,26,P,Document;Sect;Table;TR;TH;P
O,I-Alinea,Maple,14,612,792,VFTXUH+Gilroy-Regular,#000,89,112,165,173,10461,26,P,Document;Sect;Table;TR;TH;P
O,I-Alinea,"Volumétrie,",14,612,792,VFTXUH+Gilroy-Regular,#000,229,270,165,173,10461,28,P,Document;Sect;Table;TR;TD;P
O,I-Alinea,position,14,612,792,VFTXUH+Gilroy-Regular,#000,272,302,165,173,10461,28,P,Document;Sect;Table;TR;TD;P
O,I-Alinea,des,14,612,792,VFTXUH+Gilroy-Regular,#000,304,317,165,173,10461,28,P,Document;Sect;Table;TR;TD;P
O,I-Alinea,"ouvertures,",14,612,792,VFTXUH+Gilroy-Regular,#000,319,360,165,173,10461,28,P,Document;Sect;Table;TR;TD;P
O,I-Alinea,"revêtements,",14,612,792,VFTXUH+Gilroy-Regular,#000,362,410,165,173,10461,28,P,Document;Sect;Table;TR;TD;P
O,I-Alinea,galerie,14,612,792,VFTXUH+Gilroy-Regular,#000,412,437,165,173,10461,28,P,Document;Sect;Table;TR;TD;P
O,I-Alinea,"794,",14,612,792,VFTXUH+Gilroy-Regular,#000,60,74,182,190,10478,31,P,Document;Sect;Table;TR;TH;P
O,I-Alinea,rue,14,612,792,VFTXUH+Gilroy-Regular,#000,76,88,182,190,10478,31,P,Document;Sect;Table;TR;TH;P
O,I-Alinea,Maple,14,612,792,VFTXUH+Gilroy-Regular,#000,90,113,182,190,10478,31,P,Document;Sect;Table;TR;TH;P
O,I-Alinea,"Volumétrie,",14,612,792,VFTXUH+Gilroy-Regular,#000,229,270,182,190,10478,33,P,Document;Sect;Table;TR;TD;P
O,I-Alinea,"ouvertures,",14,612,792,VFTXUH+Gilroy-Regular,#000,272,313,182,190,10478,33,P,Document;Sect;Table;TR;TD;P
O,I-Alinea,"revêtements,",14,612,792,VFTXUH+Gilroy-Regular,#000,315,363,182,190,10478,33,P,Document;Sect;Table;TR;TD;P
O,I-Alinea,tambour,14,612,792,VFTXUH+Gilroy-Regular,#000,365,397,182,190,10478,33,P,Document;Sect;Table;TR;TD;P
O,I-Alinea,"1324,",14,612,792,VFTXUH+Gilroy-Regular,#000,60,77,200,208,10496,36,P,Document;Sect;Table;TR;TH;P
O,I-Alinea,rue,14,612,792,VFTXUH+Gilroy-Regular,#000,79,91,200,208,10496,36,P,Document;Sect;Table;TR;TH;P
O,I-Alinea,Millette,14,612,792,VFTXUH+Gilroy-Regular,#000,93,120,200,208,10496,36,P,Document;Sect;Table;TR;TH;P
O,I-Alinea,"Volumétrie,",14,612,792,VFTXUH+Gilroy-Regular,#000,229,270,200,208,10496,38,P,Document;Sect;Table;TR;TD;P
O,I-Alinea,"ouvertures,",14,612,792,VFTXUH+Gilroy-Regular,#000,272,313,200,208,10496,38,P,Document;Sect;Table;TR;TD;P
O,I-Alinea,"revêtements,",14,612,792,VFTXUH+Gilroy-Regular,#000,315,363,200,208,10496,38,P,Document;Sect;Table;TR;TD;P
O,I-Alinea,"galeries,",14,612,792,VFTXUH+Gilroy-Regular,#000,365,396,200,208,10496,38,P,Document;Sect;Table;TR;TD;P
O,I-Alinea,couleurs,14,612,792,VFTXUH+Gilroy-Regular,#000,398,429,200,208,10496,38,P,Document;Sect;Table;TR;TD;P
O,I-Alinea,"balcon,",14,612,792,VFTXUH+Gilroy-Regular,#000,431,458,200,208,10496,38,P,Document;Sect;Table;TR;TD;P
O,I-Alinea,toiture,14,612,792,VFTXUH+Gilroy-Regular,#000,460,484,200,208,10496,38,P,Document;Sect;Table;TR;TD;P
O,I-Alinea,"1327,",14,612,792,VFTXUH+Gilroy-Regular,#000,60,77,217,225,10513,41,P,Document;Sect;Table;TR;TH;P
O,I-Alinea,rue,14,612,792,VFTXUH+Gilroy-Regular,#000,79,90,217,225,10513,41,P,Document;Sect;Table;TR;TH;P
O,I-Alinea,Millette,14,612,792,VFTXUH+Gilroy-Regular,#000,92,119,217,225,10513,41,P,Document;Sect;Table;TR;TH;P
O,I-Alinea,"Volumétrie,",14,612,792,VFTXUH+Gilroy-Regular,#000,229,270,217,225,10513,43,P,Document;Sect;Table;TR;TD;P
O,I-Alinea,"ouvertures,",14,612,792,VFTXUH+Gilroy-Regular,#000,272,313,217,225,10513,43,P,Document;Sect;Table;TR;TD;P
O,I-Alinea,"revêtements,",14,612,792,VFTXUH+Gilroy-Regular,#000,315,363,217,225,10513,43,P,Document;Sect;Table;TR;TD;P
O,I-Alinea,tambour,14,612,792,VFTXUH+Gilroy-Regular,#000,365,397,217,225,10513,43,P,Document;Sect;Table;TR;TD;P
O,B-Alinea,"1339,",14,612,792,VFTXUH+Gilroy-Regular,#000,60,77,234,243,10530,46,P,Document;Sect;Table;TR;TH;P
O,I-Alinea,rue,14,612,792,VFTXUH+Gilroy-Regular,#000,79,91,234,243,10530,46,P,Document;Sect;Table;TR;TH;P
O,I-Alinea,Millette,14,612,792,VFTXUH+Gilroy-Regular,#000,93,119,234,243,10530,46,P,Document;Sect;Table;TR;TH;P
O,I-Alinea,"Volumétrie,",14,612,792,VFTXUH+Gilroy-Regular,#000,229,270,234,243,10530,48,P,Document;Sect;Table;TR;TD;P
O,I-Alinea,"ouvertures,",14,612,792,VFTXUH+Gilroy-Regular,#000,272,313,234,243,10530,48,P,Document;Sect;Table;TR;TD;P
O,I-Alinea,"revêtements,",14,612,792,VFTXUH+Gilroy-Regular,#000,315,363,234,243,10530,48,P,Document;Sect;Table;TR;TD;P
O,I-Alinea,"galerie,",14,612,792,VFTXUH+Gilroy-Regular,#000,365,393,234,243,10530,48,P,Document;Sect;Table;TR;TD;P
O,I-Alinea,"garde-corps,",14,612,792,VFTXUH+Gilroy-Regular,#000,394,444,234,243,10530,48,P,Document;Sect;Table;TR;TD;P
O,I-Alinea,lucarnes,14,612,792,VFTXUH+Gilroy-Regular,#000,446,476,234,243,10530,48,P,Document;Sect;Table;TR;TD;P
O,I-Alinea,"570,",14,612,792,VFTXUH+Gilroy-Regular,#000,60,75,252,260,10548,51,P,Document;Sect;Table;TR;TH;P
O,I-Alinea,rue,14,612,792,VFTXUH+Gilroy-Regular,#000,77,88,252,260,10548,51,P,Document;Sect;Table;TR;TH;P
O,I-Alinea,Baulne,14,612,792,VFTXUH+Gilroy-Regular,#000,90,116,252,260,10548,51,P,Document;Sect;Table;TR;TH;P
O,I-Alinea,"Volumétrie,",14,612,792,VFTXUH+Gilroy-Regular,#000,229,270,252,260,10548,53,P,Document;Sect;Table;TR;TD;P
O,I-Alinea,"ouvertures,",14,612,792,VFTXUH+Gilroy-Regular,#000,272,313,252,260,10548,53,P,Document;Sect;Table;TR;TD;P
O,I-Alinea,"revêtements,",14,612,792,VFTXUH+Gilroy-Regular,#000,315,363,252,260,10548,53,P,Document;Sect;Table;TR;TD;P
O,I-Alinea,galerie,14,612,792,VFTXUH+Gilroy-Regular,#000,365,391,252,260,10548,53,P,Document;Sect;Table;TR;TD;P
O,B-Article,10.2.3.1,14,612,792,UYGWGJ+Gilroy-Bold,#e43,54,83,279,288,10575,55,H4,Document;Sect;H4
O,I-Article,Objectifs,14,612,792,UYGWGJ+Gilroy-Bold,#000,89,127,279,288,10575,55,H4,Document;Sect;H4
O,I-Article,et,14,612,792,UYGWGJ+Gilroy-Bold,#000,130,138,279,288,10575,55,H4,Document;Sect;H4
O,I-Article,critères,14,612,792,UYGWGJ+Gilroy-Bold,#000,141,172,279,288,10575,55,H4,Document;Sect;H4
O,I-Article,relatifs,14,612,792,UYGWGJ+Gilroy-Bold,#000,174,204,279,288,10575,55,H4,Document;Sect;H4
O,I-Article,à,14,612,792,UYGWGJ+Gilroy-Bold,#000,206,211,279,288,10575,55,H4,Document;Sect;H4
O,I-Article,la,14,612,792,UYGWGJ+Gilroy-Bold,#000,214,222,279,288,10575,55,H4,Document;Sect;H4
O,I-Article,préservation,14,612,792,UYGWGJ+Gilroy-Bold,#000,224,277,279,288,10575,55,H4,Document;Sect;H4
O,I-Article,des,14,612,792,UYGWGJ+Gilroy-Bold,#000,279,294,279,288,10575,55,H4,Document;Sect;H4
O,I-Article,caractéristiques,14,612,792,UYGWGJ+Gilroy-Bold,#000,297,365,279,288,10575,55,H4,Document;Sect;H4
O,I-Article,des,14,612,792,UYGWGJ+Gilroy-Bold,#000,367,382,279,288,10575,55,H4,Document;Sect;H4
O,I-Article,bâtiments,14,612,792,UYGWGJ+Gilroy-Bold,#000,385,427,279,288,10575,55,H4,Document;Sect;H4
O,I-Article,d’intérêt,14,612,792,UYGWGJ+Gilroy-Bold,#000,430,466,279,288,10575,55,H4,Document;Sect;H4
O,B-Alinea,En,14,612,792,VFTXUH+Gilroy-Regular,#000,54,64,297,306,10593,56,H5,Document;Sect;H5
O,I-Alinea,plus,14,612,792,VFTXUH+Gilroy-Regular,#000,67,84,297,306,10593,56,H5,Document;Sect;H5
O,I-Alinea,des,14,612,792,VFTXUH+Gilroy-Regular,#000,87,102,297,306,10593,56,H5,Document;Sect;H5
O,I-Alinea,objectifs,14,612,792,VFTXUH+Gilroy-Regular,#000,105,140,297,306,10593,56,H5,Document;Sect;H5
O,I-Alinea,et,14,612,792,VFTXUH+Gilroy-Regular,#000,144,152,297,306,10593,56,H5,Document;Sect;H5
O,I-Alinea,critères,14,612,792,VFTXUH+Gilroy-Regular,#000,155,186,297,306,10593,56,H5,Document;Sect;H5
O,I-Alinea,"généraux,",14,612,792,VFTXUH+Gilroy-Regular,#000,189,231,297,306,10593,56,H5,Document;Sect;H5
O,I-Alinea,les,14,612,792,VFTXUH+Gilroy-Regular,#000,234,245,297,306,10593,56,H5,Document;Sect;H5
O,I-Alinea,PIIA,14,612,792,VFTXUH+Gilroy-Regular,#000,248,263,297,306,10593,56,H5,Document;Sect;H5
O,I-Alinea,relatifs,14,612,792,VFTXUH+Gilroy-Regular,#000,266,294,297,306,10593,56,H5,Document;Sect;H5
O,I-Alinea,à,14,612,792,VFTXUH+Gilroy-Regular,#000,297,303,297,306,10593,56,H5,Document;Sect;H5
O,I-Alinea,une,14,612,792,VFTXUH+Gilroy-Regular,#000,306,322,297,306,10593,56,H5,Document;Sect;H5
O,I-Alinea,intervention,14,612,792,VFTXUH+Gilroy-Regular,#000,325,374,297,306,10593,56,H5,Document;Sect;H5
O,I-Alinea,sur,14,612,792,VFTXUH+Gilroy-Regular,#000,377,389,297,306,10593,56,H5,Document;Sect;H5
O,I-Alinea,un,14,612,792,VFTXUH+Gilroy-Regular,#000,392,402,297,306,10593,56,H5,Document;Sect;H5
O,I-Alinea,bâtiment,14,612,792,VFTXUH+Gilroy-Regular,#000,405,443,297,306,10593,56,H5,Document;Sect;H5
O,I-Alinea,visé,14,612,792,VFTXUH+Gilroy-Regular,#000,446,462,297,306,10593,56,H5,Document;Sect;H5
O,I-Alinea,au,14,612,792,VFTXUH+Gilroy-Regular,#000,465,476,297,306,10593,56,H5,Document;Sect;H5
O,I-Alinea,tableau,14,612,792,VFTXUH+Gilroy-Regular,#000,479,512,297,306,10593,56,H5,Document;Sect;H5
O,I-Alinea,précédent,14,612,792,VFTXUH+Gilroy-Regular,#000,515,558,297,306,10593,56,H5,Document;Sect;H5
O,I-Alinea,doivent,14,612,792,VFTXUH+Gilroy-Regular,#000,54,85,310,319,10606,56,H5,Document;Sect;H5
O,I-Alinea,atteindre,14,612,792,VFTXUH+Gilroy-Regular,#000,88,126,310,319,10606,56,H5,Document;Sect;H5
O,I-Alinea,l’objectif,14,612,792,VFTXUH+Gilroy-Regular,#000,129,165,310,319,10606,56,H5,Document;Sect;H5
O,I-Alinea,relatif,14,612,792,VFTXUH+Gilroy-Regular,#000,168,191,310,319,10606,56,H5,Document;Sect;H5
O,I-Alinea,à,14,612,792,VFTXUH+Gilroy-Regular,#000,194,200,310,319,10606,56,H5,Document;Sect;H5
O,I-Alinea,la,14,612,792,VFTXUH+Gilroy-Regular,#000,203,210,310,319,10606,56,H5,Document;Sect;H5
O,I-Alinea,préservation,14,612,792,VFTXUH+Gilroy-Regular,#000,213,265,310,319,10606,56,H5,Document;Sect;H5
O,I-Alinea,des,14,612,792,VFTXUH+Gilroy-Regular,#000,268,283,310,319,10606,56,H5,Document;Sect;H5
O,I-Alinea,caractéristiques,14,612,792,VFTXUH+Gilroy-Regular,#000,286,353,310,319,10606,56,H5,Document;Sect;H5
O,I-Alinea,des,14,612,792,VFTXUH+Gilroy-Regular,#000,356,371,310,319,10606,56,H5,Document;Sect;H5
O,I-Alinea,bâtiments,14,612,792,VFTXUH+Gilroy-Regular,#000,374,416,310,319,10606,56,H5,Document;Sect;H5
O,I-Alinea,"d’intérêt,",14,612,792,VFTXUH+Gilroy-Regular,#000,419,456,310,319,10606,56,H5,Document;Sect;H5
O,I-Alinea,évalués,14,612,792,VFTXUH+Gilroy-Regular,#000,459,490,310,319,10606,56,H5,Document;Sect;H5
O,I-Alinea,en,14,612,792,VFTXUH+Gilroy-Regular,#000,493,503,310,319,10606,56,H5,Document;Sect;H5
O,I-Alinea,fonction,14,612,792,VFTXUH+Gilroy-Regular,#000,506,540,310,319,10606,56,H5,Document;Sect;H5
O,I-Alinea,des,14,612,792,VFTXUH+Gilroy-Regular,#000,543,558,310,319,10606,56,H5,Document;Sect;H5
O,I-Alinea,"critères,",14,612,792,VFTXUH+Gilroy-Regular,#000,54,87,322,331,10618,56,H5,Document;Sect;H5
O,I-Alinea,tels,14,612,792,VFTXUH+Gilroy-Regular,#000,89,103,322,331,10618,56,H5,Document;Sect;H5
O,I-Alinea,qu’énoncés,14,612,792,VFTXUH+Gilroy-Regular,#000,106,154,322,331,10618,56,H5,Document;Sect;H5
O,I-Alinea,au,14,612,792,VFTXUH+Gilroy-Regular,#000,156,167,322,331,10618,56,H5,Document;Sect;H5
O,I-Alinea,tableau,14,612,792,VFTXUH+Gilroy-Regular,#000,169,202,322,331,10618,56,H5,Document;Sect;H5
O,I-Alinea,suivant:,14,612,792,VFTXUH+Gilroy-Regular,#000,204,238,322,331,10618,56,H5,Document;Sect;H5
O,B-Titre,Tableau,14,612,792,UYGWGJ+Gilroy-Bold,#000,54,88,341,350,10637,59,LBody,Document;Sect;L;LI;LBody
O,I-Titre,10.8.,14,612,792,UYGWGJ+Gilroy-Bold,#000,91,110,341,350,10637,59,LBody,Document;Sect;L;LI;LBody
O,I-Titre,Objectif,14,612,792,VFTXUH+Gilroy-Regular,#000,118,148,342,350,10638,59,LBody,Document;Sect;L;LI;LBody
O,I-Titre,et,14,612,792,VFTXUH+Gilroy-Regular,#000,150,157,342,350,10638,59,LBody,Document;Sect;L;LI;LBody
O,I-Titre,critères,14,612,792,VFTXUH+Gilroy-Regular,#000,159,186,342,350,10638,59,LBody,Document;Sect;L;LI;LBody
O,I-Titre,relatifs,14,612,792,VFTXUH+Gilroy-Regular,#000,188,213,342,350,10638,59,LBody,Document;Sect;L;LI;LBody
O,I-Titre,aux,14,612,792,VFTXUH+Gilroy-Regular,#000,215,229,342,350,10638,59,LBody,Document;Sect;L;LI;LBody
O,I-Titre,b,14,612,792,VFTXUH+Gilroy-Regular,#000,231,236,342,350,10638,59,LBody,Document;Sect;L;LI;LBody
O,I-Titre,âtiments,14,612,792,VFTXUH+Gilroy-Regular,#000,236,268,342,350,10638,59,LBody,Document;Sect;L;LI;LBody
O,I-Titre,d’intérêt,14,612,792,VFTXUH+Gilroy-Regular,#000,270,301,342,350,10638,59,LBody,Document;Sect;L;LI;LBody
O,B-Titre,Objectif,14,612,792,VFTXUH+Gilroy-Regular,#fff,60,89,362,370,10658,133,P,Document;Sect;Table;TR;TH;P
O,B-Alinea,Favoriser,14,612,792,VFTXUH+Gilroy-Regular,#000,60,93,382,390,10678,69,P,Document;Sect;Table;TR;TH;P
O,I-Alinea,la,14,612,792,VFTXUH+Gilroy-Regular,#000,95,101,382,390,10678,69,P,Document;Sect;Table;TR;TH;P
O,I-Alinea,préservation,14,612,792,VFTXUH+Gilroy-Regular,#000,103,150,382,390,10678,69,P,Document;Sect;Table;TR;TH;P
O,I-Alinea,de,14,612,792,VFTXUH+Gilroy-Regular,#000,152,162,382,390,10678,69,P,Document;Sect;Table;TR;TH;P
O,I-Alinea,l’intégrité,14,612,792,VFTXUH+Gilroy-Regular,#000,163,198,382,390,10678,69,P,Document;Sect;Table;TR;TH;P
O,I-Alinea,architecturale,14,612,792,VFTXUH+Gilroy-Regular,#000,200,251,382,390,10678,69,P,Document;Sect;Table;TR;TH;P
O,I-Alinea,d’origine,14,612,792,VFTXUH+Gilroy-Regular,#000,253,285,382,390,10678,69,P,Document;Sect;Table;TR;TH;P
O,I-Alinea,:,14,612,792,VFTXUH+Gilroy-Regular,#000,287,289,382,390,10678,69,P,Document;Sect;Table;TR;TH;P
O,I-Alinea,dans,14,612,792,VFTXUH+Gilroy-Regular,#000,291,309,382,390,10678,69,P,Document;Sect;Table;TR;TH;P
O,I-Alinea,le,14,612,792,VFTXUH+Gilroy-Regular,#000,311,318,382,390,10678,69,P,Document;Sect;Table;TR;TH;P
O,I-Alinea,cas,14,612,792,VFTXUH+Gilroy-Regular,#000,320,333,382,390,10678,69,P,Document;Sect;Table;TR;TH;P
O,I-Alinea,où,14,612,792,VFTXUH+Gilroy-Regular,#000,335,344,382,390,10678,69,P,Document;Sect;Table;TR;TH;P
O,I-Alinea,cette,14,612,792,VFTXUH+Gilroy-Regular,#000,346,366,382,390,10678,69,P,Document;Sect;Table;TR;TH;P
O,I-Alinea,intégrité,14,612,792,VFTXUH+Gilroy-Regular,#000,368,399,382,390,10678,69,P,Document;Sect;Table;TR;TH;P
O,I-Alinea,aurait,14,612,792,VFTXUH+Gilroy-Regular,#000,401,422,382,390,10678,69,P,Document;Sect;Table;TR;TH;P
O,I-Alinea,été,14,612,792,VFTXUH+Gilroy-Regular,#000,424,437,382,390,10678,69,P,Document;Sect;Table;TR;TH;P
O,I-Alinea,"compromise,",14,612,792,VFTXUH+Gilroy-Regular,#000,439,486,382,390,10678,69,P,Document;Sect;Table;TR;TH;P
O,I-Alinea,l’intervention,14,612,792,VFTXUH+Gilroy-Regular,#000,488,535,382,390,10678,69,P,Document;Sect;Table;TR;TH;P
O,I-Alinea,devrait,14,612,792,VFTXUH+Gilroy-Regular,#000,60,86,393,402,10689,69,P,Document;Sect;Table;TR;TH;P
O,I-Alinea,tendre,14,612,792,VFTXUH+Gilroy-Regular,#000,88,112,393,402,10689,69,P,Document;Sect;Table;TR;TH;P
O,I-Alinea,à,14,612,792,VFTXUH+Gilroy-Regular,#000,114,119,393,402,10689,69,P,Document;Sect;Table;TR;TH;P
O,I-Alinea,retrouver,14,612,792,VFTXUH+Gilroy-Regular,#000,121,154,393,402,10689,69,P,Document;Sect;Table;TR;TH;P
O,I-Alinea,la,14,612,792,VFTXUH+Gilroy-Regular,#000,156,163,393,402,10689,69,P,Document;Sect;Table;TR;TH;P
O,I-Alinea,composition,14,612,792,VFTXUH+Gilroy-Regular,#000,165,211,393,402,10689,69,P,Document;Sect;Table;TR;TH;P
O,I-Alinea,architecturale,14,612,792,VFTXUH+Gilroy-Regular,#000,212,264,393,402,10689,69,P,Document;Sect;Table;TR;TH;P
O,I-Alinea,d’origine.,14,612,792,VFTXUH+Gilroy-Regular,#000,266,300,393,402,10689,69,P,Document;Sect;Table;TR;TH;P
O,B-Titre,Critères,14,612,792,VFTXUH+Gilroy-Regular,#fff,60,88,414,422,10710,134,P,Document;Sect;Table;TR;TH;P
O,B-Liste,1.,14,612,792,VFTXUH+Gilroy-Regular,#000,60,64,432,440,10728,81,LBody,Document;Sect;Table;TR;TH;L;LI;LBody
O,I-Liste,Les,14,612,792,VFTXUH+Gilroy-Regular,#000,78,90,432,440,10728,81,LBody,Document;Sect;Table;TR;TH;L;LI;LBody
O,I-Liste,ornements,14,612,792,VFTXUH+Gilroy-Regular,#000,92,131,432,440,10728,81,LBody,Document;Sect;Table;TR;TH;L;LI;LBody
O,I-Liste,sont,14,612,792,VFTXUH+Gilroy-Regular,#000,133,149,432,440,10728,81,LBody,Document;Sect;Table;TR;TH;L;LI;LBody
O,I-Liste,préservés,14,612,792,VFTXUH+Gilroy-Regular,#000,151,186,432,440,10728,81,LBody,Document;Sect;Table;TR;TH;L;LI;LBody
O,I-Liste,et,14,612,792,VFTXUH+Gilroy-Regular,#000,188,196,432,440,10728,81,LBody,Document;Sect;Table;TR;TH;L;LI;LBody
O,I-Liste,restaurés.,14,612,792,VFTXUH+Gilroy-Regular,#000,198,234,432,440,10728,81,LBody,Document;Sect;Table;TR;TH;L;LI;LBody
O,I-Liste,Si,14,612,792,VFTXUH+Gilroy-Regular,#000,236,242,432,440,10728,81,LBody,Document;Sect;Table;TR;TH;L;LI;LBody
O,I-Liste,leur,14,612,792,VFTXUH+Gilroy-Regular,#000,244,258,432,440,10728,81,LBody,Document;Sect;Table;TR;TH;L;LI;LBody
O,I-Liste,restauration,14,612,792,VFTXUH+Gilroy-Regular,#000,260,304,432,440,10728,81,LBody,Document;Sect;Table;TR;TH;L;LI;LBody
O,I-Liste,est,14,612,792,VFTXUH+Gilroy-Regular,#000,306,318,432,440,10728,81,LBody,Document;Sect;Table;TR;TH;L;LI;LBody
O,I-Liste,"impossible,",14,612,792,VFTXUH+Gilroy-Regular,#000,320,360,432,440,10728,81,LBody,Document;Sect;Table;TR;TH;L;LI;LBody
O,I-Liste,le,14,612,792,VFTXUH+Gilroy-Regular,#000,362,369,432,440,10728,81,LBody,Document;Sect;Table;TR;TH;L;LI;LBody
O,I-Liste,remplacement,14,612,792,VFTXUH+Gilroy-Regular,#000,371,425,432,440,10728,81,LBody,Document;Sect;Table;TR;TH;L;LI;LBody
O,I-Liste,d’un,14,612,792,VFTXUH+Gilroy-Regular,#000,426,442,432,440,10728,81,LBody,Document;Sect;Table;TR;TH;L;LI;LBody
O,I-Liste,ornement,14,612,792,VFTXUH+Gilroy-Regular,#000,444,480,432,440,10728,81,LBody,Document;Sect;Table;TR;TH;L;LI;LBody
O,I-Liste,respecte,14,612,792,VFTXUH+Gilroy-Regular,#000,482,515,432,440,10728,81,LBody,Document;Sect;Table;TR;TH;L;LI;LBody
O,I-Liste,les,14,612,792,VFTXUH+Gilroy-Regular,#000,516,526,432,440,10728,81,LBody,Document;Sect;Table;TR;TH;L;LI;LBody
O,I-Liste,caractéristiques,14,612,792,VFTXUH+Gilroy-Regular,#000,78,137,443,451,10739,81,LBody,Document;Sect;Table;TR;TH;L;LI;LBody
O,I-Liste,d’origine,14,612,792,VFTXUH+Gilroy-Regular,#000,139,171,443,451,10739,81,LBody,Document;Sect;Table;TR;TH;L;LI;LBody
O,I-Liste,"(type,",14,612,792,VFTXUH+Gilroy-Regular,#000,173,194,443,451,10739,81,LBody,Document;Sect;Table;TR;TH;L;LI;LBody
O,I-Liste,"dimensions,",14,612,792,VFTXUH+Gilroy-Regular,#000,196,239,443,451,10739,81,LBody,Document;Sect;Table;TR;TH;L;LI;LBody
O,I-Liste,"matériaux,",14,612,792,VFTXUH+Gilroy-Regular,#000,241,280,443,451,10739,81,LBody,Document;Sect;Table;TR;TH;L;LI;LBody
O,I-Liste,"couleur,",14,612,792,VFTXUH+Gilroy-Regular,#000,282,311,443,451,10739,81,LBody,Document;Sect;Table;TR;TH;L;LI;LBody
O,I-Liste,etc.).,14,612,792,VFTXUH+Gilroy-Regular,#000,313,331,443,451,10739,81,LBody,Document;Sect;Table;TR;TH;L;LI;LBody
O,B-Liste,2.,14,612,792,VFTXUH+Gilroy-Regular,#000,60,66,466,474,10762,89,LBody,Document;Sect;Table;TR;TH;L;LI;LBody
O,I-Liste,Une,14,612,792,VFTXUH+Gilroy-Regular,#000,78,92,466,474,10762,89,LBody,Document;Sect;Table;TR;TH;L;LI;LBody
O,I-Liste,modification,14,612,792,VFTXUH+Gilroy-Regular,#000,94,140,466,474,10762,89,LBody,Document;Sect;Table;TR;TH;L;LI;LBody
O,I-Liste,à,14,612,792,VFTXUH+Gilroy-Regular,#000,142,147,466,474,10762,89,LBody,Document;Sect;Table;TR;TH;L;LI;LBody
O,I-Liste,une,14,612,792,VFTXUH+Gilroy-Regular,#000,149,163,466,474,10762,89,LBody,Document;Sect;Table;TR;TH;L;LI;LBody
O,I-Liste,ouverture,14,612,792,VFTXUH+Gilroy-Regular,#000,165,200,466,474,10762,89,LBody,Document;Sect;Table;TR;TH;L;LI;LBody
O,I-Liste,respecte,14,612,792,VFTXUH+Gilroy-Regular,#000,202,235,466,474,10762,89,LBody,Document;Sect;Table;TR;TH;L;LI;LBody
O,I-Liste,les,14,612,792,VFTXUH+Gilroy-Regular,#000,237,247,466,474,10762,89,LBody,Document;Sect;Table;TR;TH;L;LI;LBody
O,I-Liste,caractéristiques,14,612,792,VFTXUH+Gilroy-Regular,#000,249,308,466,474,10762,89,LBody,Document;Sect;Table;TR;TH;L;LI;LBody
O,I-Liste,d’origine,14,612,792,VFTXUH+Gilroy-Regular,#000,310,342,466,474,10762,89,LBody,Document;Sect;Table;TR;TH;L;LI;LBody
O,I-Liste,"(type,",14,612,792,VFTXUH+Gilroy-Regular,#000,344,365,466,474,10762,89,LBody,Document;Sect;Table;TR;TH;L;LI;LBody
O,I-Liste,"forme,",14,612,792,VFTXUH+Gilroy-Regular,#000,367,390,466,474,10762,89,LBody,Document;Sect;Table;TR;TH;L;LI;LBody
O,I-Liste,"proportions,",14,612,792,VFTXUH+Gilroy-Regular,#000,392,437,466,474,10762,89,LBody,Document;Sect;Table;TR;TH;L;LI;LBody
O,I-Liste,etc.).,14,612,792,VFTXUH+Gilroy-Regular,#000,439,456,466,474,10762,89,LBody,Document;Sect;Table;TR;TH;L;LI;LBody
O,B-Liste,3.,14,612,792,VFTXUH+Gilroy-Regular,#000,60,66,495,503,10791,97,LBody,Document;Sect;Table;TR;TH;L;LI;LBody
O,I-Liste,Une,14,612,792,VFTXUH+Gilroy-Regular,#000,78,92,495,503,10791,97,LBody,Document;Sect;Table;TR;TH;L;LI;LBody
O,I-Liste,modification,14,612,792,VFTXUH+Gilroy-Regular,#000,94,140,495,503,10791,97,LBody,Document;Sect;Table;TR;TH;L;LI;LBody
O,I-Liste,à,14,612,792,VFTXUH+Gilroy-Regular,#000,142,147,495,503,10791,97,LBody,Document;Sect;Table;TR;TH;L;LI;LBody
O,I-Liste,la,14,612,792,VFTXUH+Gilroy-Regular,#000,149,156,495,503,10791,97,LBody,Document;Sect;Table;TR;TH;L;LI;LBody
O,I-Liste,volumétrie,14,612,792,VFTXUH+Gilroy-Regular,#000,158,196,495,503,10791,97,LBody,Document;Sect;Table;TR;TH;L;LI;LBody
O,I-Liste,de,14,612,792,VFTXUH+Gilroy-Regular,#000,198,208,495,503,10791,97,LBody,Document;Sect;Table;TR;TH;L;LI;LBody
O,I-Liste,la,14,612,792,VFTXUH+Gilroy-Regular,#000,210,217,495,503,10791,97,LBody,Document;Sect;Table;TR;TH;L;LI;LBody
O,I-Liste,toiture,14,612,792,VFTXUH+Gilroy-Regular,#000,219,243,495,503,10791,97,LBody,Document;Sect;Table;TR;TH;L;LI;LBody
O,I-Liste,respecte,14,612,792,VFTXUH+Gilroy-Regular,#000,245,278,495,503,10791,97,LBody,Document;Sect;Table;TR;TH;L;LI;LBody
O,I-Liste,les,14,612,792,VFTXUH+Gilroy-Regular,#000,279,289,495,503,10791,97,LBody,Document;Sect;Table;TR;TH;L;LI;LBody
O,I-Liste,caractéristiques,14,612,792,VFTXUH+Gilroy-Regular,#000,291,351,495,503,10791,97,LBody,Document;Sect;Table;TR;TH;L;LI;LBody
O,I-Liste,d’origine,14,612,792,VFTXUH+Gilroy-Regular,#000,353,385,495,503,10791,97,LBody,Document;Sect;Table;TR;TH;L;LI;LBody
O,I-Liste,"(proportions,",14,612,792,VFTXUH+Gilroy-Regular,#000,387,433,495,503,10791,97,LBody,Document;Sect;Table;TR;TH;L;LI;LBody
O,I-Liste,"typologie,",14,612,792,VFTXUH+Gilroy-Regular,#000,435,472,495,503,10791,97,LBody,Document;Sect;Table;TR;TH;L;LI;LBody
O,I-Liste,"pentes,",14,612,792,VFTXUH+Gilroy-Regular,#000,474,502,495,503,10791,97,LBody,Document;Sect;Table;TR;TH;L;LI;LBody
O,I-Liste,etc.).,14,612,792,VFTXUH+Gilroy-Regular,#000,504,522,495,503,10791,97,LBody,Document;Sect;Table;TR;TH;L;LI;LBody
O,B-Liste,4.,14,612,792,VFTXUH+Gilroy-Regular,#000,60,66,524,532,10820,105,LBody,Document;Sect;Table;TR;TH;L;LI;LBody
O,I-Liste,Une,14,612,792,VFTXUH+Gilroy-Regular,#000,78,92,524,532,10820,105,LBody,Document;Sect;Table;TR;TH;L;LI;LBody
O,I-Liste,modification,14,612,792,VFTXUH+Gilroy-Regular,#000,94,140,524,532,10820,105,LBody,Document;Sect;Table;TR;TH;L;LI;LBody
O,I-Liste,aux,14,612,792,VFTXUH+Gilroy-Regular,#000,142,156,524,532,10820,105,LBody,Document;Sect;Table;TR;TH;L;LI;LBody
O,I-Liste,matériaux,14,612,792,VFTXUH+Gilroy-Regular,#000,158,195,524,532,10820,105,LBody,Document;Sect;Table;TR;TH;L;LI;LBody
O,I-Liste,de,14,612,792,VFTXUH+Gilroy-Regular,#000,197,207,524,532,10820,105,LBody,Document;Sect;Table;TR;TH;L;LI;LBody
O,I-Liste,la,14,612,792,VFTXUH+Gilroy-Regular,#000,209,215,524,532,10820,105,LBody,Document;Sect;Table;TR;TH;L;LI;LBody
O,I-Liste,toiture,14,612,792,VFTXUH+Gilroy-Regular,#000,218,242,524,532,10820,105,LBody,Document;Sect;Table;TR;TH;L;LI;LBody
O,I-Liste,respecte,14,612,792,VFTXUH+Gilroy-Regular,#000,244,276,524,532,10820,105,LBody,Document;Sect;Table;TR;TH;L;LI;LBody
O,I-Liste,les,14,612,792,VFTXUH+Gilroy-Regular,#000,278,288,524,532,10820,105,LBody,Document;Sect;Table;TR;TH;L;LI;LBody
O,I-Liste,caractéristiques,14,612,792,VFTXUH+Gilroy-Regular,#000,290,350,524,532,10820,105,LBody,Document;Sect;Table;TR;TH;L;LI;LBody
O,I-Liste,d’origine,14,612,792,VFTXUH+Gilroy-Regular,#000,352,384,524,532,10820,105,LBody,Document;Sect;Table;TR;TH;L;LI;LBody
O,I-Liste,"(type,",14,612,792,VFTXUH+Gilroy-Regular,#000,386,407,524,532,10820,105,LBody,Document;Sect;Table;TR;TH;L;LI;LBody
O,I-Liste,"dimensions,",14,612,792,VFTXUH+Gilroy-Regular,#000,408,451,524,532,10820,105,LBody,Document;Sect;Table;TR;TH;L;LI;LBody
O,I-Liste,"couleur,",14,612,792,VFTXUH+Gilroy-Regular,#000,453,482,524,532,10820,105,LBody,Document;Sect;Table;TR;TH;L;LI;LBody
O,I-Liste,etc.).,14,612,792,VFTXUH+Gilroy-Regular,#000,484,502,524,532,10820,105,LBody,Document;Sect;Table;TR;TH;L;LI;LBody
O,B-Liste,5.,14,612,792,VFTXUH+Gilroy-Regular,#000,60,66,547,555,10843,113,LBody,Document;Sect;Table;TR;TH;L;LI;LBody
O,I-Liste,Un,14,612,792,VFTXUH+Gilroy-Regular,#000,78,87,547,555,10843,113,LBody,Document;Sect;Table;TR;TH;L;LI;LBody
O,I-Liste,matériau,14,612,792,VFTXUH+Gilroy-Regular,#000,89,123,547,555,10843,113,LBody,Document;Sect;Table;TR;TH;L;LI;LBody
O,I-Liste,de,14,612,792,VFTXUH+Gilroy-Regular,#000,125,134,547,555,10843,113,LBody,Document;Sect;Table;TR;TH;L;LI;LBody
O,I-Liste,revêtement,14,612,792,VFTXUH+Gilroy-Regular,#000,136,179,547,555,10843,113,LBody,Document;Sect;Table;TR;TH;L;LI;LBody
O,I-Liste,extérieur,14,612,792,VFTXUH+Gilroy-Regular,#000,181,213,547,555,10843,113,LBody,Document;Sect;Table;TR;TH;L;LI;LBody
O,I-Liste,d’origine,14,612,792,VFTXUH+Gilroy-Regular,#000,215,247,547,555,10843,113,LBody,Document;Sect;Table;TR;TH;L;LI;LBody
O,I-Liste,est,14,612,792,VFTXUH+Gilroy-Regular,#000,249,260,547,555,10843,113,LBody,Document;Sect;Table;TR;TH;L;LI;LBody
O,I-Liste,restauré.,14,612,792,VFTXUH+Gilroy-Regular,#000,262,295,547,555,10843,113,LBody,Document;Sect;Table;TR;TH;L;LI;LBody
O,I-Liste,Si,14,612,792,VFTXUH+Gilroy-Regular,#000,297,303,547,555,10843,113,LBody,Document;Sect;Table;TR;TH;L;LI;LBody
O,I-Liste,la,14,612,792,VFTXUH+Gilroy-Regular,#000,305,312,547,555,10843,113,LBody,Document;Sect;Table;TR;TH;L;LI;LBody
O,I-Liste,restauration,14,612,792,VFTXUH+Gilroy-Regular,#000,314,359,547,555,10843,113,LBody,Document;Sect;Table;TR;TH;L;LI;LBody
O,I-Liste,est,14,612,792,VFTXUH+Gilroy-Regular,#000,361,372,547,555,10843,113,LBody,Document;Sect;Table;TR;TH;L;LI;LBody
O,I-Liste,"impossible,",14,612,792,VFTXUH+Gilroy-Regular,#000,374,415,547,555,10843,113,LBody,Document;Sect;Table;TR;TH;L;LI;LBody
O,I-Liste,le,14,612,792,VFTXUH+Gilroy-Regular,#000,417,423,547,555,10843,113,LBody,Document;Sect;Table;TR;TH;L;LI;LBody
O,I-Liste,remplacement,14,612,792,VFTXUH+Gilroy-Regular,#000,425,479,547,555,10843,113,LBody,Document;Sect;Table;TR;TH;L;LI;LBody
O,I-Liste,d’un,14,612,792,VFTXUH+Gilroy-Regular,#000,481,497,547,555,10843,113,LBody,Document;Sect;Table;TR;TH;L;LI;LBody
O,I-Liste,matériau,14,612,792,VFTXUH+Gilroy-Regular,#000,499,532,547,555,10843,113,LBody,Document;Sect;Table;TR;TH;L;LI;LBody
O,I-Liste,de,14,612,792,VFTXUH+Gilroy-Regular,#000,534,544,547,555,10843,113,LBody,Document;Sect;Table;TR;TH;L;LI;LBody
O,I-Liste,revêtement,14,612,792,VFTXUH+Gilroy-Regular,#000,78,120,558,566,10854,113,LBody,Document;Sect;Table;TR;TH;L;LI;LBody
O,I-Liste,extérieur,14,612,792,VFTXUH+Gilroy-Regular,#000,122,154,558,566,10854,113,LBody,Document;Sect;Table;TR;TH;L;LI;LBody
O,I-Liste,respecte,14,612,792,VFTXUH+Gilroy-Regular,#000,156,189,558,566,10854,113,LBody,Document;Sect;Table;TR;TH;L;LI;LBody
O,I-Liste,les,14,612,792,VFTXUH+Gilroy-Regular,#000,191,201,558,566,10854,113,LBody,Document;Sect;Table;TR;TH;L;LI;LBody
O,I-Liste,caractéristiques,14,612,792,VFTXUH+Gilroy-Regular,#000,203,262,558,566,10854,113,LBody,Document;Sect;Table;TR;TH;L;LI;LBody
O,I-Liste,traditionnelles,14,612,792,VFTXUH+Gilroy-Regular,#000,264,317,558,566,10854,113,LBody,Document;Sect;Table;TR;TH;L;LI;LBody
O,I-Liste,du,14,612,792,VFTXUH+Gilroy-Regular,#000,318,328,558,566,10854,113,LBody,Document;Sect;Table;TR;TH;L;LI;LBody
O,I-Liste,style,14,612,792,VFTXUH+Gilroy-Regular,#000,330,347,558,566,10854,113,LBody,Document;Sect;Table;TR;TH;L;LI;LBody
O,I-Liste,architectural,14,612,792,VFTXUH+Gilroy-Regular,#000,349,396,558,566,10854,113,LBody,Document;Sect;Table;TR;TH;L;LI;LBody
O,I-Liste,"(type,",14,612,792,VFTXUH+Gilroy-Regular,#000,398,419,558,566,10854,113,LBody,Document;Sect;Table;TR;TH;L;LI;LBody
O,I-Liste,"dimensions,",14,612,792,VFTXUH+Gilroy-Regular,#000,421,464,558,566,10854,113,LBody,Document;Sect;Table;TR;TH;L;LI;LBody
O,I-Liste,"couleur,",14,612,792,VFTXUH+Gilroy-Regular,#000,466,495,558,566,10854,113,LBody,Document;Sect;Table;TR;TH;L;LI;LBody
O,I-Liste,etc.).,14,612,792,VFTXUH+Gilroy-Regular,#000,497,515,558,566,10854,113,LBody,Document;Sect;Table;TR;TH;L;LI;LBody
O,B-Liste,6.,14,612,792,VFTXUH+Gilroy-Regular,#000,60,66,582,590,10878,121,LBody,Document;Sect;Table;TR;TH;L;LI;LBody
O,I-Liste,La,14,612,792,VFTXUH+Gilroy-Regular,#000,78,87,582,590,10878,121,LBody,Document;Sect;Table;TR;TH;L;LI;LBody
O,I-Liste,démolition,14,612,792,VFTXUH+Gilroy-Regular,#000,89,127,582,590,10878,121,LBody,Document;Sect;Table;TR;TH;L;LI;LBody
O,I-Liste,d’une,14,612,792,VFTXUH+Gilroy-Regular,#000,129,150,582,590,10878,121,LBody,Document;Sect;Table;TR;TH;L;LI;LBody
O,I-Liste,saillie,14,612,792,VFTXUH+Gilroy-Regular,#000,152,172,582,590,10878,121,LBody,Document;Sect;Table;TR;TH;L;LI;LBody
O,I-Liste,est,14,612,792,VFTXUH+Gilroy-Regular,#000,174,185,582,590,10878,121,LBody,Document;Sect;Table;TR;TH;L;LI;LBody
O,I-Liste,autorisée,14,612,792,VFTXUH+Gilroy-Regular,#000,187,222,582,590,10878,121,LBody,Document;Sect;Table;TR;TH;L;LI;LBody
O,I-Liste,lorsqu’il,14,612,792,VFTXUH+Gilroy-Regular,#000,224,251,582,590,10878,121,LBody,Document;Sect;Table;TR;TH;L;LI;LBody
O,I-Liste,s’agit,14,612,792,VFTXUH+Gilroy-Regular,#000,253,274,582,590,10878,121,LBody,Document;Sect;Table;TR;TH;L;LI;LBody
O,I-Liste,d’une,14,612,792,VFTXUH+Gilroy-Regular,#000,276,296,582,590,10878,121,LBody,Document;Sect;Table;TR;TH;L;LI;LBody
O,I-Liste,caractéristique,14,612,792,VFTXUH+Gilroy-Regular,#000,298,354,582,590,10878,121,LBody,Document;Sect;Table;TR;TH;L;LI;LBody
O,I-Liste,qui,14,612,792,VFTXUH+Gilroy-Regular,#000,356,367,582,590,10878,121,LBody,Document;Sect;Table;TR;TH;L;LI;LBody
O,I-Liste,n’est,14,612,792,VFTXUH+Gilroy-Regular,#000,369,387,582,590,10878,121,LBody,Document;Sect;Table;TR;TH;L;LI;LBody
O,I-Liste,pas,14,612,792,VFTXUH+Gilroy-Regular,#000,389,403,582,590,10878,121,LBody,Document;Sect;Table;TR;TH;L;LI;LBody
O,I-Liste,d’origine,14,612,792,VFTXUH+Gilroy-Regular,#000,405,437,582,590,10878,121,LBody,Document;Sect;Table;TR;TH;L;LI;LBody
O,I-Liste,du,14,612,792,VFTXUH+Gilroy-Regular,#000,439,448,582,590,10878,121,LBody,Document;Sect;Table;TR;TH;L;LI;LBody
O,I-Liste,bâtiment,14,612,792,VFTXUH+Gilroy-Regular,#000,450,484,582,590,10878,121,LBody,Document;Sect;Table;TR;TH;L;LI;LBody
O,I-Liste,patrimonial.,14,612,792,VFTXUH+Gilroy-Regular,#000,486,530,582,590,10878,121,LBody,Document;Sect;Table;TR;TH;L;LI;LBody
B-Titre,B-Pied,Ville,14,612,792,UYGWGJ+Gilroy-Bold,#000,59,75,733,741,11029,,Artifact,
I-Titre,I-Pied,de,14,612,792,UYGWGJ+Gilroy-Bold,#000,77,87,733,741,11029,,Artifact,
I-Titre,I-Pied,Prévost,14,612,792,UYGWGJ+Gilroy-Bold,#000,89,117,733,741,11029,,Artifact,
I-Titre,I-Pied,Règlement,14,612,792,UYGWGJ+Gilroy-Bold,#e43,407,447,733,741,11029,,Artifact,
I-Titre,I-Pied,d’urbanisme,14,612,792,UYGWGJ+Gilroy-Bold,#e43,449,496,733,741,11029,,Artifact,
I-Titre,I-Pied,durable,14,612,792,UYGWGJ+Gilroy-Bold,#e43,498,527,733,741,11029,,Artifact,
O,I-Pied,//,14,612,792,UYGWGJ+Gilroy-Bold,#e43,529,537,733,741,11029,,Artifact,
O,I-Pied,10-14,14,612,792,UYGWGJ+Gilroy-Bold,#e43,539,559,733,741,11029,,Artifact,
