tag,text,page,page_width,page_height,r,g,b,x0,x1,top,doctop,bottom,upright,direction
B-Titre,RÈGLEMENT,1,612,1008,0,0,0,349,436,99,99,113,True,1
I-Titre,1323,1,612,1008,0,0,0,439,470,99,99,113,True,1
I-Titre,Concernant,1,612,1008,0,0,0,283,340,127,127,138,True,1
I-Titre,les,1,612,1008,0,0,0,345,359,127,127,138,True,1
I-Titre,plans,1,612,1008,0,0,0,364,391,127,127,138,True,1
I-Titre,d’aménagement,1,612,1008,0,0,0,395,474,127,127,138,True,1
I-Titre,d’ensemble,1,612,1008,0,0,0,479,535,127,127,138,True,1
I-Titre,(PAE),1,612,1008,0,0,0,283,313,140,140,151,True,1
B-Alinea,Séance,1,612,1008,0,0,0,133,170,178,178,190,True,1
I-Alinea,ordinaire,1,612,1008,0,0,0,175,218,178,178,190,True,1
I-Alinea,du,1,612,1008,0,0,0,223,235,178,178,190,True,1
I-Alinea,conseil,1,612,1008,0,0,0,240,274,178,178,190,True,1
I-Alinea,"municipal,",1,612,1008,0,0,0,279,328,178,178,190,True,1
I-Alinea,tenue,1,612,1008,0,0,0,333,361,178,178,190,True,1
I-Alinea,en,1,612,1008,0,0,0,366,378,178,178,190,True,1
I-Alinea,"visioconférence,",1,612,1008,0,0,0,383,462,178,178,190,True,1
I-Alinea,le,1,612,1008,0,0,0,467,476,178,178,190,True,1
I-Alinea,21,1,612,1008,0,0,0,481,493,178,178,190,True,1
I-Alinea,mars,1,612,1008,0,0,0,498,522,178,178,190,True,1
I-Alinea,"2022,",1,612,1008,0,0,0,133,160,191,191,202,True,1
I-Alinea,à,1,612,1008,0,0,0,166,172,191,191,202,True,1
I-Alinea,laquelle,1,612,1008,0,0,0,178,216,191,191,202,True,1
I-Alinea,sont,1,612,1008,0,0,0,221,242,191,191,202,True,1
I-Alinea,présents,1,612,1008,0,0,0,248,290,191,191,202,True,1
I-Alinea,les,1,612,1008,0,0,0,296,310,191,191,202,True,1
I-Alinea,membres,1,612,1008,0,0,0,315,361,191,191,202,True,1
I-Alinea,du,1,612,1008,0,0,0,367,379,191,191,202,True,1
I-Alinea,conseil,1,612,1008,0,0,0,385,419,191,191,202,True,1
I-Alinea,suivants,1,612,1008,0,0,0,425,465,191,191,202,True,1
I-Alinea,formant,1,612,1008,0,0,0,470,508,191,191,202,True,1
I-Alinea,le,1,612,1008,0,0,0,514,522,191,191,202,True,1
I-Alinea,quorum,1,612,1008,0,0,0,133,170,204,204,215,True,1
I-Alinea,:,1,612,1008,0,0,0,173,176,204,204,215,True,1
B-Enumeration,Monsieur,1,612,1008,0,0,0,133,178,229,229,240,True,1
I-Enumeration,Richard,1,612,1008,0,0,0,181,219,229,229,240,True,1
I-Enumeration,Allard,1,612,1008,0,0,0,222,250,229,229,240,True,1
I-Enumeration,Conseiller,1,612,1008,0,0,0,338,387,229,229,240,True,1
I-Enumeration,du,1,612,1008,0,0,0,390,402,229,229,240,True,1
I-Enumeration,district,1,612,1008,0,0,0,405,437,229,229,240,True,1
I-Enumeration,1,1,612,1008,0,0,0,440,446,229,229,240,True,1
B-Enumeration,Madame,1,612,1008,0,0,0,133,176,242,242,253,True,1
I-Enumeration,Arielle,1,612,1008,0,0,0,179,209,242,242,253,True,1
I-Enumeration,Beaudin,1,612,1008,0,0,0,212,252,242,242,253,True,1
I-Enumeration,Conseillère,1,612,1008,0,0,0,338,393,242,242,253,True,1
I-Enumeration,du,1,612,1008,0,0,0,396,408,242,242,253,True,1
I-Enumeration,district,1,612,1008,0,0,0,411,443,242,242,253,True,1
I-Enumeration,2,1,612,1008,0,0,0,446,452,242,242,253,True,1
B-Enumeration,Monsieur,1,612,1008,0,0,0,133,178,254,254,265,True,1
I-Enumeration,Alexandre,1,612,1008,0,0,0,181,231,254,254,265,True,1
I-Enumeration,Laganière,1,612,1008,0,0,0,234,282,254,254,265,True,1
I-Enumeration,Conseiller,1,612,1008,0,0,0,338,387,254,254,265,True,1
I-Enumeration,du,1,612,1008,0,0,0,390,402,254,254,265,True,1
I-Enumeration,district,1,612,1008,0,0,0,405,437,254,254,265,True,1
I-Enumeration,3,1,612,1008,0,0,0,440,446,254,254,265,True,1
B-Enumeration,Monsieur,1,612,1008,0,0,0,133,178,267,267,278,True,1
I-Enumeration,Jean-François,1,612,1008,0,0,0,181,251,267,267,278,True,1
I-Enumeration,Robillard,1,612,1008,0,0,0,254,297,267,267,278,True,1
I-Enumeration,Conseiller,1,612,1008,0,0,0,338,387,267,267,278,True,1
I-Enumeration,du,1,612,1008,0,0,0,390,402,267,267,278,True,1
I-Enumeration,district,1,612,1008,0,0,0,405,437,267,267,278,True,1
I-Enumeration,4,1,612,1008,0,0,0,440,446,267,267,278,True,1
B-Enumeration,Monsieur,1,612,1008,0,0,0,133,178,280,280,291,True,1
I-Enumeration,Gaëtan,1,612,1008,0,0,0,181,217,280,280,291,True,1
I-Enumeration,Gagné,1,612,1008,0,0,0,220,253,280,280,291,True,1
I-Enumeration,Conseiller,1,612,1008,0,0,0,338,387,280,280,291,True,1
I-Enumeration,du,1,612,1008,0,0,0,390,402,280,280,291,True,1
I-Enumeration,district,1,612,1008,0,0,0,405,437,280,280,291,True,1
I-Enumeration,5,1,612,1008,0,0,0,440,446,280,280,291,True,1
B-Enumeration,Monsieur,1,612,1008,0,0,0,133,178,292,292,303,True,1
I-Enumeration,David,1,612,1008,0,0,0,181,209,292,292,303,True,1
I-Enumeration,Huggins-Daines,1,612,1008,0,0,0,212,290,292,292,303,True,1
I-Enumeration,Conseiller,1,612,1008,0,0,0,338,387,292,292,303,True,1
I-Enumeration,du,1,612,1008,0,0,0,390,402,292,292,303,True,1
I-Enumeration,district,1,612,1008,0,0,0,405,437,292,292,303,True,1
I-Enumeration,6,1,612,1008,0,0,0,440,446,292,292,303,True,1
B-Alinea,sous,1,612,1008,0,0,0,133,156,318,318,329,True,1
I-Alinea,la,1,612,1008,0,0,0,159,168,318,318,329,True,1
I-Alinea,présidence,1,612,1008,0,0,0,171,224,318,318,329,True,1
I-Alinea,de,1,612,1008,0,0,0,228,240,318,318,329,True,1
I-Alinea,madame,1,612,1008,0,0,0,243,286,318,318,329,True,1
I-Alinea,la,1,612,1008,0,0,0,289,297,318,318,329,True,1
I-Alinea,mairesse,1,612,1008,0,0,0,300,345,318,318,329,True,1
I-Alinea,Michèle,1,612,1008,0,0,0,348,386,318,318,329,True,1
I-Alinea,Lalonde.,1,612,1008,0,0,0,389,431,318,318,329,True,1
B-Attendu,ATTENDU,1,612,1008,0,0,0,133,184,343,343,354,True,1
I-Attendu,QUE,1,612,1008,0,0,0,187,211,343,343,354,True,1
I-Attendu,la,1,612,1008,0,0,0,214,223,343,343,354,True,1
I-Attendu,Ville,1,612,1008,0,0,0,225,246,343,343,354,True,1
I-Attendu,de,1,612,1008,0,0,0,249,261,343,343,354,True,1
I-Attendu,Sainte-Adèle,1,612,1008,0,0,0,264,327,343,343,354,True,1
I-Attendu,désire,1,612,1008,0,0,0,330,360,343,343,354,True,1
I-Attendu,harmoniser,1,612,1008,0,0,0,363,418,343,343,354,True,1
I-Attendu,le,1,612,1008,0,0,0,421,429,343,343,354,True,1
I-Attendu,développement,1,612,1008,0,0,0,432,507,343,343,354,True,1
I-Attendu,de,1,612,1008,0,0,0,510,522,343,343,354,True,1
I-Attendu,ses,1,612,1008,0,0,0,133,150,356,356,367,True,1
I-Attendu,infrastructures,1,612,1008,0,0,0,153,223,356,356,367,True,1
I-Attendu,routières,1,612,1008,0,0,0,226,268,356,356,367,True,1
I-Attendu,;,1,612,1008,0,0,0,271,275,356,356,367,True,1
B-Attendu,ATTENDU,1,612,1008,0,0,0,133,184,381,381,392,True,1
I-Attendu,QUE,1,612,1008,0,0,0,188,212,381,381,392,True,1
I-Attendu,l’intention,1,612,1008,0,0,0,215,261,381,381,392,True,1
I-Attendu,de,1,612,1008,0,0,0,264,277,381,381,392,True,1
I-Attendu,la,1,612,1008,0,0,0,280,288,381,381,392,True,1
I-Attendu,ville,1,612,1008,0,0,0,292,310,381,381,392,True,1
I-Attendu,de,1,612,1008,0,0,0,314,326,381,381,392,True,1
I-Attendu,limiter,1,612,1008,0,0,0,329,358,381,381,392,True,1
I-Attendu,la,1,612,1008,0,0,0,362,370,381,381,392,True,1
I-Attendu,prolifération,1,612,1008,0,0,0,373,431,381,381,392,True,1
I-Attendu,des,1,612,1008,0,0,0,434,451,381,381,392,True,1
I-Attendu,chemins,1,612,1008,0,0,0,455,496,381,381,392,True,1
I-Attendu,sans,1,612,1008,0,0,0,499,522,381,381,392,True,1
I-Attendu,issus,1,612,1008,0,0,0,133,158,394,394,405,True,1
I-Attendu,dans,1,612,1008,0,0,0,161,185,394,394,405,True,1
I-Attendu,les,1,612,1008,0,0,0,188,202,394,394,405,True,1
I-Attendu,nouveaux,1,612,1008,0,0,0,205,253,394,394,405,True,1
I-Attendu,projets,1,612,1008,0,0,0,256,289,394,394,405,True,1
I-Attendu,de,1,612,1008,0,0,0,292,304,394,394,405,True,1
I-Attendu,développements,1,612,1008,0,0,0,307,388,394,394,405,True,1
I-Attendu,;,1,612,1008,0,0,0,391,394,394,394,405,True,1
B-Attendu,ATTENDU,1,612,1008,0,0,0,133,184,419,419,430,True,1
I-Attendu,QU'un,1,612,1008,0,0,0,189,220,419,419,430,True,1
I-Attendu,avis,1,612,1008,0,0,0,224,243,419,419,430,True,1
I-Attendu,de,1,612,1008,0,0,0,247,260,419,419,430,True,1
I-Attendu,motion,1,612,1008,0,0,0,264,297,419,419,430,True,1
I-Attendu,du,1,612,1008,0,0,0,301,313,419,419,430,True,1
I-Attendu,présent,1,612,1008,0,0,0,317,354,419,419,430,True,1
I-Attendu,règlement,1,612,1008,0,0,0,358,407,419,419,430,True,1
I-Attendu,a,1,612,1008,0,0,0,411,417,419,419,430,True,1
I-Attendu,été,1,612,1008,0,0,0,421,437,419,419,430,True,1
I-Attendu,donné,1,612,1008,0,0,0,441,471,419,419,430,True,1
I-Attendu,lors,1,612,1008,0,0,0,475,493,419,419,430,True,1
I-Attendu,de,1,612,1008,0,0,0,497,509,419,419,430,True,1
I-Attendu,la,1,612,1008,0,0,0,513,522,419,419,430,True,1
I-Attendu,séance,1,612,1008,0,0,0,133,168,431,431,443,True,1
I-Attendu,ordinaire,1,612,1008,0,0,0,171,214,431,431,443,True,1
I-Attendu,du,1,612,1008,0,0,0,217,229,431,431,443,True,1
I-Attendu,21,1,612,1008,0,0,0,232,245,431,431,443,True,1
I-Attendu,février,1,612,1008,0,0,0,248,278,431,431,443,True,1
I-Attendu,2022,1,612,1008,0,0,0,281,306,431,431,443,True,1
I-Attendu,par,1,612,1008,0,0,0,309,325,431,431,443,True,1
I-Attendu,monsieur,1,612,1008,0,0,0,328,373,431,431,443,True,1
I-Attendu,le,1,612,1008,0,0,0,376,385,431,431,443,True,1
I-Attendu,conseiller,1,612,1008,0,0,0,388,434,431,431,443,True,1
I-Attendu,Gaëtan,1,612,1008,0,0,0,437,473,431,431,443,True,1
I-Attendu,Gagné,1,612,1008,0,0,0,476,509,431,431,443,True,1
I-Attendu,;,1,612,1008,0,0,0,512,516,431,431,443,True,1
B-Attendu,ATTENDU,1,612,1008,0,0,0,133,184,457,457,468,True,1
I-Attendu,QU’un,1,612,1008,0,0,0,189,220,457,457,468,True,1
I-Attendu,projet,1,612,1008,0,0,0,224,251,457,457,468,True,1
I-Attendu,de,1,612,1008,0,0,0,255,268,457,457,468,True,1
I-Attendu,règlement,1,612,1008,0,0,0,272,321,457,457,468,True,1
I-Attendu,a,1,612,1008,0,0,0,325,331,457,457,468,True,1
I-Attendu,été,1,612,1008,0,0,0,335,350,457,457,468,True,1
I-Attendu,déposé,1,612,1008,0,0,0,354,390,457,457,468,True,1
I-Attendu,et,1,612,1008,0,0,0,394,403,457,457,468,True,1
I-Attendu,présenté,1,612,1008,0,0,0,407,450,457,457,468,True,1
I-Attendu,avec,1,612,1008,0,0,0,454,478,457,457,468,True,1
I-Attendu,l’avis,1,612,1008,0,0,0,482,506,457,457,468,True,1
I-Attendu,de,1,612,1008,0,0,0,510,522,457,457,468,True,1
I-Attendu,motion,1,612,1008,0,0,0,133,166,469,469,480,True,1
I-Attendu,;,1,612,1008,0,0,0,169,172,469,469,480,True,1
B-Attendu,ATTENDU,1,612,1008,0,0,0,133,184,495,495,506,True,1
I-Attendu,QU’une,1,612,1008,0,0,0,189,226,495,495,506,True,1
I-Attendu,copie,1,612,1008,0,0,0,231,257,495,495,506,True,1
I-Attendu,du,1,612,1008,0,0,0,261,274,495,495,506,True,1
I-Attendu,règlement,1,612,1008,0,0,0,278,327,495,495,506,True,1
I-Attendu,a,1,612,1008,0,0,0,331,337,495,495,506,True,1
I-Attendu,été,1,612,1008,0,0,0,342,357,495,495,506,True,1
I-Attendu,remise,1,612,1008,0,0,0,361,394,495,495,506,True,1
I-Attendu,aux,1,612,1008,0,0,0,399,417,495,495,506,True,1
I-Attendu,membres,1,612,1008,0,0,0,421,467,495,495,506,True,1
I-Attendu,du,1,612,1008,0,0,0,471,483,495,495,506,True,1
I-Attendu,conseil,1,612,1008,0,0,0,488,522,495,495,506,True,1
I-Attendu,municipal,1,612,1008,0,0,0,133,179,507,507,519,True,1
I-Attendu,dans,1,612,1008,0,0,0,182,206,507,507,519,True,1
I-Attendu,les,1,612,1008,0,0,0,209,223,507,507,519,True,1
I-Attendu,délais,1,612,1008,0,0,0,226,255,507,507,519,True,1
I-Attendu,impartis,1,612,1008,0,0,0,258,296,507,507,519,True,1
I-Attendu,par,1,612,1008,0,0,0,300,315,507,507,519,True,1
I-Attendu,la,1,612,1008,0,0,0,319,327,507,507,519,True,1
I-Attendu,Loi,1,612,1008,0,0,0,330,345,507,507,519,True,1
I-Attendu,;,1,612,1008,0,0,0,348,351,507,507,519,True,1
B-Alinea,LE,1,612,1008,0,0,0,133,147,533,533,544,True,1
I-Alinea,CONSEIL,1,612,1008,0,0,0,150,199,533,533,544,True,1
I-Alinea,MUNICIPAL,1,612,1008,0,0,0,201,263,533,533,544,True,1
I-Alinea,décrète,1,612,1008,0,0,0,265,305,533,533,544,True,1
I-Alinea,qu’il,1,612,1008,0,0,0,308,330,533,533,544,True,1
I-Alinea,soit,1,612,1008,0,0,0,333,352,533,533,544,True,1
I-Alinea,statué,1,612,1008,0,0,0,355,388,533,533,544,True,1
I-Alinea,et,1,612,1008,0,0,0,391,400,533,533,544,True,1
I-Alinea,ordonné,1,612,1008,0,0,0,403,447,533,533,544,True,1
I-Alinea,par,1,612,1008,0,0,0,450,467,533,533,544,True,1
I-Alinea,le,1,612,1008,0,0,0,470,479,533,533,544,True,1
I-Alinea,présent,1,612,1008,0,0,0,482,522,533,533,544,True,1
I-Alinea,règlement,1,612,1008,0,0,0,133,185,545,545,556,True,1
I-Alinea,ce,1,612,1008,0,0,0,188,201,545,545,556,True,1
I-Alinea,qui,1,612,1008,0,0,0,204,220,545,545,556,True,1
I-Alinea,suit,1,612,1008,0,0,0,223,243,545,545,556,True,1
I-Alinea,:,1,612,1008,0,0,0,246,249,545,545,556,True,1
B-Article,1.,1,612,1008,0,0,0,133,142,585,585,596,True,1
I-Article,TERRITOIRE,1,612,1008,0,0,0,151,217,585,585,596,True,1
I-Article,ASSUJETTI,1,612,1008,0,0,0,220,281,585,585,596,True,1
B-Alinea,Les,1,612,1008,0,0,0,133,150,610,610,621,True,1
I-Alinea,dispositions,1,612,1008,0,0,0,159,217,610,610,621,True,1
I-Alinea,du,1,612,1008,0,0,0,225,238,610,610,621,True,1
I-Alinea,présent,1,612,1008,0,0,0,246,283,610,610,621,True,1
I-Alinea,règlement,1,612,1008,0,0,0,292,341,610,610,621,True,1
I-Alinea,s'appliquent,1,612,1008,0,0,0,349,408,610,610,621,True,1
I-Alinea,à,1,612,1008,0,0,0,416,423,610,610,621,True,1
I-Alinea,toutes,1,612,1008,0,0,0,431,461,610,610,621,True,1
I-Alinea,les,1,612,1008,0,0,0,470,484,610,610,621,True,1
I-Alinea,zones,1,612,1008,0,0,0,493,522,610,610,621,True,1
I-Alinea,appartenant,1,612,1008,0,0,0,133,191,623,623,634,True,1
I-Alinea,au,1,612,1008,0,0,0,195,207,623,623,634,True,1
I-Alinea,type,1,612,1008,0,0,0,210,231,623,623,634,True,1
I-Alinea,de,1,612,1008,0,0,0,234,247,623,623,634,True,1
I-Alinea,milieu,1,612,1008,0,0,0,250,278,623,623,634,True,1
I-Alinea,T3.1,1,612,1008,0,0,0,282,304,623,623,634,True,1
I-Alinea,(habitation,1,612,1008,0,0,0,307,358,623,623,634,True,1
I-Alinea,en,1,612,1008,0,0,0,362,374,623,623,634,True,1
I-Alinea,milieu,1,612,1008,0,0,0,377,406,623,623,634,True,1
I-Alinea,boisé),1,612,1008,0,0,0,409,439,623,623,634,True,1
I-Alinea,tel,1,612,1008,0,0,0,442,454,623,623,634,True,1
I-Alinea,que,1,612,1008,0,0,0,457,476,623,623,634,True,1
I-Alinea,prévu,1,612,1008,0,0,0,479,506,623,623,634,True,1
I-Alinea,au,1,612,1008,0,0,0,510,522,623,623,634,True,1
I-Alinea,règlement,1,612,1008,0,0,0,133,182,636,636,647,True,1
I-Alinea,de,1,612,1008,0,0,0,185,197,636,636,647,True,1
I-Alinea,zonage,1,612,1008,0,0,0,200,236,636,636,647,True,1
I-Alinea,1314-2021-Z,1,612,1008,0,0,0,239,302,636,636,647,True,1
B-Article,2.,1,612,1008,0,0,0,133,142,661,661,672,True,1
I-Article,OBJECTIF,1,612,1008,0,0,0,151,205,661,661,672,True,1
I-Article,GÉNÉRAL,1,612,1008,0,0,0,208,262,661,661,672,True,1
B-Alinea,Assurer,1,612,1008,0,0,0,133,171,686,686,697,True,1
I-Alinea,que,1,612,1008,0,0,0,174,192,686,686,697,True,1
I-Alinea,tout,1,612,1008,0,0,0,195,213,686,686,697,True,1
I-Alinea,prolongement,1,612,1008,0,0,0,216,283,686,686,697,True,1
I-Alinea,routier,1,612,1008,0,0,0,286,317,686,686,697,True,1
I-Alinea,puisse,1,612,1008,0,0,0,320,352,686,686,697,True,1
I-Alinea,être,1,612,1008,0,0,0,355,374,686,686,697,True,1
I-Alinea,interconnecté,1,612,1008,0,0,0,376,442,686,686,697,True,1
I-Alinea,ainsi,1,612,1008,0,0,0,445,468,686,686,697,True,1
I-Alinea,qu’assurer,1,612,1008,0,0,0,471,522,686,686,697,True,1
I-Alinea,la,1,612,1008,0,0,0,133,141,699,699,710,True,1
I-Alinea,continuité,1,612,1008,0,0,0,144,191,699,699,710,True,1
I-Alinea,des,1,612,1008,0,0,0,194,212,699,699,710,True,1
I-Alinea,différents,1,612,1008,0,0,0,215,260,699,699,710,True,1
I-Alinea,réseaux.,1,612,1008,0,0,0,263,306,699,699,710,True,1
B-Alinea,Dans,1,612,1008,0,0,0,133,158,724,724,735,True,1
I-Alinea,une,1,612,1008,0,0,0,164,183,724,724,735,True,1
I-Alinea,perspective,1,612,1008,0,0,0,188,245,724,724,735,True,1
I-Alinea,de,1,612,1008,0,0,0,250,262,724,724,735,True,1
I-Alinea,développement,1,612,1008,0,0,0,268,344,724,724,735,True,1
I-Alinea,"durable,",1,612,1008,0,0,0,349,389,724,724,735,True,1
I-Alinea,le,1,612,1008,0,0,0,395,403,724,724,735,True,1
I-Alinea,bouclage,1,612,1008,0,0,0,409,454,724,724,735,True,1
I-Alinea,des,1,612,1008,0,0,0,459,477,724,724,735,True,1
I-Alinea,réseaux,1,612,1008,0,0,0,483,522,724,724,735,True,1
I-Alinea,routiers,1,612,1008,0,0,0,133,169,737,737,748,True,1
I-Alinea,devient,1,612,1008,0,0,0,173,209,737,737,748,True,1
I-Alinea,une,1,612,1008,0,0,0,213,231,737,737,748,True,1
I-Alinea,priorité,1,612,1008,0,0,0,235,269,737,737,748,True,1
I-Alinea,d’aménagement,1,612,1008,0,0,0,273,352,737,737,748,True,1
I-Alinea,et,1,612,1008,0,0,0,356,365,737,737,748,True,1
I-Alinea,les,1,612,1008,0,0,0,369,383,737,737,748,True,1
I-Alinea,projets,1,612,1008,0,0,0,387,420,737,737,748,True,1
I-Alinea,sans,1,612,1008,0,0,0,424,447,737,737,748,True,1
I-Alinea,issues,1,612,1008,0,0,0,451,483,737,737,748,True,1
I-Alinea,doivent,1,612,1008,0,0,0,487,522,737,737,748,True,1
I-Alinea,être,1,612,1008,0,0,0,133,152,749,749,760,True,1
I-Alinea,évités.,1,612,1008,0,0,0,155,186,749,749,760,True,1
B-Article,3.,1,612,1008,0,0,0,133,142,775,775,786,True,1
I-Article,CRITÈRES,1,612,1008,0,0,0,151,206,775,775,786,True,1
I-Article,RELATIFS,1,612,1008,0,0,0,209,263,775,775,786,True,1
I-Article,AU,1,612,1008,0,0,0,266,282,775,775,786,True,1
I-Article,LOTISSEMENT,1,612,1008,0,0,0,285,363,775,775,786,True,1
B-Alinea,Le,1,612,1008,0,0,0,133,145,800,800,811,True,1
I-Alinea,lotissement,1,612,1008,0,0,0,148,203,800,800,811,True,1
I-Alinea,doit,1,612,1008,0,0,0,206,224,800,800,811,True,1
I-Alinea,"permettre,",1,612,1008,0,0,0,227,277,800,800,811,True,1
I-Alinea,à,1,612,1008,0,0,0,280,286,800,800,811,True,1
I-Alinea,l’intérieur,1,612,1008,0,0,0,289,333,800,800,811,True,1
I-Alinea,du,1,612,1008,0,0,0,336,349,800,800,811,True,1
I-Alinea,projet,1,612,1008,0,0,0,351,379,800,800,811,True,1
I-Alinea,ou,1,612,1008,0,0,0,382,394,800,800,811,True,1
I-Alinea,d’un,1,612,1008,0,0,0,397,418,800,800,811,True,1
I-Alinea,projet,1,612,1008,0,0,0,420,448,800,800,811,True,1
I-Alinea,"subséquent,",1,612,1008,0,0,0,451,511,800,800,811,True,1
I-Alinea,le,1,612,1008,0,0,0,514,522,800,800,811,True,1
I-Alinea,bouclage,1,612,1008,0,0,0,133,177,813,813,824,True,1
I-Alinea,du,1,612,1008,0,0,0,182,195,813,813,824,True,1
I-Alinea,réseau,1,612,1008,0,0,0,199,233,813,813,824,True,1
I-Alinea,"routier,",1,612,1008,0,0,0,238,272,813,813,824,True,1
I-Alinea,d’infrastructures,1,612,1008,0,0,0,277,355,813,813,824,True,1
I-Alinea,ou,1,612,1008,0,0,0,360,373,813,813,824,True,1
I-Alinea,de,1,612,1008,0,0,0,378,390,813,813,824,True,1
I-Alinea,loisirs,1,612,1008,0,0,0,395,423,813,813,824,True,1
I-Alinea,et,1,612,1008,0,0,0,428,437,813,813,824,True,1
I-Alinea,de,1,612,1008,0,0,0,442,454,813,813,824,True,1
I-Alinea,déplacement,1,612,1008,0,0,0,459,522,813,813,824,True,1
I-Alinea,actifs.,1,612,1008,0,0,0,133,161,825,825,836,True,1
B-Article,4.,1,612,1008,0,0,0,133,142,851,851,862,True,1
I-Article,PRÉSENTATION,1,612,1008,0,0,0,151,237,851,851,862,True,1
I-Article,D’UN,1,612,1008,0,0,0,240,267,851,851,862,True,1
I-Article,PLAN,1,612,1008,0,0,0,270,300,851,851,862,True,1
I-Article,D’AMÉNAGEMENT,1,612,1008,0,0,0,303,401,851,851,862,True,1
I-Article,D’ENSEMBLE,1,612,1008,0,0,0,404,476,851,851,862,True,1
B-Alinea,Lorsqu'un,1,612,1008,0,0,0,133,181,876,876,887,True,1
I-Alinea,ou,1,612,1008,0,0,0,183,196,876,876,887,True,1
I-Alinea,des,1,612,1008,0,0,0,198,216,876,876,887,True,1
I-Alinea,propriétaires,1,612,1008,0,0,0,219,280,876,876,887,True,1
I-Alinea,souhaitent,1,612,1008,0,0,0,282,333,876,876,887,True,1
I-Alinea,mettre,1,612,1008,0,0,0,336,367,876,876,887,True,1
I-Alinea,en,1,612,1008,0,0,0,369,382,876,876,887,True,1
I-Alinea,valeur,1,612,1008,0,0,0,384,414,876,876,887,True,1
I-Alinea,une,1,612,1008,0,0,0,417,435,876,876,887,True,1
I-Alinea,ou,1,612,1008,0,0,0,438,450,876,876,887,True,1
I-Alinea,des,1,612,1008,0,0,0,453,471,876,876,887,True,1
I-Alinea,propriétés,1,612,1008,0,0,0,473,522,876,876,887,True,1
I-Alinea,situées,1,612,1008,0,0,0,133,168,889,889,900,True,1
I-Alinea,dans,1,612,1008,0,0,0,171,195,889,889,900,True,1
I-Alinea,une,1,612,1008,0,0,0,199,218,889,889,900,True,1
I-Alinea,ou,1,612,1008,0,0,0,222,234,889,889,900,True,1
I-Alinea,plusieurs,1,612,1008,0,0,0,238,282,889,889,900,True,1
I-Alinea,zones,1,612,1008,0,0,0,286,315,889,889,900,True,1
I-Alinea,du,1,612,1008,0,0,0,319,331,889,889,900,True,1
I-Alinea,type,1,612,1008,0,0,0,335,356,889,889,900,True,1
I-Alinea,de,1,612,1008,0,0,0,360,372,889,889,900,True,1
I-Alinea,milieu,1,612,1008,0,0,0,376,405,889,889,900,True,1
I-Alinea,T,1,612,1008,0,0,0,408,415,889,889,900,True,1
I-Alinea,3.1,1,612,1008,0,0,0,419,434,889,889,900,True,1
I-Alinea,pour,1,612,1008,0,0,0,439,460,889,889,900,True,1
I-Alinea,y,1,612,1008,0,0,0,464,470,889,889,900,True,1
I-Alinea,construire,1,612,1008,0,0,0,474,522,889,889,900,True,1
I-Alinea,une,1,612,1008,0,0,0,133,151,901,901,912,True,1
I-Alinea,infrastructure,1,612,1008,0,0,0,154,218,901,901,912,True,1
I-Alinea,"routière,",1,612,1008,0,0,0,220,261,901,901,912,True,1
I-Alinea,un,1,612,1008,0,0,0,263,276,901,901,912,True,1
I-Alinea,plan,1,612,1008,0,0,0,278,299,901,901,912,True,1
I-Alinea,d’aménagement,1,612,1008,0,0,0,301,380,901,901,912,True,1
I-Alinea,d’ensemble,1,612,1008,0,0,0,383,439,901,901,912,True,1
I-Alinea,(P.A.E.),1,612,1008,0,0,0,442,480,901,901,912,True,1
I-Alinea,doit,1,612,1008,0,0,0,483,500,901,901,912,True,1
I-Alinea,être,1,612,1008,0,0,0,503,522,901,901,912,True,1
I-Alinea,présenté,1,612,1008,0,0,0,133,176,914,914,925,True,1
I-Alinea,en,1,612,1008,0,0,0,179,191,914,914,925,True,1
I-Alinea,conformité,1,612,1008,0,0,0,194,245,914,914,925,True,1
I-Alinea,avec,1,612,1008,0,0,0,248,271,914,914,925,True,1
I-Alinea,les,1,612,1008,0,0,0,274,289,914,914,925,True,1
I-Alinea,dispositions,1,612,1008,0,0,0,292,349,914,914,925,True,1
I-Alinea,définies,1,612,1008,0,0,0,352,390,914,914,925,True,1
I-Alinea,par,1,612,1008,0,0,0,393,409,914,914,925,True,1
I-Alinea,le,1,612,1008,0,0,0,412,421,914,914,925,True,1
I-Alinea,présent,1,612,1008,0,0,0,424,460,914,914,925,True,1
I-Alinea,règlement.,1,612,1008,0,0,0,463,515,914,914,925,True,1
B-Pied,Règlement,1,612,1008,0,0,0,90,134,950,950,959,True,1
I-Pied,1323,1,612,1008,0,0,0,136,156,950,950,959,True,1
I-Pied,sur,1,612,1008,0,0,0,159,171,950,950,959,True,1
I-Pied,les,1,612,1008,0,0,0,174,185,950,950,959,True,1
I-Pied,plans,1,612,1008,0,0,0,188,209,950,950,959,True,1
I-Pied,d’aménagement,1,612,1008,0,0,0,212,276,950,950,959,True,1
I-Pied,d’ensemble,1,612,1008,0,0,0,279,325,950,950,959,True,1
I-Pied,–,1,612,1008,0,0,0,327,332,950,950,959,True,1
I-Pied,21,1,612,1008,0,0,0,335,345,950,950,959,True,1
I-Pied,mars,1,612,1008,0,0,0,347,367,950,950,959,True,1
I-Pied,2022,1,612,1008,0,0,0,370,390,950,950,959,True,1
I-Pied,(Adoption),1,612,1008,0,0,0,392,434,950,950,959,True,1
B-Article,5.,2,612,1008,0,0,0,133,142,71,1079,82,True,1
I-Article,DOCUMENTS,2,612,1008,0,0,0,151,222,71,1079,82,True,1
I-Article,ET,2,612,1008,0,0,0,225,239,71,1079,82,True,1
I-Article,PLANS,2,612,1008,0,0,0,242,279,71,1079,82,True,1
I-Article,REQUIS,2,612,1008,0,0,0,282,324,71,1079,82,True,1
B-Alinea,Un,2,612,1008,0,0,0,133,147,96,1104,107,True,1
I-Alinea,plan,2,612,1008,0,0,0,152,173,96,1104,107,True,1
I-Alinea,d’aménagement,2,612,1008,0,0,0,179,258,96,1104,107,True,1
I-Alinea,d’ensemble,2,612,1008,0,0,0,263,320,96,1104,107,True,1
I-Alinea,doit,2,612,1008,0,0,0,325,343,96,1104,107,True,1
I-Alinea,inclure,2,612,1008,0,0,0,349,381,96,1104,107,True,1
I-Alinea,l’ensemble,2,612,1008,0,0,0,387,439,96,1104,107,True,1
I-Alinea,des,2,612,1008,0,0,0,445,463,96,1104,107,True,1
I-Alinea,documents,2,612,1008,0,0,0,468,522,96,1104,107,True,1
I-Alinea,prévus,2,612,1008,0,0,0,133,166,109,1117,120,True,1
I-Alinea,par,2,612,1008,0,0,0,171,186,109,1117,120,True,1
I-Alinea,le,2,612,1008,0,0,0,191,200,109,1117,120,True,1
I-Alinea,Règlement,2,612,1008,0,0,0,204,258,109,1117,120,True,1
I-Alinea,sur,2,612,1008,0,0,0,262,278,109,1117,120,True,1
I-Alinea,les,2,612,1008,0,0,0,282,296,109,1117,120,True,1
I-Alinea,permis,2,612,1008,0,0,0,301,334,109,1117,120,True,1
I-Alinea,et,2,612,1008,0,0,0,339,348,109,1117,120,True,1
I-Alinea,certificat,2,612,1008,0,0,0,353,394,109,1117,120,True,1
I-Alinea,1314-2012-PC,2,612,1008,0,0,0,398,470,109,1117,120,True,1
I-Alinea,visant,2,612,1008,0,0,0,475,503,109,1117,120,True,1
I-Alinea,les,2,612,1008,0,0,0,508,522,109,1117,120,True,1
I-Alinea,modifications,2,612,1008,0,0,0,133,197,122,1130,133,True,1
I-Alinea,règlementaires,2,612,1008,0,0,0,205,278,122,1130,133,True,1
I-Alinea,"et,",2,612,1008,0,0,0,286,298,122,1130,133,True,1
I-Alinea,le,2,612,1008,0,0,0,307,315,122,1130,133,True,1
I-Alinea,cas,2,612,1008,0,0,0,323,340,122,1130,133,True,1
I-Alinea,"échéant,",2,612,1008,0,0,0,349,391,122,1130,133,True,1
I-Alinea,les,2,612,1008,0,0,0,399,413,122,1130,133,True,1
I-Alinea,projets,2,612,1008,0,0,0,421,454,122,1130,133,True,1
I-Alinea,majeurs,2,612,1008,0,0,0,462,501,122,1130,133,True,1
I-Alinea,de,2,612,1008,0,0,0,510,522,122,1130,133,True,1
I-Alinea,lotissement,2,612,1008,0,0,0,133,188,134,1142,145,True,1
I-Alinea,ou,2,612,1008,0,0,0,191,204,134,1142,145,True,1
I-Alinea,de,2,612,1008,0,0,0,207,219,134,1142,145,True,1
I-Alinea,construction.,2,612,1008,0,0,0,222,284,134,1142,145,True,1
B-Alinea,De,2,612,1008,0,0,0,133,147,160,1168,171,True,1
I-Alinea,"plus,",2,612,1008,0,0,0,152,175,160,1168,171,True,1
I-Alinea,la,2,612,1008,0,0,0,180,188,160,1168,171,True,1
I-Alinea,demande,2,612,1008,0,0,0,193,239,160,1168,171,True,1
I-Alinea,devra,2,612,1008,0,0,0,244,272,160,1168,171,True,1
I-Alinea,inclure,2,612,1008,0,0,0,277,309,160,1168,171,True,1
I-Alinea,un,2,612,1008,0,0,0,314,326,160,1168,171,True,1
I-Alinea,plan,2,612,1008,0,0,0,331,352,160,1168,171,True,1
I-Alinea,concept,2,612,1008,0,0,0,357,395,160,1168,171,True,1
I-Alinea,du,2,612,1008,0,0,0,400,413,160,1168,171,True,1
I-Alinea,plan,2,612,1008,0,0,0,418,438,160,1168,171,True,1
I-Alinea,d’aménagement,2,612,1008,0,0,0,443,522,160,1168,171,True,1
I-Alinea,d’ensemble,2,612,1008,0,0,0,133,189,172,1180,183,True,1
I-Alinea,effectué,2,612,1008,0,0,0,192,231,172,1180,183,True,1
I-Alinea,à,2,612,1008,0,0,0,234,240,172,1180,183,True,1
I-Alinea,une,2,612,1008,0,0,0,243,261,172,1180,183,True,1
I-Alinea,échelle,2,612,1008,0,0,0,264,299,172,1180,183,True,1
I-Alinea,de,2,612,1008,0,0,0,302,314,172,1180,183,True,1
I-Alinea,1,2,612,1008,0,0,0,317,323,172,1180,183,True,1
I-Alinea,:,2,612,1008,0,0,0,326,329,172,1180,183,True,1
I-Alinea,500,2,612,1008,0,0,0,332,351,172,1180,183,True,1
I-Alinea,à,2,612,1008,0,0,0,354,360,172,1180,183,True,1
I-Alinea,2,2,612,1008,0,0,0,363,369,172,1180,183,True,1
I-Alinea,"500,",2,612,1008,0,0,0,372,393,172,1180,183,True,1
I-Alinea,identifiant,2,612,1008,0,0,0,396,443,172,1180,183,True,1
I-Alinea,et,2,612,1008,0,0,0,446,455,172,1180,183,True,1
I-Alinea,comprenant,2,612,1008,0,0,0,458,516,172,1180,183,True,1
I-Alinea,:,2,612,1008,0,0,0,519,522,172,1180,183,True,1
B-Enumeration,a.,2,612,1008,0,0,0,133,142,197,1205,208,True,1
I-Enumeration,la,2,612,1008,0,0,0,161,169,197,1205,208,True,1
I-Enumeration,"date,",2,612,1008,0,0,0,172,197,197,1205,208,True,1
I-Enumeration,le,2,612,1008,0,0,0,200,209,197,1205,208,True,1
I-Enumeration,"titre,",2,612,1008,0,0,0,212,233,197,1205,208,True,1
I-Enumeration,le,2,612,1008,0,0,0,236,245,197,1205,208,True,1
I-Enumeration,nord,2,612,1008,0,0,0,248,270,197,1205,208,True,1
I-Enumeration,et,2,612,1008,0,0,0,273,282,197,1205,208,True,1
I-Enumeration,l'échelle;,2,612,1008,0,0,0,285,327,197,1205,208,True,1
B-Enumeration,b.,2,612,1008,0,0,0,133,142,210,1218,221,True,1
I-Enumeration,l’identification,2,612,1008,0,0,0,161,227,210,1218,221,True,1
I-Enumeration,cadastrale,2,612,1008,0,0,0,231,282,210,1218,221,True,1
I-Enumeration,du,2,612,1008,0,0,0,286,298,210,1218,221,True,1
I-Enumeration,projet,2,612,1008,0,0,0,302,330,210,1218,221,True,1
I-Enumeration,et,2,612,1008,0,0,0,334,343,210,1218,221,True,1
I-Enumeration,des,2,612,1008,0,0,0,347,365,210,1218,221,True,1
I-Enumeration,lots,2,612,1008,0,0,0,369,386,210,1218,221,True,1
I-Enumeration,adjacents,2,612,1008,0,0,0,390,437,210,1218,221,True,1
I-Enumeration,aux,2,612,1008,0,0,0,441,459,210,1218,221,True,1
I-Enumeration,limites,2,612,1008,0,0,0,463,494,210,1218,221,True,1
I-Enumeration,dudit,2,612,1008,0,0,0,498,522,210,1218,221,True,1
I-Enumeration,projet;,2,612,1008,0,0,0,161,192,223,1231,234,True,1
B-Enumeration,c.,2,612,1008,0,0,0,133,141,235,1243,247,True,1
I-Enumeration,le,2,612,1008,0,0,0,161,169,235,1243,247,True,1
I-Enumeration,tracé,2,612,1008,0,0,0,174,198,235,1243,247,True,1
I-Enumeration,et,2,612,1008,0,0,0,203,212,235,1243,247,True,1
I-Enumeration,l’emprise,2,612,1008,0,0,0,217,261,235,1243,247,True,1
I-Enumeration,des,2,612,1008,0,0,0,265,283,235,1243,247,True,1
I-Enumeration,rues,2,612,1008,0,0,0,287,309,235,1243,247,True,1
I-Enumeration,proposées,2,612,1008,0,0,0,313,364,235,1243,247,True,1
I-Enumeration,et,2,612,1008,0,0,0,369,378,235,1243,247,True,1
I-Enumeration,des,2,612,1008,0,0,0,383,400,235,1243,247,True,1
I-Enumeration,rues,2,612,1008,0,0,0,405,426,235,1243,247,True,1
I-Enumeration,existantes,2,612,1008,0,0,0,430,480,235,1243,247,True,1
I-Enumeration,ou,2,612,1008,0,0,0,484,497,235,1243,247,True,1
I-Enumeration,déjà,2,612,1008,0,0,0,501,522,235,1243,247,True,1
I-Enumeration,acceptées,2,612,1008,0,0,0,161,211,248,1256,259,True,1
I-Enumeration,avec,2,612,1008,0,0,0,215,238,248,1256,259,True,1
I-Enumeration,lequel,2,612,1008,0,0,0,242,272,248,1256,259,True,1
I-Enumeration,les,2,612,1008,0,0,0,276,290,248,1256,259,True,1
I-Enumeration,rues,2,612,1008,0,0,0,293,315,248,1256,259,True,1
I-Enumeration,proposées,2,612,1008,0,0,0,319,370,248,1256,259,True,1
I-Enumeration,communiquent,2,612,1008,0,0,0,374,446,248,1256,259,True,1
I-Enumeration,sur,2,612,1008,0,0,0,450,465,248,1256,259,True,1
I-Enumeration,l’immeuble,2,612,1008,0,0,0,469,522,248,1256,259,True,1
I-Enumeration,et,2,612,1008,0,0,0,161,170,261,1269,272,True,1
I-Enumeration,les,2,612,1008,0,0,0,173,187,261,1269,272,True,1
I-Enumeration,immeubles,2,612,1008,0,0,0,190,244,261,1269,272,True,1
I-Enumeration,adjacents;,2,612,1008,0,0,0,247,297,261,1269,272,True,1
B-Enumeration,d.,2,612,1008,0,0,0,133,142,273,1281,284,True,1
I-Enumeration,les,2,612,1008,0,0,0,161,175,273,1281,284,True,1
I-Enumeration,caractéristiques,2,612,1008,0,0,0,178,255,273,1281,284,True,1
I-Enumeration,des,2,612,1008,0,0,0,259,276,273,1281,284,True,1
I-Enumeration,rues,2,612,1008,0,0,0,280,301,273,1281,284,True,1
I-Enumeration,projetées,2,612,1008,0,0,0,304,350,273,1281,284,True,1
I-Enumeration,(largeur,2,612,1008,0,0,0,353,391,273,1281,284,True,1
I-Enumeration,"d’emprise,",2,612,1008,0,0,0,394,445,273,1281,284,True,1
I-Enumeration,"pente,",2,612,1008,0,0,0,448,479,273,1281,284,True,1
I-Enumeration,"etc.),",2,612,1008,0,0,0,482,507,273,1281,284,True,1
I-Enumeration,de,2,612,1008,0,0,0,510,522,273,1281,284,True,1
I-Enumeration,même,2,612,1008,0,0,0,161,192,286,1294,297,True,1
I-Enumeration,que,2,612,1008,0,0,0,194,213,286,1294,297,True,1
I-Enumeration,"l’identification,",2,612,1008,0,0,0,215,284,286,1294,297,True,1
I-Enumeration,la,2,612,1008,0,0,0,287,295,286,1294,297,True,1
I-Enumeration,localisation,2,612,1008,0,0,0,298,352,286,1294,297,True,1
I-Enumeration,et,2,612,1008,0,0,0,355,364,286,1294,297,True,1
I-Enumeration,la,2,612,1008,0,0,0,367,375,286,1294,297,True,1
I-Enumeration,typologie,2,612,1008,0,0,0,378,422,286,1294,297,True,1
I-Enumeration,associées,2,612,1008,0,0,0,424,473,286,1294,297,True,1
I-Enumeration,à,2,612,1008,0,0,0,476,482,286,1294,297,True,1
I-Enumeration,tous,2,612,1008,0,0,0,485,505,286,1294,297,True,1
I-Enumeration,les,2,612,1008,0,0,0,508,522,286,1294,297,True,1
I-Enumeration,liens,2,612,1008,0,0,0,161,183,299,1307,310,True,1
I-Enumeration,"piétons,",2,612,1008,0,0,0,187,226,299,1307,310,True,1
I-Enumeration,cyclables,2,612,1008,0,0,0,229,274,299,1307,310,True,1
I-Enumeration,ou,2,612,1008,0,0,0,278,290,299,1307,310,True,1
I-Enumeration,autres,2,612,1008,0,0,0,294,324,299,1307,310,True,1
I-Enumeration,de,2,612,1008,0,0,0,328,340,299,1307,310,True,1
I-Enumeration,même,2,612,1008,0,0,0,344,374,299,1307,310,True,1
I-Enumeration,nature,2,612,1008,0,0,0,378,409,299,1307,310,True,1
I-Enumeration,proposés,2,612,1008,0,0,0,412,458,299,1307,310,True,1
I-Enumeration,sur,2,612,1008,0,0,0,461,476,299,1307,310,True,1
I-Enumeration,le,2,612,1008,0,0,0,480,489,299,1307,310,True,1
I-Enumeration,site,2,612,1008,0,0,0,492,509,299,1307,310,True,1
I-Enumeration,et,2,612,1008,0,0,0,513,522,299,1307,310,True,1
I-Enumeration,les,2,612,1008,0,0,0,161,175,311,1319,322,True,1
I-Enumeration,immeubles,2,612,1008,0,0,0,178,231,311,1319,322,True,1
I-Enumeration,adjacents;,2,612,1008,0,0,0,234,284,311,1319,322,True,1
B-Enumeration,e.,2,612,1008,0,0,0,133,142,324,1332,335,True,1
I-Enumeration,les,2,612,1008,0,0,0,161,175,324,1332,335,True,1
I-Enumeration,caractéristiques,2,612,1008,0,0,0,181,258,324,1332,335,True,1
I-Enumeration,de,2,612,1008,0,0,0,264,276,324,1332,335,True,1
I-Enumeration,toutes,2,612,1008,0,0,0,282,312,324,1332,335,True,1
I-Enumeration,les,2,612,1008,0,0,0,318,332,324,1332,335,True,1
I-Enumeration,intersections,2,612,1008,0,0,0,338,399,324,1332,335,True,1
I-Enumeration,des,2,612,1008,0,0,0,405,423,324,1332,335,True,1
I-Enumeration,rues,2,612,1008,0,0,0,429,450,324,1332,335,True,1
I-Enumeration,projetées,2,612,1008,0,0,0,456,502,324,1332,335,True,1
I-Enumeration,qui,2,612,1008,0,0,0,508,522,324,1332,335,True,1
I-Enumeration,communiquent,2,612,1008,0,0,0,161,233,337,1345,348,True,1
I-Enumeration,avec,2,612,1008,0,0,0,236,259,337,1345,348,True,1
I-Enumeration,les,2,612,1008,0,0,0,263,277,337,1345,348,True,1
I-Enumeration,rues,2,612,1008,0,0,0,280,301,337,1345,348,True,1
I-Enumeration,existantes,2,612,1008,0,0,0,304,354,337,1345,348,True,1
I-Enumeration,ou,2,612,1008,0,0,0,357,369,337,1345,348,True,1
I-Enumeration,déjà,2,612,1008,0,0,0,372,393,337,1345,348,True,1
I-Enumeration,acceptées;,2,612,1008,0,0,0,396,449,337,1345,348,True,1
B-Enumeration,f.,2,612,1008,0,0,0,133,139,349,1357,360,True,1
I-Enumeration,la,2,612,1008,0,0,0,161,169,349,1357,360,True,1
I-Enumeration,localisation,2,612,1008,0,0,0,172,227,349,1357,360,True,1
I-Enumeration,des,2,612,1008,0,0,0,230,247,349,1357,360,True,1
I-Enumeration,entrées,2,612,1008,0,0,0,250,287,349,1357,360,True,1
I-Enumeration,charretières,2,612,1008,0,0,0,290,348,349,1357,360,True,1
I-Enumeration,et,2,612,1008,0,0,0,351,360,349,1357,360,True,1
I-Enumeration,des,2,612,1008,0,0,0,363,381,349,1357,360,True,1
I-Enumeration,allées,2,612,1008,0,0,0,383,412,349,1357,360,True,1
I-Enumeration,de,2,612,1008,0,0,0,415,427,349,1357,360,True,1
I-Enumeration,circulation,2,612,1008,0,0,0,430,480,349,1357,360,True,1
I-Enumeration,donnant,2,612,1008,0,0,0,483,522,349,1357,360,True,1
I-Enumeration,accès,2,612,1008,0,0,0,161,190,362,1370,373,True,1
I-Enumeration,au,2,612,1008,0,0,0,193,205,362,1370,373,True,1
I-Enumeration,"projet,",2,612,1008,0,0,0,208,239,362,1370,373,True,1
I-Enumeration,le,2,612,1008,0,0,0,242,250,362,1370,373,True,1
I-Enumeration,cas,2,612,1008,0,0,0,253,270,362,1370,373,True,1
I-Enumeration,échéant;,2,612,1008,0,0,0,274,316,362,1370,373,True,1
B-Enumeration,g.,2,612,1008,0,0,0,133,142,375,1383,386,True,1
I-Enumeration,la,2,612,1008,0,0,0,161,169,375,1383,386,True,1
I-Enumeration,localisation,2,612,1008,0,0,0,172,227,375,1383,386,True,1
I-Enumeration,des,2,612,1008,0,0,0,230,248,375,1383,386,True,1
I-Enumeration,équipements,2,612,1008,0,0,0,250,314,375,1383,386,True,1
I-Enumeration,et,2,612,1008,0,0,0,316,326,375,1383,386,True,1
I-Enumeration,des,2,612,1008,0,0,0,329,346,375,1383,386,True,1
I-Enumeration,infrastructures,2,612,1008,0,0,0,349,419,375,1383,386,True,1
I-Enumeration,situés,2,612,1008,0,0,0,422,450,375,1383,386,True,1
I-Enumeration,à,2,612,1008,0,0,0,453,459,375,1383,386,True,1
I-Enumeration,l’intérieur,2,612,1008,0,0,0,462,507,375,1383,386,True,1
I-Enumeration,du,2,612,1008,0,0,0,510,522,375,1383,386,True,1
I-Enumeration,projet,2,612,1008,0,0,0,161,188,387,1395,398,True,1
I-Enumeration,et,2,612,1008,0,0,0,196,205,387,1395,398,True,1
I-Enumeration,sur,2,612,1008,0,0,0,212,227,387,1395,398,True,1
I-Enumeration,les,2,612,1008,0,0,0,235,249,387,1395,398,True,1
I-Enumeration,lots,2,612,1008,0,0,0,256,273,387,1395,398,True,1
I-Enumeration,ou,2,612,1008,0,0,0,280,292,387,1395,398,True,1
I-Enumeration,parties,2,612,1008,0,0,0,300,333,387,1395,398,True,1
I-Enumeration,de,2,612,1008,0,0,0,340,352,387,1395,398,True,1
I-Enumeration,lots,2,612,1008,0,0,0,359,377,387,1395,398,True,1
I-Enumeration,adjacents,2,612,1008,0,0,0,384,431,387,1395,398,True,1
I-Enumeration,à,2,612,1008,0,0,0,438,444,387,1395,398,True,1
I-Enumeration,l'aire,2,612,1008,0,0,0,452,475,387,1395,398,True,1
I-Enumeration,du,2,612,1008,0,0,0,482,494,387,1395,398,True,1
I-Enumeration,plan,2,612,1008,0,0,0,501,522,387,1395,398,True,1
I-Enumeration,d’aménagement,2,612,1008,0,0,0,161,240,400,1408,411,True,1
I-Enumeration,d’ensemble;,2,612,1008,0,0,0,243,302,400,1408,411,True,1
B-Enumeration,h.,2,612,1008,0,0,0,133,142,413,1421,424,True,1
I-Enumeration,les,2,612,1008,0,0,0,161,175,413,1421,424,True,1
I-Enumeration,servitudes,2,612,1008,0,0,0,178,228,413,1421,424,True,1
I-Enumeration,et,2,612,1008,0,0,0,231,240,413,1421,424,True,1
I-Enumeration,les,2,612,1008,0,0,0,243,257,413,1421,424,True,1
I-Enumeration,droits,2,612,1008,0,0,0,261,287,413,1421,424,True,1
I-Enumeration,de,2,612,1008,0,0,0,290,303,413,1421,424,True,1
I-Enumeration,passages,2,612,1008,0,0,0,306,353,413,1421,424,True,1
I-Enumeration,existants,2,612,1008,0,0,0,356,399,413,1421,424,True,1
I-Enumeration,ou,2,612,1008,0,0,0,402,415,413,1421,424,True,1
I-Enumeration,requis;,2,612,1008,0,0,0,418,451,413,1421,424,True,1
B-Enumeration,i.,2,612,1008,0,0,0,133,138,425,1433,436,True,1
I-Enumeration,la,2,612,1008,0,0,0,161,169,425,1433,436,True,1
I-Enumeration,topographie,2,612,1008,0,0,0,174,232,425,1433,436,True,1
I-Enumeration,du,2,612,1008,0,0,0,237,249,425,1433,436,True,1
I-Enumeration,"terrain,",2,612,1008,0,0,0,253,288,425,1433,436,True,1
I-Enumeration,exprimée,2,612,1008,0,0,0,292,338,425,1433,436,True,1
I-Enumeration,par,2,612,1008,0,0,0,342,358,425,1433,436,True,1
I-Enumeration,des,2,612,1008,0,0,0,362,380,425,1433,436,True,1
I-Enumeration,courbes,2,612,1008,0,0,0,385,424,425,1433,436,True,1
I-Enumeration,de,2,612,1008,0,0,0,428,441,425,1433,436,True,1
I-Enumeration,niveau,2,612,1008,0,0,0,445,478,425,1433,436,True,1
I-Enumeration,dont,2,612,1008,0,0,0,482,503,425,1433,436,True,1
I-Enumeration,les,2,612,1008,0,0,0,508,522,425,1433,436,True,1
I-Enumeration,intervalles,2,612,1008,0,0,0,161,210,438,1446,449,True,1
I-Enumeration,sont,2,612,1008,0,0,0,214,235,438,1446,449,True,1
I-Enumeration,suffisants,2,612,1008,0,0,0,239,285,438,1446,449,True,1
I-Enumeration,à,2,612,1008,0,0,0,289,295,438,1446,449,True,1
I-Enumeration,la,2,612,1008,0,0,0,298,307,438,1446,449,True,1
I-Enumeration,bonne,2,612,1008,0,0,0,311,341,438,1446,449,True,1
I-Enumeration,compréhension,2,612,1008,0,0,0,345,420,438,1446,449,True,1
I-Enumeration,des,2,612,1008,0,0,0,424,441,438,1446,449,True,1
I-Enumeration,caractéristiques,2,612,1008,0,0,0,445,522,438,1446,449,True,1
I-Enumeration,du,2,612,1008,0,0,0,161,173,451,1459,462,True,1
I-Enumeration,"site,",2,612,1008,0,0,0,178,198,451,1459,462,True,1
I-Enumeration,en,2,612,1008,0,0,0,203,216,451,1459,462,True,1
I-Enumeration,distinguant,2,612,1008,0,0,0,220,274,451,1459,462,True,1
I-Enumeration,principalement,2,612,1008,0,0,0,279,350,451,1459,462,True,1
I-Enumeration,:,2,612,1008,0,0,0,355,358,451,1459,462,True,1
I-Enumeration,les,2,612,1008,0,0,0,363,377,451,1459,462,True,1
I-Enumeration,zones,2,612,1008,0,0,0,382,411,451,1459,462,True,1
I-Enumeration,de,2,612,1008,0,0,0,416,429,451,1459,462,True,1
I-Enumeration,très,2,612,1008,0,0,0,433,452,451,1459,462,True,1
I-Enumeration,fortes,2,612,1008,0,0,0,457,484,451,1459,462,True,1
I-Enumeration,pentes,2,612,1008,0,0,0,489,522,451,1459,462,True,1
I-Enumeration,(pente,2,612,1008,0,0,0,161,192,463,1471,474,True,1
I-Enumeration,de,2,612,1008,0,0,0,195,207,463,1471,474,True,1
I-Enumeration,30,2,612,1008,0,0,0,210,222,463,1471,474,True,1
I-Enumeration,%,2,612,1008,0,0,0,225,234,463,1471,474,True,1
I-Enumeration,et,2,612,1008,0,0,0,237,246,463,1471,474,True,1
I-Enumeration,"plus),",2,612,1008,0,0,0,249,276,463,1471,474,True,1
I-Enumeration,les,2,612,1008,0,0,0,279,292,463,1471,474,True,1
I-Enumeration,zones,2,612,1008,0,0,0,295,325,463,1471,474,True,1
I-Enumeration,de,2,612,1008,0,0,0,327,340,463,1471,474,True,1
I-Enumeration,fortes,2,612,1008,0,0,0,342,370,463,1471,474,True,1
I-Enumeration,pentes,2,612,1008,0,0,0,372,405,463,1471,474,True,1
I-Enumeration,(pente,2,612,1008,0,0,0,408,439,463,1471,474,True,1
I-Enumeration,de,2,612,1008,0,0,0,442,454,463,1471,474,True,1
I-Enumeration,15,2,612,1008,0,0,0,457,469,463,1471,474,True,1
I-Enumeration,%,2,612,1008,0,0,0,472,481,463,1471,474,True,1
I-Enumeration,à,2,612,1008,0,0,0,484,490,463,1471,474,True,1
I-Enumeration,moins,2,612,1008,0,0,0,493,522,463,1471,474,True,1
I-Enumeration,de,2,612,1008,0,0,0,161,173,476,1484,487,True,1
I-Enumeration,30,2,612,1008,0,0,0,176,189,476,1484,487,True,1
I-Enumeration,"%),",2,612,1008,0,0,0,192,208,476,1484,487,True,1
I-Enumeration,les,2,612,1008,0,0,0,211,225,476,1484,487,True,1
I-Enumeration,zones,2,612,1008,0,0,0,229,258,476,1484,487,True,1
I-Enumeration,de,2,612,1008,0,0,0,261,273,476,1484,487,True,1
I-Enumeration,pentes,2,612,1008,0,0,0,277,310,476,1484,487,True,1
I-Enumeration,moyennes,2,612,1008,0,0,0,313,364,476,1484,487,True,1
I-Enumeration,(pente,2,612,1008,0,0,0,367,398,476,1484,487,True,1
I-Enumeration,de,2,612,1008,0,0,0,401,413,476,1484,487,True,1
I-Enumeration,plus,2,612,1008,0,0,0,416,436,476,1484,487,True,1
I-Enumeration,de,2,612,1008,0,0,0,440,452,476,1484,487,True,1
I-Enumeration,10,2,612,1008,0,0,0,455,467,476,1484,487,True,1
I-Enumeration,%,2,612,1008,0,0,0,470,480,476,1484,487,True,1
I-Enumeration,à,2,612,1008,0,0,0,483,489,476,1484,487,True,1
I-Enumeration,moins,2,612,1008,0,0,0,493,522,476,1484,487,True,1
I-Enumeration,de,2,612,1008,0,0,0,161,173,489,1497,500,True,1
I-Enumeration,15,2,612,1008,0,0,0,177,189,489,1497,500,True,1
I-Enumeration,%),2,612,1008,0,0,0,193,206,489,1497,500,True,1
I-Enumeration,et,2,612,1008,0,0,0,210,219,489,1497,500,True,1
I-Enumeration,les,2,612,1008,0,0,0,222,237,489,1497,500,True,1
I-Enumeration,zones,2,612,1008,0,0,0,240,269,489,1497,500,True,1
I-Enumeration,de,2,612,1008,0,0,0,273,285,489,1497,500,True,1
I-Enumeration,faibles,2,612,1008,0,0,0,289,320,489,1497,500,True,1
I-Enumeration,pentes,2,612,1008,0,0,0,324,357,489,1497,500,True,1
I-Enumeration,(pente,2,612,1008,0,0,0,361,392,489,1497,500,True,1
I-Enumeration,de,2,612,1008,0,0,0,395,408,489,1497,500,True,1
I-Enumeration,10,2,612,1008,0,0,0,411,423,489,1497,500,True,1
I-Enumeration,%,2,612,1008,0,0,0,427,437,489,1497,500,True,1
I-Enumeration,et,2,612,1008,0,0,0,440,449,489,1497,500,True,1
I-Enumeration,"moins),",2,612,1008,0,0,0,453,489,489,1497,500,True,1
I-Enumeration,le,2,612,1008,0,0,0,493,501,489,1497,500,True,1
I-Enumeration,cas,2,612,1008,0,0,0,505,522,489,1497,500,True,1
I-Enumeration,échéant;,2,612,1008,0,0,0,161,203,501,1509,512,True,1
B-Enumeration,j.,2,612,1008,0,0,0,133,138,514,1522,525,True,1
I-Enumeration,l’identification,2,612,1008,0,0,0,161,227,514,1522,525,True,1
I-Enumeration,et,2,612,1008,0,0,0,230,240,514,1522,525,True,1
I-Enumeration,la,2,612,1008,0,0,0,243,252,514,1522,525,True,1
I-Enumeration,localisation,2,612,1008,0,0,0,255,309,514,1522,525,True,1
I-Enumeration,des,2,612,1008,0,0,0,313,331,514,1522,525,True,1
I-Enumeration,éléments,2,612,1008,0,0,0,334,379,514,1522,525,True,1
I-Enumeration,de,2,612,1008,0,0,0,382,394,514,1522,525,True,1
I-Enumeration,contrainte,2,612,1008,0,0,0,397,446,514,1522,525,True,1
I-Enumeration,ou,2,612,1008,0,0,0,449,462,514,1522,525,True,1
I-Enumeration,potentiel,2,612,1008,0,0,0,465,506,514,1522,525,True,1
I-Enumeration,du,2,612,1008,0,0,0,510,522,514,1522,525,True,1
I-Enumeration,site,2,612,1008,0,0,0,161,178,526,1534,537,True,1
I-Enumeration,incluant,2,612,1008,0,0,0,183,221,526,1534,537,True,1
I-Enumeration,les,2,612,1008,0,0,0,226,240,526,1534,537,True,1
I-Enumeration,caractéristiques,2,612,1008,0,0,0,245,322,526,1534,537,True,1
I-Enumeration,naturelles,2,612,1008,0,0,0,327,375,526,1534,537,True,1
I-Enumeration,du,2,612,1008,0,0,0,380,392,526,1534,537,True,1
I-Enumeration,site,2,612,1008,0,0,0,397,414,526,1534,537,True,1
I-Enumeration,et,2,612,1008,0,0,0,419,428,526,1534,537,True,1
I-Enumeration,leurs,2,612,1008,0,0,0,433,457,526,1534,537,True,1
I-Enumeration,localisations,2,612,1008,0,0,0,462,522,526,1534,537,True,1
I-Enumeration,(cours,2,612,1008,0,0,0,161,192,539,1547,550,True,1
I-Enumeration,"d'eau,",2,612,1008,0,0,0,194,224,539,1547,550,True,1
I-Enumeration,milieux,2,612,1008,0,0,0,226,261,539,1547,550,True,1
I-Enumeration,"humides,",2,612,1008,0,0,0,263,308,539,1547,550,True,1
I-Enumeration,rocs,2,612,1008,0,0,0,310,331,539,1547,550,True,1
I-Enumeration,de,2,612,1008,0,0,0,334,346,539,1547,550,True,1
I-Enumeration,"surface,",2,612,1008,0,0,0,349,388,539,1547,550,True,1
I-Enumeration,espaces,2,612,1008,0,0,0,390,431,539,1547,550,True,1
I-Enumeration,"boisés,",2,612,1008,0,0,0,434,469,539,1547,550,True,1
I-Enumeration,végétation,2,612,1008,0,0,0,471,522,539,1547,550,True,1
I-Enumeration,"existante,",2,612,1008,0,0,0,161,208,552,1560,563,True,1
I-Enumeration,zones,2,612,1008,0,0,0,216,245,552,1560,563,True,1
I-Enumeration,"d'inondations,",2,612,1008,0,0,0,252,320,552,1560,563,True,1
I-Enumeration,etc.),2,612,1008,0,0,0,327,349,552,1560,563,True,1
I-Enumeration,et,2,612,1008,0,0,0,356,366,552,1560,563,True,1
I-Enumeration,les,2,612,1008,0,0,0,373,387,552,1560,563,True,1
I-Enumeration,modifications,2,612,1008,0,0,0,394,459,552,1560,563,True,1
I-Enumeration,qui,2,612,1008,0,0,0,466,481,552,1560,563,True,1
I-Enumeration,y,2,612,1008,0,0,0,488,494,552,1560,563,True,1
I-Enumeration,sont,2,612,1008,0,0,0,501,522,552,1560,563,True,1
I-Enumeration,projetées;,2,612,1008,0,0,0,161,209,564,1572,575,True,1
B-Article,6.,2,612,1008,0,0,0,133,142,590,1598,601,True,1
I-Article,DOCUMENTS,2,612,1008,0,0,0,151,222,590,1598,601,True,1
I-Article,ET,2,612,1008,0,0,0,225,239,590,1598,601,True,1
I-Article,PLAN,2,612,1008,0,0,0,242,272,590,1598,601,True,1
I-Article,ADDITIONNELS,2,612,1008,0,0,0,275,357,590,1598,601,True,1
I-Article,REQUIS,2,612,1008,0,0,0,360,402,590,1598,601,True,1
B-Alinea,En,2,612,1008,0,0,0,133,146,615,1623,626,True,1
I-Alinea,plus,2,612,1008,0,0,0,152,172,615,1623,626,True,1
I-Alinea,des,2,612,1008,0,0,0,178,196,615,1623,626,True,1
I-Alinea,plans,2,612,1008,0,0,0,202,229,615,1623,626,True,1
I-Alinea,et,2,612,1008,0,0,0,235,244,615,1623,626,True,1
I-Alinea,documents,2,612,1008,0,0,0,250,304,615,1623,626,True,1
I-Alinea,requis,2,612,1008,0,0,0,310,340,615,1623,626,True,1
I-Alinea,en,2,612,1008,0,0,0,346,358,615,1623,626,True,1
I-Alinea,vertu,2,612,1008,0,0,0,364,388,615,1623,626,True,1
I-Alinea,du,2,612,1008,0,0,0,394,407,615,1623,626,True,1
I-Alinea,présent,2,612,1008,0,0,0,413,449,615,1623,626,True,1
I-Alinea,"règlement,",2,612,1008,0,0,0,455,507,615,1623,626,True,1
I-Alinea,le,2,612,1008,0,0,0,514,522,615,1623,626,True,1
I-Alinea,fonctionnaire,2,612,1008,0,0,0,133,196,628,1636,639,True,1
I-Alinea,désigné,2,612,1008,0,0,0,198,237,628,1636,639,True,1
I-Alinea,peut,2,612,1008,0,0,0,240,261,628,1636,639,True,1
I-Alinea,également,2,612,1008,0,0,0,264,315,628,1636,639,True,1
I-Alinea,exiger,2,612,1008,0,0,0,318,348,628,1636,639,True,1
I-Alinea,du,2,612,1008,0,0,0,350,363,628,1636,639,True,1
I-Alinea,propriétaire,2,612,1008,0,0,0,365,421,628,1636,639,True,1
I-Alinea,qu’il,2,612,1008,0,0,0,424,443,628,1636,639,True,1
I-Alinea,"fournisse,",2,612,1008,0,0,0,446,494,628,1636,639,True,1
I-Alinea,à,2,612,1008,0,0,0,496,502,628,1636,639,True,1
I-Alinea,ses,2,612,1008,0,0,0,505,522,628,1636,639,True,1
I-Alinea,"frais,",2,612,1008,0,0,0,133,157,640,1648,651,True,1
I-Alinea,tout,2,612,1008,0,0,0,163,182,640,1648,651,True,1
I-Alinea,autres,2,612,1008,0,0,0,188,219,640,1648,651,True,1
I-Alinea,"renseignement,",2,612,1008,0,0,0,226,301,640,1648,651,True,1
I-Alinea,"détail,",2,612,1008,0,0,0,308,337,640,1648,651,True,1
I-Alinea,plan,2,612,1008,0,0,0,344,365,640,1648,651,True,1
I-Alinea,ou,2,612,1008,0,0,0,372,384,640,1648,651,True,1
I-Alinea,attestation,2,612,1008,0,0,0,391,441,640,1648,651,True,1
I-Alinea,professionnelle,2,612,1008,0,0,0,448,522,640,1648,651,True,1
I-Alinea,(incluant,2,612,1008,0,0,0,133,174,653,1661,664,True,1
I-Alinea,le,2,612,1008,0,0,0,181,190,653,1661,664,True,1
I-Alinea,sceau,2,612,1008,0,0,0,197,226,653,1661,664,True,1
I-Alinea,et,2,612,1008,0,0,0,233,242,653,1661,664,True,1
I-Alinea,la,2,612,1008,0,0,0,249,258,653,1661,664,True,1
I-Alinea,signature,2,612,1008,0,0,0,265,310,653,1661,664,True,1
I-Alinea,originale,2,612,1008,0,0,0,317,359,653,1661,664,True,1
I-Alinea,du,2,612,1008,0,0,0,366,378,653,1661,664,True,1
I-Alinea,professionnel,2,612,1008,0,0,0,385,451,653,1661,664,True,1
I-Alinea,qui,2,612,1008,0,0,0,458,472,653,1661,664,True,1
I-Alinea,les,2,612,1008,0,0,0,479,493,653,1661,664,True,1
I-Alinea,aura,2,612,1008,0,0,0,500,522,653,1661,664,True,1
I-Alinea,"préparés),",2,612,1008,0,0,0,133,183,666,1674,677,True,1
I-Alinea,de,2,612,1008,0,0,0,193,205,666,1674,677,True,1
I-Alinea,même,2,612,1008,0,0,0,215,245,666,1674,677,True,1
I-Alinea,qu’un,2,612,1008,0,0,0,255,282,666,1674,677,True,1
I-Alinea,rapport,2,612,1008,0,0,0,292,326,666,1674,677,True,1
I-Alinea,présentant,2,612,1008,0,0,0,336,388,666,1674,677,True,1
I-Alinea,les,2,612,1008,0,0,0,398,412,666,1674,677,True,1
I-Alinea,conclusions,2,612,1008,0,0,0,422,479,666,1674,677,True,1
I-Alinea,et,2,612,1008,0,0,0,489,498,666,1674,677,True,1
I-Alinea,les,2,612,1008,0,0,0,508,522,666,1674,677,True,1
I-Alinea,recommandations,2,612,1008,0,0,0,133,220,678,1686,689,True,1
I-Alinea,relatives,2,612,1008,0,0,0,224,265,678,1686,689,True,1
I-Alinea,au,2,612,1008,0,0,0,269,282,678,1686,689,True,1
I-Alinea,projet,2,612,1008,0,0,0,286,313,678,1686,689,True,1
I-Alinea,nécessaire,2,612,1008,0,0,0,318,371,678,1686,689,True,1
I-Alinea,à,2,612,1008,0,0,0,375,381,678,1686,689,True,1
I-Alinea,la,2,612,1008,0,0,0,385,394,678,1686,689,True,1
I-Alinea,complète,2,612,1008,0,0,0,398,443,678,1686,689,True,1
I-Alinea,compréhension,2,612,1008,0,0,0,447,522,678,1686,689,True,1
I-Alinea,de,2,612,1008,0,0,0,133,145,691,1699,702,True,1
I-Alinea,la,2,612,1008,0,0,0,149,158,691,1699,702,True,1
I-Alinea,demande,2,612,1008,0,0,0,162,208,691,1699,702,True,1
I-Alinea,et/ou,2,612,1008,0,0,0,213,237,691,1699,702,True,1
I-Alinea,pour,2,612,1008,0,0,0,241,263,691,1699,702,True,1
I-Alinea,s’assurer,2,612,1008,0,0,0,268,312,691,1699,702,True,1
I-Alinea,de,2,612,1008,0,0,0,317,329,691,1699,702,True,1
I-Alinea,la,2,612,1008,0,0,0,333,342,691,1699,702,True,1
I-Alinea,parfaite,2,612,1008,0,0,0,346,383,691,1699,702,True,1
I-Alinea,observance,2,612,1008,0,0,0,387,444,691,1699,702,True,1
I-Alinea,des,2,612,1008,0,0,0,449,467,691,1699,702,True,1
I-Alinea,différentes,2,612,1008,0,0,0,471,522,691,1699,702,True,1
I-Alinea,dispositions,2,612,1008,0,0,0,133,190,704,1712,715,True,1
I-Alinea,de,2,612,1008,0,0,0,195,208,704,1712,715,True,1
I-Alinea,tout,2,612,1008,0,0,0,213,231,704,1712,715,True,1
I-Alinea,règlement,2,612,1008,0,0,0,237,286,704,1712,715,True,1
I-Alinea,pertinent,2,612,1008,0,0,0,291,334,704,1712,715,True,1
I-Alinea,et/ou,2,612,1008,0,0,0,339,364,704,1712,715,True,1
I-Alinea,pour,2,612,1008,0,0,0,369,391,704,1712,715,True,1
I-Alinea,s’assurer,2,612,1008,0,0,0,396,441,704,1712,715,True,1
I-Alinea,que,2,612,1008,0,0,0,446,464,704,1712,715,True,1
I-Alinea,la,2,612,1008,0,0,0,470,478,704,1712,715,True,1
I-Alinea,sécurité,2,612,1008,0,0,0,484,522,704,1712,715,True,1
I-Alinea,publique,2,612,1008,0,0,0,133,174,716,1724,727,True,1
I-Alinea,ou,2,612,1008,0,0,0,177,190,716,1724,727,True,1
I-Alinea,l’environnement,2,612,1008,0,0,0,193,270,716,1724,727,True,1
I-Alinea,ne,2,612,1008,0,0,0,273,286,716,1724,727,True,1
I-Alinea,seront,2,612,1008,0,0,0,289,319,716,1724,727,True,1
I-Alinea,pas,2,612,1008,0,0,0,322,340,716,1724,727,True,1
I-Alinea,indument,2,612,1008,0,0,0,343,388,716,1724,727,True,1
I-Alinea,mis,2,612,1008,0,0,0,391,408,716,1724,727,True,1
I-Alinea,en,2,612,1008,0,0,0,412,424,716,1724,727,True,1
I-Alinea,cause.,2,612,1008,0,0,0,427,459,716,1724,727,True,1
B-Article,7.,2,612,1008,0,0,0,133,142,741,1749,753,True,1
I-Article,DISPENSE,2,612,1008,0,0,0,151,206,741,1749,753,True,1
I-Article,DE,2,612,1008,0,0,0,209,225,741,1749,753,True,1
I-Article,FOURNIR,2,612,1008,0,0,0,228,278,741,1749,753,True,1
I-Article,LES,2,612,1008,0,0,0,281,302,741,1749,753,True,1
I-Article,DOCUMENTS,2,612,1008,0,0,0,305,376,741,1749,753,True,1
I-Article,ET,2,612,1008,0,0,0,379,393,741,1749,753,True,1
I-Article,PLANS,2,612,1008,0,0,0,396,434,741,1749,753,True,1
I-Article,REQUIS,2,612,1008,0,0,0,437,479,741,1749,753,True,1
B-Alinea,Malgré,2,612,1008,0,0,0,133,166,767,1775,778,True,1
I-Alinea,toute,2,612,1008,0,0,0,170,194,767,1775,778,True,1
I-Alinea,autre,2,612,1008,0,0,0,197,222,767,1775,778,True,1
I-Alinea,disposition,2,612,1008,0,0,0,226,278,767,1775,778,True,1
I-Alinea,"contraire,",2,612,1008,0,0,0,281,327,767,1775,778,True,1
I-Alinea,le,2,612,1008,0,0,0,330,339,767,1775,778,True,1
I-Alinea,fonctionnaire,2,612,1008,0,0,0,342,405,767,1775,778,True,1
I-Alinea,désigné,2,612,1008,0,0,0,408,447,767,1775,778,True,1
I-Alinea,peut,2,612,1008,0,0,0,450,471,767,1775,778,True,1
I-Alinea,dispenser,2,612,1008,0,0,0,475,522,767,1775,778,True,1
I-Alinea,le,2,612,1008,0,0,0,133,141,779,1787,790,True,1
I-Alinea,requérant,2,612,1008,0,0,0,144,191,779,1787,790,True,1
I-Alinea,de,2,612,1008,0,0,0,194,206,779,1787,790,True,1
I-Alinea,fournir,2,612,1008,0,0,0,209,240,779,1787,790,True,1
I-Alinea,l’un,2,612,1008,0,0,0,243,260,779,1787,790,True,1
I-Alinea,ou,2,612,1008,0,0,0,263,275,779,1787,790,True,1
I-Alinea,l’autre,2,612,1008,0,0,0,278,308,779,1787,790,True,1
I-Alinea,des,2,612,1008,0,0,0,311,329,779,1787,790,True,1
I-Alinea,"renseignements,",2,612,1008,0,0,0,331,413,779,1787,790,True,1
I-Alinea,"détails,",2,612,1008,0,0,0,416,450,779,1787,790,True,1
I-Alinea,documents,2,612,1008,0,0,0,453,507,779,1787,790,True,1
I-Alinea,ou,2,612,1008,0,0,0,510,522,779,1787,790,True,1
I-Alinea,attestations,2,612,1008,0,0,0,133,189,792,1800,803,True,1
I-Alinea,professionnelles,2,612,1008,0,0,0,193,273,792,1800,803,True,1
I-Alinea,spécifiées,2,612,1008,0,0,0,277,326,792,1800,803,True,1
I-Alinea,dans,2,612,1008,0,0,0,331,354,792,1800,803,True,1
I-Alinea,le,2,612,1008,0,0,0,359,367,792,1800,803,True,1
I-Alinea,présent,2,612,1008,0,0,0,372,409,792,1800,803,True,1
I-Alinea,règlement,2,612,1008,0,0,0,413,462,792,1800,803,True,1
I-Alinea,"lorsque,",2,612,1008,0,0,0,466,505,792,1800,803,True,1
I-Alinea,de,2,612,1008,0,0,0,510,522,792,1800,803,True,1
I-Alinea,l’avis,2,612,1008,0,0,0,133,157,805,1813,816,True,1
I-Alinea,du,2,612,1008,0,0,0,161,174,805,1813,816,True,1
I-Alinea,fonctionnaire,2,612,1008,0,0,0,178,241,805,1813,816,True,1
I-Alinea,"désigné,",2,612,1008,0,0,0,246,287,805,1813,816,True,1
I-Alinea,leur,2,612,1008,0,0,0,292,310,805,1813,816,True,1
I-Alinea,absence,2,612,1008,0,0,0,314,356,805,1813,816,True,1
I-Alinea,n’entraverait,2,612,1008,0,0,0,360,421,805,1813,816,True,1
I-Alinea,en,2,612,1008,0,0,0,425,438,805,1813,816,True,1
I-Alinea,rien,2,612,1008,0,0,0,442,460,805,1813,816,True,1
I-Alinea,la,2,612,1008,0,0,0,465,473,805,1813,816,True,1
I-Alinea,complète,2,612,1008,0,0,0,478,522,805,1813,816,True,1
I-Alinea,compréhension,2,612,1008,0,0,0,133,208,817,1825,828,True,1
I-Alinea,de,2,612,1008,0,0,0,217,229,817,1825,828,True,1
I-Alinea,la,2,612,1008,0,0,0,239,247,817,1825,828,True,1
I-Alinea,"demande,",2,612,1008,0,0,0,257,306,817,1825,828,True,1
I-Alinea,l’observance,2,612,1008,0,0,0,315,377,817,1825,828,True,1
I-Alinea,des,2,612,1008,0,0,0,386,404,817,1825,828,True,1
I-Alinea,différents,2,612,1008,0,0,0,413,458,817,1825,828,True,1
I-Alinea,règlements,2,612,1008,0,0,0,468,522,817,1825,828,True,1
I-Alinea,municipaux,2,612,1008,0,0,0,133,188,830,1838,841,True,1
I-Alinea,ou,2,612,1008,0,0,0,191,204,830,1838,841,True,1
I-Alinea,ne,2,612,1008,0,0,0,206,219,830,1838,841,True,1
I-Alinea,mettrait,2,612,1008,0,0,0,221,258,830,1838,841,True,1
I-Alinea,pas,2,612,1008,0,0,0,261,279,830,1838,841,True,1
I-Alinea,en,2,612,1008,0,0,0,282,294,830,1838,841,True,1
I-Alinea,cause,2,612,1008,0,0,0,297,326,830,1838,841,True,1
I-Alinea,la,2,612,1008,0,0,0,329,338,830,1838,841,True,1
I-Alinea,sécurité,2,612,1008,0,0,0,340,379,830,1838,841,True,1
I-Alinea,publique,2,612,1008,0,0,0,382,423,830,1838,841,True,1
I-Alinea,ou,2,612,1008,0,0,0,426,439,830,1838,841,True,1
I-Alinea,l’environnement.,2,612,1008,0,0,0,441,522,830,1838,841,True,1
B-Pied,Règlement,2,612,1008,0,0,0,90,134,950,1958,959,True,1
I-Pied,1323,2,612,1008,0,0,0,136,156,950,1958,959,True,1
I-Pied,sur,2,612,1008,0,0,0,159,171,950,1958,959,True,1
I-Pied,les,2,612,1008,0,0,0,174,185,950,1958,959,True,1
I-Pied,plans,2,612,1008,0,0,0,188,209,950,1958,959,True,1
I-Pied,d’aménagement,2,612,1008,0,0,0,212,276,950,1958,959,True,1
I-Pied,d’ensemble,2,612,1008,0,0,0,279,325,950,1958,959,True,1
I-Pied,–,2,612,1008,0,0,0,327,332,950,1958,959,True,1
I-Pied,21,2,612,1008,0,0,0,335,345,950,1958,959,True,1
I-Pied,mars,2,612,1008,0,0,0,347,367,950,1958,959,True,1
I-Pied,2022,2,612,1008,0,0,0,370,390,950,1958,959,True,1
I-Pied,(Adoption),2,612,1008,0,0,0,392,434,950,1958,959,True,1
B-Article,8.,3,612,1008,0,0,0,133,142,58,2074,69,True,1
I-Article,ÉTUDE,3,612,1008,0,0,0,151,188,58,2074,69,True,1
I-Article,DE,3,612,1008,0,0,0,201,216,58,2074,69,True,1
I-Article,LA,3,612,1008,0,0,0,229,244,58,2074,69,True,1
I-Article,DEMANDE,3,612,1008,0,0,0,257,312,58,2074,69,True,1
I-Article,PAR,3,612,1008,0,0,0,325,349,58,2074,69,True,1
I-Article,LE,3,612,1008,0,0,0,362,376,58,2074,69,True,1
I-Article,COMITÉ,3,612,1008,0,0,0,389,431,58,2074,69,True,1
I-Article,CONSULTATIF,3,612,1008,0,0,0,444,522,58,2074,69,True,1
I-Article,D’URBANISME,3,612,1008,0,0,0,151,228,71,2087,82,True,1
B-Alinea,Une,3,612,1008,0,0,0,133,153,96,2112,107,True,1
I-Alinea,fois,3,612,1008,0,0,0,155,172,96,2112,107,True,1
I-Alinea,que,3,612,1008,0,0,0,175,193,96,2112,107,True,1
I-Alinea,le,3,612,1008,0,0,0,195,204,96,2112,107,True,1
I-Alinea,contenu,3,612,1008,0,0,0,206,246,96,2112,107,True,1
I-Alinea,du,3,612,1008,0,0,0,248,260,96,2112,107,True,1
I-Alinea,plan,3,612,1008,0,0,0,263,283,96,2112,107,True,1
I-Alinea,d’aménagement,3,612,1008,0,0,0,286,365,96,2112,107,True,1
I-Alinea,d’ensemble,3,612,1008,0,0,0,367,423,96,2112,107,True,1
I-Alinea,est,3,612,1008,0,0,0,426,441,96,2112,107,True,1
I-Alinea,réputé,3,612,1008,0,0,0,443,474,96,2112,107,True,1
I-Alinea,conforme,3,612,1008,0,0,0,476,522,96,2112,107,True,1
I-Alinea,aux,3,612,1008,0,0,0,133,150,109,2125,120,True,1
I-Alinea,règlements,3,612,1008,0,0,0,153,208,109,2125,120,True,1
I-Alinea,d’urbanisme,3,612,1008,0,0,0,211,271,109,2125,120,True,1
I-Alinea,par,3,612,1008,0,0,0,274,290,109,2125,120,True,1
I-Alinea,le,3,612,1008,0,0,0,293,302,109,2125,120,True,1
I-Alinea,fonctionnaire,3,612,1008,0,0,0,305,368,109,2125,120,True,1
I-Alinea,"désigné,",3,612,1008,0,0,0,371,412,109,2125,120,True,1
I-Alinea,ce,3,612,1008,0,0,0,415,427,109,2125,120,True,1
I-Alinea,dernier,3,612,1008,0,0,0,430,465,109,2125,120,True,1
I-Alinea,transmet,3,612,1008,0,0,0,468,510,109,2125,120,True,1
I-Alinea,la,3,612,1008,0,0,0,513,522,109,2125,120,True,1
I-Alinea,demande,3,612,1008,0,0,0,133,179,122,2138,133,True,1
I-Alinea,au,3,612,1008,0,0,0,183,195,122,2138,133,True,1
I-Alinea,comité,3,612,1008,0,0,0,200,232,122,2138,133,True,1
I-Alinea,consultatif,3,612,1008,0,0,0,237,287,122,2138,133,True,1
I-Alinea,d’urbanisme,3,612,1008,0,0,0,291,351,122,2138,133,True,1
I-Alinea,qui,3,612,1008,0,0,0,356,370,122,2138,133,True,1
I-Alinea,prépare,3,612,1008,0,0,0,375,413,122,2138,133,True,1
I-Alinea,une,3,612,1008,0,0,0,417,436,122,2138,133,True,1
I-Alinea,recommandation,3,612,1008,0,0,0,440,522,122,2138,133,True,1
I-Alinea,pour,3,612,1008,0,0,0,133,155,134,2150,145,True,1
I-Alinea,le,3,612,1008,0,0,0,158,166,134,2150,145,True,1
I-Alinea,conseil,3,612,1008,0,0,0,169,204,134,2150,145,True,1
I-Alinea,municipal.,3,612,1008,0,0,0,207,256,134,2150,145,True,1
B-Alinea,Le,3,612,1008,0,0,0,133,145,160,2176,171,True,1
I-Alinea,comité,3,612,1008,0,0,0,151,184,160,2176,171,True,1
I-Alinea,consultatif,3,612,1008,0,0,0,190,240,160,2176,171,True,1
I-Alinea,d’urbanisme,3,612,1008,0,0,0,246,306,160,2176,171,True,1
I-Alinea,peut,3,612,1008,0,0,0,313,334,160,2176,171,True,1
I-Alinea,"demander,",3,612,1008,0,0,0,341,393,160,2176,171,True,1
I-Alinea,si,3,612,1008,0,0,0,400,408,160,2176,171,True,1
I-Alinea,jugé,3,612,1008,0,0,0,414,435,160,2176,171,True,1
I-Alinea,"nécessaire,",3,612,1008,0,0,0,441,498,160,2176,171,True,1
I-Alinea,des,3,612,1008,0,0,0,504,522,160,2176,171,True,1
I-Alinea,renseignements,3,612,1008,0,0,0,133,211,172,2188,183,True,1
I-Alinea,supplémentaires,3,612,1008,0,0,0,221,302,172,2188,183,True,1
I-Alinea,au,3,612,1008,0,0,0,311,324,172,2188,183,True,1
I-Alinea,requérant,3,612,1008,0,0,0,334,381,172,2188,183,True,1
I-Alinea,du,3,612,1008,0,0,0,391,403,172,2188,183,True,1
I-Alinea,plan,3,612,1008,0,0,0,413,433,172,2188,183,True,1
I-Alinea,d’aménagement,3,612,1008,0,0,0,443,522,172,2188,183,True,1
I-Alinea,d’ensemble.,3,612,1008,0,0,0,133,192,185,2201,196,True,1
B-Article,9.,3,612,1008,0,0,0,133,142,210,2226,221,True,1
I-Article,DÉCISION,3,612,1008,0,0,0,151,204,210,2226,221,True,1
I-Article,DU,3,612,1008,0,0,0,207,223,210,2226,221,True,1
I-Article,CONSEIL,3,612,1008,0,0,0,226,275,210,2226,221,True,1
I-Article,MUNICIPAL,3,612,1008,0,0,0,278,339,210,2226,221,True,1
B-Alinea,À,3,612,1008,0,0,0,133,140,235,2251,247,True,1
I-Alinea,la,3,612,1008,0,0,0,145,153,235,2251,247,True,1
I-Alinea,suite,3,612,1008,0,0,0,158,181,235,2251,247,True,1
I-Alinea,de,3,612,1008,0,0,0,186,198,235,2251,247,True,1
I-Alinea,la,3,612,1008,0,0,0,203,211,235,2251,247,True,1
I-Alinea,réception,3,612,1008,0,0,0,216,261,235,2251,247,True,1
I-Alinea,de,3,612,1008,0,0,0,266,278,235,2251,247,True,1
I-Alinea,l’avis,3,612,1008,0,0,0,283,307,235,2251,247,True,1
I-Alinea,du,3,612,1008,0,0,0,312,324,235,2251,247,True,1
I-Alinea,comité,3,612,1008,0,0,0,329,361,235,2251,247,True,1
I-Alinea,consultatif,3,612,1008,0,0,0,366,416,235,2251,247,True,1
I-Alinea,"d’urbanisme,",3,612,1008,0,0,0,420,483,235,2251,247,True,1
I-Alinea,le,3,612,1008,0,0,0,488,497,235,2251,247,True,1
I-Alinea,plan,3,612,1008,0,0,0,501,522,235,2251,247,True,1
I-Alinea,d’aménagement,3,612,1008,0,0,0,133,212,248,2264,259,True,1
I-Alinea,d’ensemble,3,612,1008,0,0,0,215,271,248,2264,259,True,1
I-Alinea,est,3,612,1008,0,0,0,274,289,248,2264,259,True,1
I-Alinea,soumis,3,612,1008,0,0,0,292,326,248,2264,259,True,1
I-Alinea,au,3,612,1008,0,0,0,330,342,248,2264,259,True,1
I-Alinea,conseil,3,612,1008,0,0,0,345,379,248,2264,259,True,1
I-Alinea,municipal,3,612,1008,0,0,0,382,429,248,2264,259,True,1
I-Alinea,pour,3,612,1008,0,0,0,432,454,248,2264,259,True,1
I-Alinea,approbation;,3,612,1008,0,0,0,457,518,248,2264,259,True,1
B-Alinea,Le,3,612,1008,0,0,0,133,145,273,2289,284,True,1
I-Alinea,conseil,3,612,1008,0,0,0,154,188,273,2289,284,True,1
I-Alinea,municipal,3,612,1008,0,0,0,197,243,273,2289,284,True,1
I-Alinea,peut,3,612,1008,0,0,0,252,273,273,2289,284,True,1
I-Alinea,"approuver,",3,612,1008,0,0,0,282,335,273,2289,284,True,1
I-Alinea,avec,3,612,1008,0,0,0,343,367,273,2289,284,True,1
I-Alinea,ou,3,612,1008,0,0,0,375,388,273,2289,284,True,1
I-Alinea,sans,3,612,1008,0,0,0,396,420,273,2289,284,True,1
I-Alinea,"condition,",3,612,1008,0,0,0,428,475,273,2289,284,True,1
I-Alinea,le,3,612,1008,0,0,0,484,493,273,2289,284,True,1
I-Alinea,plan,3,612,1008,0,0,0,501,522,273,2289,284,True,1
I-Alinea,d’aménagement,3,612,1008,0,0,0,133,212,286,2302,297,True,1
I-Alinea,d’ensemble,3,612,1008,0,0,0,214,270,286,2302,297,True,1
I-Alinea,par,3,612,1008,0,0,0,273,289,286,2302,297,True,1
I-Alinea,"résolution,",3,612,1008,0,0,0,291,342,286,2302,297,True,1
I-Alinea,"si,",3,612,1008,0,0,0,344,355,286,2302,297,True,1
I-Alinea,de,3,612,1008,0,0,0,358,370,286,2302,297,True,1
I-Alinea,l’avis,3,612,1008,0,0,0,373,397,286,2302,297,True,1
I-Alinea,de,3,612,1008,0,0,0,399,412,286,2302,297,True,1
I-Alinea,ce,3,612,1008,0,0,0,414,426,286,2302,297,True,1
I-Alinea,"dernier,",3,612,1008,0,0,0,428,466,286,2302,297,True,1
I-Alinea,il,3,612,1008,0,0,0,468,473,286,2302,297,True,1
I-Alinea,rencontre,3,612,1008,0,0,0,476,522,286,2302,297,True,1
I-Alinea,les,3,612,1008,0,0,0,133,147,299,2315,310,True,1
I-Alinea,objectifs,3,612,1008,0,0,0,152,193,299,2315,310,True,1
I-Alinea,ou,3,612,1008,0,0,0,198,211,299,2315,310,True,1
I-Alinea,critères,3,612,1008,0,0,0,216,252,299,2315,310,True,1
I-Alinea,énoncés,3,612,1008,0,0,0,258,299,299,2315,310,True,1
I-Alinea,au,3,612,1008,0,0,0,305,317,299,2315,310,True,1
I-Alinea,présent,3,612,1008,0,0,0,323,360,299,2315,310,True,1
I-Alinea,règlement.,3,612,1008,0,0,0,365,417,299,2315,310,True,1
I-Alinea,Une,3,612,1008,0,0,0,423,443,299,2315,310,True,1
I-Alinea,copie,3,612,1008,0,0,0,449,475,299,2315,310,True,1
I-Alinea,de,3,612,1008,0,0,0,480,493,299,2315,310,True,1
I-Alinea,cette,3,612,1008,0,0,0,498,522,299,2315,310,True,1
I-Alinea,résolution,3,612,1008,0,0,0,133,180,311,2327,322,True,1
I-Alinea,doit,3,612,1008,0,0,0,183,201,311,2327,322,True,1
I-Alinea,être,3,612,1008,0,0,0,204,223,311,2327,322,True,1
I-Alinea,transmise,3,612,1008,0,0,0,226,274,311,2327,322,True,1
I-Alinea,au,3,612,1008,0,0,0,277,289,311,2327,322,True,1
I-Alinea,requérant,3,612,1008,0,0,0,292,339,311,2327,322,True,1
I-Alinea,qui,3,612,1008,0,0,0,342,357,311,2327,322,True,1
I-Alinea,a,3,612,1008,0,0,0,360,366,311,2327,322,True,1
I-Alinea,présenté,3,612,1008,0,0,0,369,412,311,2327,322,True,1
I-Alinea,le,3,612,1008,0,0,0,415,424,311,2327,322,True,1
I-Alinea,plan.,3,612,1008,0,0,0,427,451,311,2327,322,True,1
B-Alinea,Dans,3,612,1008,0,0,0,133,158,337,2353,348,True,1
I-Alinea,le,3,612,1008,0,0,0,166,174,337,2353,348,True,1
I-Alinea,cas,3,612,1008,0,0,0,182,199,337,2353,348,True,1
I-Alinea,où,3,612,1008,0,0,0,206,219,337,2353,348,True,1
I-Alinea,il,3,612,1008,0,0,0,226,231,337,2353,348,True,1
I-Alinea,décide,3,612,1008,0,0,0,238,270,337,2353,348,True,1
I-Alinea,de,3,612,1008,0,0,0,278,290,337,2353,348,True,1
I-Alinea,ne,3,612,1008,0,0,0,297,310,337,2353,348,True,1
I-Alinea,pas,3,612,1008,0,0,0,317,335,337,2353,348,True,1
I-Alinea,approuver,3,612,1008,0,0,0,342,392,337,2353,348,True,1
I-Alinea,le,3,612,1008,0,0,0,399,408,337,2353,348,True,1
I-Alinea,plan,3,612,1008,0,0,0,415,436,337,2353,348,True,1
I-Alinea,d’aménagement,3,612,1008,0,0,0,443,522,337,2353,348,True,1
I-Alinea,"d’ensemble,",3,612,1008,0,0,0,133,192,349,2365,360,True,1
I-Alinea,le,3,612,1008,0,0,0,198,207,349,2365,360,True,1
I-Alinea,conseil,3,612,1008,0,0,0,213,247,349,2365,360,True,1
I-Alinea,"peut,",3,612,1008,0,0,0,254,278,349,2365,360,True,1
I-Alinea,formuler,3,612,1008,0,0,0,284,325,349,2365,360,True,1
I-Alinea,les,3,612,1008,0,0,0,331,345,349,2365,360,True,1
I-Alinea,modifications,3,612,1008,0,0,0,351,416,349,2365,360,True,1
I-Alinea,requises,3,612,1008,0,0,0,422,463,349,2365,360,True,1
I-Alinea,permettant,3,612,1008,0,0,0,470,522,349,2365,360,True,1
I-Alinea,ultérieurement,3,612,1008,0,0,0,133,203,362,2378,373,True,1
I-Alinea,d’accepter,3,612,1008,0,0,0,206,257,362,2378,373,True,1
I-Alinea,le,3,612,1008,0,0,0,260,268,362,2378,373,True,1
I-Alinea,plan,3,612,1008,0,0,0,272,292,362,2378,373,True,1
I-Alinea,d’aménagement,3,612,1008,0,0,0,295,374,362,2378,373,True,1
I-Alinea,d’ensemble.,3,612,1008,0,0,0,377,437,362,2378,373,True,1
B-Alinea,L'approbation,3,612,1008,0,0,0,133,199,387,2403,398,True,1
I-Alinea,d'un,3,612,1008,0,0,0,202,222,387,2403,398,True,1
I-Alinea,plan,3,612,1008,0,0,0,225,246,387,2403,398,True,1
I-Alinea,d’aménagement,3,612,1008,0,0,0,249,327,387,2403,398,True,1
I-Alinea,d’ensemble,3,612,1008,0,0,0,330,386,387,2403,398,True,1
I-Alinea,n'engage,3,612,1008,0,0,0,389,434,387,2403,398,True,1
I-Alinea,d'aucune,3,612,1008,0,0,0,437,481,387,2403,398,True,1
I-Alinea,façon,3,612,1008,0,0,0,484,511,387,2403,398,True,1
I-Alinea,le,3,612,1008,0,0,0,513,522,387,2403,398,True,1
I-Alinea,conseil,3,612,1008,0,0,0,133,167,400,2416,411,True,1
I-Alinea,municipal,3,612,1008,0,0,0,171,217,400,2416,411,True,1
I-Alinea,à,3,612,1008,0,0,0,221,227,400,2416,411,True,1
I-Alinea,entreprendre,3,612,1008,0,0,0,231,294,400,2416,411,True,1
I-Alinea,une,3,612,1008,0,0,0,298,316,400,2416,411,True,1
I-Alinea,modification,3,612,1008,0,0,0,320,379,400,2416,411,True,1
I-Alinea,aux,3,612,1008,0,0,0,383,400,400,2416,411,True,1
I-Alinea,règlements,3,612,1008,0,0,0,404,459,400,2416,411,True,1
I-Alinea,d'urbanisme,3,612,1008,0,0,0,462,522,400,2416,411,True,1
I-Alinea,et,3,612,1008,0,0,0,133,142,413,2429,424,True,1
I-Alinea,à,3,612,1008,0,0,0,145,151,413,2429,424,True,1
I-Alinea,délivrer,3,612,1008,0,0,0,154,190,413,2429,424,True,1
I-Alinea,les,3,612,1008,0,0,0,194,208,413,2429,424,True,1
I-Alinea,permis,3,612,1008,0,0,0,211,244,413,2429,424,True,1
I-Alinea,correspondants,3,612,1008,0,0,0,247,323,413,2429,424,True,1
I-Alinea,ou,3,612,1008,0,0,0,326,338,413,2429,424,True,1
I-Alinea,constituer,3,612,1008,0,0,0,342,389,413,2429,424,True,1
I-Alinea,pour,3,612,1008,0,0,0,392,414,413,2429,424,True,1
I-Alinea,la,3,612,1008,0,0,0,418,426,413,2429,424,True,1
I-Alinea,Ville,3,612,1008,0,0,0,429,450,413,2429,424,True,1
I-Alinea,une,3,612,1008,0,0,0,453,472,413,2429,424,True,1
I-Alinea,obligation,3,612,1008,0,0,0,475,522,413,2429,424,True,1
I-Alinea,d’accepter,3,612,1008,0,0,0,133,183,425,2441,436,True,1
I-Alinea,la,3,612,1008,0,0,0,195,204,425,2441,436,True,1
I-Alinea,cession,3,612,1008,0,0,0,216,253,425,2441,436,True,1
I-Alinea,des,3,612,1008,0,0,0,265,282,425,2441,436,True,1
I-Alinea,rues,3,612,1008,0,0,0,294,316,425,2441,436,True,1
I-Alinea,proposées,3,612,1008,0,0,0,328,379,425,2441,436,True,1
I-Alinea,apparaissant,3,612,1008,0,0,0,391,454,425,2441,436,True,1
I-Alinea,audit,3,612,1008,0,0,0,466,489,425,2441,436,True,1
I-Alinea,plan,3,612,1008,0,0,0,501,522,425,2441,436,True,1
I-Alinea,d’aménagement,3,612,1008,0,0,0,133,212,438,2454,449,True,1
I-Alinea,"d’ensemble,",3,612,1008,0,0,0,216,275,438,2454,449,True,1
I-Alinea,ni,3,612,1008,0,0,0,279,288,438,2454,449,True,1
I-Alinea,d’en,3,612,1008,0,0,0,292,313,438,2454,449,True,1
I-Alinea,décréter,3,612,1008,0,0,0,317,357,438,2454,449,True,1
I-Alinea,"l’ouverture,",3,612,1008,0,0,0,362,416,438,2454,449,True,1
I-Alinea,ni,3,612,1008,0,0,0,420,429,438,2454,449,True,1
I-Alinea,d’en,3,612,1008,0,0,0,433,454,438,2454,449,True,1
I-Alinea,prendre,3,612,1008,0,0,0,458,496,438,2454,449,True,1
I-Alinea,à,3,612,1008,0,0,0,500,506,438,2454,449,True,1
I-Alinea,sa,3,612,1008,0,0,0,510,522,438,2454,449,True,1
I-Alinea,charge,3,612,1008,0,0,0,133,166,451,2467,462,True,1
I-Alinea,les,3,612,1008,0,0,0,169,183,451,2467,462,True,1
I-Alinea,frais,3,612,1008,0,0,0,185,206,451,2467,462,True,1
I-Alinea,de,3,612,1008,0,0,0,209,221,451,2467,462,True,1
I-Alinea,construction,3,612,1008,0,0,0,223,282,451,2467,462,True,1
I-Alinea,et,3,612,1008,0,0,0,285,294,451,2467,462,True,1
I-Alinea,"d’entretien,",3,612,1008,0,0,0,297,351,451,2467,462,True,1
I-Alinea,ni,3,612,1008,0,0,0,354,362,451,2467,462,True,1
I-Alinea,d’en,3,612,1008,0,0,0,364,385,451,2467,462,True,1
I-Alinea,assumer,3,612,1008,0,0,0,388,430,451,2467,462,True,1
I-Alinea,les,3,612,1008,0,0,0,432,446,451,2467,462,True,1
I-Alinea,responsabilités,3,612,1008,0,0,0,449,522,451,2467,462,True,1
I-Alinea,civiles.,3,612,1008,0,0,0,133,166,463,2479,474,True,1
B-Article,10.,3,612,1008,0,0,0,133,148,489,2505,500,True,1
I-Article,ADOPTION,3,612,1008,0,0,0,151,209,489,2505,500,True,1
I-Article,DES,3,612,1008,0,0,0,212,234,489,2505,500,True,1
I-Article,MODIFICATIONS,3,612,1008,0,0,0,237,326,489,2505,500,True,1
I-Article,AU,3,612,1008,0,0,0,328,344,489,2505,500,True,1
I-Article,RÈGLEMENT,3,612,1008,0,0,0,347,416,489,2505,500,True,1
B-Alinea,À,3,612,1008,0,0,0,133,140,514,2530,525,True,1
I-Alinea,la,3,612,1008,0,0,0,144,152,514,2530,525,True,1
I-Alinea,suite,3,612,1008,0,0,0,156,179,514,2530,525,True,1
I-Alinea,de,3,612,1008,0,0,0,183,195,514,2530,525,True,1
I-Alinea,l'approbation,3,612,1008,0,0,0,199,261,514,2530,525,True,1
I-Alinea,d'un,3,612,1008,0,0,0,265,285,514,2530,525,True,1
I-Alinea,plan,3,612,1008,0,0,0,289,310,514,2530,525,True,1
I-Alinea,d’aménagement,3,612,1008,0,0,0,313,392,514,2530,525,True,1
I-Alinea,d’ensemble,3,612,1008,0,0,0,396,452,514,2530,525,True,1
I-Alinea,par,3,612,1008,0,0,0,456,472,514,2530,525,True,1
I-Alinea,le,3,612,1008,0,0,0,475,484,514,2530,525,True,1
I-Alinea,conseil,3,612,1008,0,0,0,488,522,514,2530,525,True,1
I-Alinea,"municipal,",3,612,1008,0,0,0,133,182,526,2542,537,True,1
I-Alinea,celui-ci,3,612,1008,0,0,0,187,221,526,2542,537,True,1
I-Alinea,peut,3,612,1008,0,0,0,225,247,526,2542,537,True,1
I-Alinea,adopter,3,612,1008,0,0,0,251,288,526,2542,537,True,1
I-Alinea,un,3,612,1008,0,0,0,293,305,526,2542,537,True,1
I-Alinea,règlement,3,612,1008,0,0,0,309,358,526,2542,537,True,1
I-Alinea,ayant,3,612,1008,0,0,0,362,389,526,2542,537,True,1
I-Alinea,pour,3,612,1008,0,0,0,394,416,526,2542,537,True,1
I-Alinea,objet,3,612,1008,0,0,0,420,444,526,2542,537,True,1
I-Alinea,de,3,612,1008,0,0,0,448,460,526,2542,537,True,1
I-Alinea,modifier,3,612,1008,0,0,0,465,504,526,2542,537,True,1
I-Alinea,les,3,612,1008,0,0,0,508,522,526,2542,537,True,1
I-Alinea,règlements,3,612,1008,0,0,0,133,187,539,2555,550,True,1
I-Alinea,d'urbanisme,3,612,1008,0,0,0,190,250,539,2555,550,True,1
I-Alinea,pour,3,612,1008,0,0,0,253,275,539,2555,550,True,1
I-Alinea,y,3,612,1008,0,0,0,278,283,539,2555,550,True,1
I-Alinea,intégrer,3,612,1008,0,0,0,286,324,539,2555,550,True,1
I-Alinea,le,3,612,1008,0,0,0,327,335,539,2555,550,True,1
I-Alinea,plan,3,612,1008,0,0,0,338,359,539,2555,550,True,1
I-Alinea,d’aménagement,3,612,1008,0,0,0,362,441,539,2555,550,True,1
I-Alinea,d’ensemble.,3,612,1008,0,0,0,444,503,539,2555,550,True,1
B-Alinea,Le,3,612,1008,0,0,0,133,145,564,2580,575,True,1
I-Alinea,conseil,3,612,1008,0,0,0,150,184,564,2580,575,True,1
I-Alinea,"peut,",3,612,1008,0,0,0,189,214,564,2580,575,True,1
I-Alinea,lorsqu'il,3,612,1008,0,0,0,219,256,564,2580,575,True,1
I-Alinea,remplace,3,612,1008,0,0,0,261,306,564,2580,575,True,1
I-Alinea,un,3,612,1008,0,0,0,311,323,564,2580,575,True,1
I-Alinea,règlement,3,612,1008,0,0,0,328,377,564,2580,575,True,1
I-Alinea,"d'urbanisme,",3,612,1008,0,0,0,383,445,564,2580,575,True,1
I-Alinea,inclure,3,612,1008,0,0,0,450,483,564,2580,575,True,1
I-Alinea,le,3,612,1008,0,0,0,488,496,564,2580,575,True,1
I-Alinea,plan,3,612,1008,0,0,0,501,522,564,2580,575,True,1
I-Alinea,d’aménagement,3,612,1008,0,0,0,133,212,577,2593,588,True,1
I-Alinea,d’ensemble,3,612,1008,0,0,0,215,271,577,2593,588,True,1
I-Alinea,dans,3,612,1008,0,0,0,274,298,577,2593,588,True,1
I-Alinea,le,3,612,1008,0,0,0,302,310,577,2593,588,True,1
I-Alinea,règlement,3,612,1008,0,0,0,313,362,577,2593,588,True,1
I-Alinea,édicté,3,612,1008,0,0,0,365,395,577,2593,588,True,1
I-Alinea,en,3,612,1008,0,0,0,398,410,577,2593,588,True,1
I-Alinea,"remplacement,",3,612,1008,0,0,0,413,486,577,2593,588,True,1
I-Alinea,au,3,612,1008,0,0,0,489,502,577,2593,588,True,1
I-Alinea,lieu,3,612,1008,0,0,0,505,522,577,2593,588,True,1
I-Alinea,d'effectuer,3,612,1008,0,0,0,133,184,590,2606,601,True,1
I-Alinea,l'inclusion,3,612,1008,0,0,0,187,234,590,2606,601,True,1
I-Alinea,par,3,612,1008,0,0,0,237,253,590,2606,601,True,1
I-Alinea,modification.,3,612,1008,0,0,0,256,318,590,2606,601,True,1
B-Article,11.,3,612,1008,0,0,0,133,148,615,2631,626,True,1
I-Article,MODIFICATIONS,3,612,1008,0,0,0,151,239,615,2631,626,True,1
I-Article,AUX,3,612,1008,0,0,0,242,265,615,2631,626,True,1
I-Article,PLANS,3,612,1008,0,0,0,268,305,615,2631,626,True,1
I-Article,ET,3,612,1008,0,0,0,308,322,615,2631,626,True,1
I-Article,DOCUMENTS,3,612,1008,0,0,0,325,396,615,2631,626,True,1
B-Alinea,Toute,3,612,1008,0,0,0,133,161,640,2656,651,True,1
I-Alinea,modification,3,612,1008,0,0,0,167,226,640,2656,651,True,1
I-Alinea,aux,3,612,1008,0,0,0,232,250,640,2656,651,True,1
I-Alinea,plans,3,612,1008,0,0,0,256,282,640,2656,651,True,1
I-Alinea,et,3,612,1008,0,0,0,288,297,640,2656,651,True,1
I-Alinea,documents,3,612,1008,0,0,0,304,357,640,2656,651,True,1
I-Alinea,après,3,612,1008,0,0,0,364,391,640,2656,651,True,1
I-Alinea,l’approbation,3,612,1008,0,0,0,397,460,640,2656,651,True,1
I-Alinea,du,3,612,1008,0,0,0,466,479,640,2656,651,True,1
I-Alinea,"conseil,",3,612,1008,0,0,0,485,522,640,2656,651,True,1
I-Alinea,conformément,3,612,1008,0,0,0,133,203,653,2669,664,True,1
I-Alinea,au,3,612,1008,0,0,0,207,220,653,2669,664,True,1
I-Alinea,présent,3,612,1008,0,0,0,224,261,653,2669,664,True,1
I-Alinea,"règlement,",3,612,1008,0,0,0,265,317,653,2669,664,True,1
I-Alinea,nécessite,3,612,1008,0,0,0,321,368,653,2669,664,True,1
I-Alinea,la,3,612,1008,0,0,0,372,381,653,2669,664,True,1
I-Alinea,présentation,3,612,1008,0,0,0,385,446,653,2669,664,True,1
I-Alinea,d’une,3,612,1008,0,0,0,450,477,653,2669,664,True,1
I-Alinea,nouvelle,3,612,1008,0,0,0,481,522,653,2669,664,True,1
I-Alinea,demande.,3,612,1008,0,0,0,133,182,666,2682,677,True,1
B-Article,12.,3,612,1008,0,0,0,133,148,691,2707,702,True,1
I-Article,ADMINISTRATION,3,612,1008,0,0,0,151,246,691,2707,702,True,1
I-Article,ET,3,612,1008,0,0,0,249,263,691,2707,702,True,1
I-Article,APPLICATION,3,612,1008,0,0,0,266,341,691,2707,702,True,1
I-Article,DU,3,612,1008,0,0,0,344,360,691,2707,702,True,1
I-Article,RÈGLEMENT,3,612,1008,0,0,0,363,432,691,2707,702,True,1
B-Alinea,L'administration,3,612,1008,0,0,0,133,209,716,2732,727,True,1
I-Alinea,et,3,612,1008,0,0,0,216,225,716,2732,727,True,1
I-Alinea,l’application,3,612,1008,0,0,0,231,288,716,2732,727,True,1
I-Alinea,du,3,612,1008,0,0,0,295,307,716,2732,727,True,1
I-Alinea,présent,3,612,1008,0,0,0,313,350,716,2732,727,True,1
I-Alinea,règlement,3,612,1008,0,0,0,356,405,716,2732,727,True,1
I-Alinea,sont,3,612,1008,0,0,0,411,432,716,2732,727,True,1
I-Alinea,confiées,3,612,1008,0,0,0,438,479,716,2732,727,True,1
I-Alinea,à,3,612,1008,0,0,0,485,491,716,2732,727,True,1
I-Alinea,toute,3,612,1008,0,0,0,497,522,716,2732,727,True,1
I-Alinea,personne,3,612,1008,0,0,0,133,179,729,2745,740,True,1
I-Alinea,nommée,3,612,1008,0,0,0,182,225,729,2745,740,True,1
I-Alinea,ci-après,3,612,1008,0,0,0,228,267,729,2745,740,True,1
I-Alinea,«,3,612,1008,0,0,0,270,276,729,2745,740,True,1
I-Alinea,fonctionnaire,3,612,1008,0,0,0,280,343,729,2745,740,True,1
I-Alinea,désigné,3,612,1008,0,0,0,346,384,729,2745,740,True,1
I-Alinea,"»,",3,612,1008,0,0,0,387,397,729,2745,740,True,1
I-Alinea,par,3,612,1008,0,0,0,400,416,729,2745,740,True,1
I-Alinea,résolution,3,612,1008,0,0,0,419,467,729,2745,740,True,1
I-Alinea,du,3,612,1008,0,0,0,470,482,729,2745,740,True,1
I-Alinea,Conseil,3,612,1008,0,0,0,485,522,729,2745,740,True,1
I-Alinea,municipal.,3,612,1008,0,0,0,133,182,741,2757,753,True,1
B-Pied,Règlement,3,612,1008,0,0,0,90,134,950,2966,959,True,1
I-Pied,1323,3,612,1008,0,0,0,136,156,950,2966,959,True,1
I-Pied,sur,3,612,1008,0,0,0,159,171,950,2966,959,True,1
I-Pied,les,3,612,1008,0,0,0,174,185,950,2966,959,True,1
I-Pied,plans,3,612,1008,0,0,0,188,209,950,2966,959,True,1
I-Pied,d’aménagement,3,612,1008,0,0,0,212,276,950,2966,959,True,1
I-Pied,d’ensemble,3,612,1008,0,0,0,279,325,950,2966,959,True,1
I-Pied,–,3,612,1008,0,0,0,327,332,950,2966,959,True,1
I-Pied,21,3,612,1008,0,0,0,335,345,950,2966,959,True,1
I-Pied,mars,3,612,1008,0,0,0,347,367,950,2966,959,True,1
I-Pied,2022,3,612,1008,0,0,0,370,390,950,2966,959,True,1
I-Pied,(Adoption),3,612,1008,0,0,0,392,434,950,2966,959,True,1
B-Article,13.,4,612,1008,0,0,0,133,148,58,3082,69,True,1
I-Article,ENTRÉE,4,612,1008,0,0,0,151,195,58,3082,69,True,1
I-Article,EN,4,612,1008,0,0,0,198,214,58,3082,69,True,1
I-Article,VIGUEUR,4,612,1008,0,0,0,217,267,58,3082,69,True,1
B-Alinea,Le,4,612,1008,0,0,0,133,145,84,3108,95,True,1
I-Alinea,présent,4,612,1008,0,0,0,148,185,84,3108,95,True,1
I-Alinea,règlement,4,612,1008,0,0,0,188,237,84,3108,95,True,1
I-Alinea,entre,4,612,1008,0,0,0,240,265,84,3108,95,True,1
I-Alinea,en,4,612,1008,0,0,0,268,280,84,3108,95,True,1
I-Alinea,vigueur,4,612,1008,0,0,0,283,319,84,3108,95,True,1
I-Alinea,conformément,4,612,1008,0,0,0,322,392,84,3108,95,True,1
I-Alinea,aux,4,612,1008,0,0,0,396,413,84,3108,95,True,1
I-Alinea,dispositions,4,612,1008,0,0,0,416,474,84,3108,95,True,1
I-Alinea,de,4,612,1008,0,0,0,477,489,84,3108,95,True,1
I-Alinea,la,4,612,1008,0,0,0,492,501,84,3108,95,True,1
I-Alinea,Loi.,4,612,1008,0,0,0,504,521,84,3108,95,True,1
B-Avis,Avis,4,612,1008,0,0,0,219,240,123,3147,134,True,1
I-Avis,de,4,612,1008,0,0,0,243,255,123,3147,134,True,1
I-Avis,motion,4,612,1008,0,0,0,258,292,123,3147,134,True,1
I-Avis,21,4,612,1008,0,0,0,434,446,123,3147,134,True,1
I-Avis,février,4,612,1008,0,0,0,449,480,123,3147,134,True,1
I-Avis,2022,4,612,1008,0,0,0,483,508,123,3147,134,True,1
B-Alinea,Adoption,4,612,1008,0,0,0,209,252,139,3163,150,True,1
I-Alinea,du,4,612,1008,0,0,0,255,267,139,3163,150,True,1
I-Alinea,projet,4,612,1008,0,0,0,271,298,139,3163,150,True,1
I-Alinea,21,4,612,1008,0,0,0,434,446,139,3163,150,True,1
I-Alinea,février,4,612,1008,0,0,0,449,480,139,3163,150,True,1
I-Alinea,2022,4,612,1008,0,0,0,483,508,139,3163,150,True,1
B-Alinea,Consultation,4,612,1008,0,0,0,200,262,154,3178,165,True,1
I-Alinea,publique,4,612,1008,0,0,0,265,306,154,3178,165,True,1
I-Alinea,9,4,612,1008,0,0,0,440,446,154,3178,165,True,1
I-Alinea,mars,4,612,1008,0,0,0,449,474,154,3178,165,True,1
I-Alinea,2022,4,612,1008,0,0,0,477,501,154,3178,165,True,1
B-Alinea,Consultation,4,612,1008,0,0,0,208,269,169,3193,180,True,1
I-Alinea,écrite,4,612,1008,0,0,0,272,299,169,3193,180,True,1
I-Alinea,21,4,612,1008,0,0,0,391,403,169,3193,180,True,1
I-Alinea,février,4,612,1008,0,0,0,407,437,169,3193,180,True,1
I-Alinea,2022,4,612,1008,0,0,0,440,465,169,3193,180,True,1
I-Alinea,au,4,612,1008,0,0,0,468,480,169,3193,180,True,1
I-Alinea,11,4,612,1008,0,0,0,483,495,169,3193,180,True,1
I-Alinea,mars,4,612,1008,0,0,0,498,523,169,3193,180,True,1
I-Alinea,2022,4,612,1008,0,0,0,526,550,169,3193,180,True,1
B-Adoption,Adoption,4,612,1008,0,0,0,198,241,184,3208,195,True,1
I-Adoption,du,4,612,1008,0,0,0,244,257,184,3208,195,True,1
I-Adoption,règlement,4,612,1008,0,0,0,260,309,184,3208,195,True,1
I-Adoption,21,4,612,1008,0,0,0,437,449,184,3208,195,True,1
I-Adoption,mars,4,612,1008,0,0,0,452,477,184,3208,195,True,1
I-Adoption,2022,4,612,1008,0,0,0,480,504,184,3208,195,True,1
B-Alinea,Certificat,4,612,1008,0,0,0,169,213,199,3223,210,True,1
I-Alinea,de,4,612,1008,0,0,0,216,228,199,3223,210,True,1
I-Alinea,conformité,4,612,1008,0,0,0,231,283,199,3223,210,True,1
I-Alinea,de,4,612,1008,0,0,0,285,298,199,3223,210,True,1
I-Alinea,la,4,612,1008,0,0,0,301,309,199,3223,210,True,1
I-Alinea,MRC,4,612,1008,0,0,0,312,337,199,3223,210,True,1
I-Alinea,19,4,612,1008,0,0,0,439,451,199,3223,210,True,1
I-Alinea,avril,4,612,1008,0,0,0,455,475,199,3223,210,True,1
I-Alinea,2022,4,612,1008,0,0,0,478,502,199,3223,210,True,1
B-Vigueur,Entrée,4,612,1008,0,0,0,210,242,214,3238,225,True,1
I-Vigueur,en,4,612,1008,0,0,0,245,258,214,3238,225,True,1
I-Vigueur,vigueur,4,612,1008,0,0,0,261,297,214,3238,225,True,1
I-Vigueur,19,4,612,1008,0,0,0,439,451,214,3238,225,True,1
I-Vigueur,avril,4,612,1008,0,0,0,455,475,214,3238,225,True,1
I-Vigueur,2022,4,612,1008,0,0,0,478,502,214,3238,225,True,1
B-Alinea,Signé,4,612,1008,0,0,0,135,163,251,3275,262,True,1
I-Alinea,à,4,612,1008,0,0,0,166,172,251,3275,262,True,1
I-Alinea,"Sainte-Adèle,",4,612,1008,0,0,0,175,242,251,3275,262,True,1
I-Alinea,ce,4,612,1008,0,0,0,245,256,251,3275,262,True,1
I-Alinea,21e,4,612,1008,,,,259,275,250,3274,262,True,1
I-Alinea,jour,4,612,1008,0,0,0,278,297,251,3275,262,True,1
I-Alinea,du,4,612,1008,0,0,0,300,312,251,3275,262,True,1
I-Alinea,mois,4,612,1008,0,0,0,315,338,251,3275,262,True,1
I-Alinea,d’avril,4,612,1008,0,0,0,341,370,251,3275,262,True,1
I-Alinea,de,4,612,1008,0,0,0,373,385,251,3275,262,True,1
I-Alinea,l’an,4,612,1008,0,0,0,389,406,251,3275,262,True,1
I-Alinea,2022.,4,612,1008,0,0,0,409,436,251,3275,262,True,1
B-Alinea,(s),4,612,1008,0,0,0,133,146,294,3318,305,True,1
I-Alinea,Michèle,4,612,1008,0,0,0,149,186,294,3318,305,True,1
I-Alinea,Lalonde,4,612,1008,0,0,0,190,229,294,3318,305,True,1
I-Alinea,(s),4,612,1008,0,0,0,302,315,294,3318,305,True,1
I-Alinea,Audrey,4,612,1008,0,0,0,318,353,294,3318,305,True,1
I-Alinea,Senécal,4,612,1008,0,0,0,356,396,294,3318,305,True,1
O,_____________________,4,612,1008,0,0,0,133,261,316,3340,327,True,1
O,_____________________________,4,612,1008,0,0,0,302,480,316,3340,327,True,1
B-Alinea,Michèle,4,612,1008,0,0,0,133,171,329,3353,340,True,1
I-Alinea,Lalonde,4,612,1008,0,0,0,174,213,329,3353,340,True,1
I-Alinea,Me,4,612,1008,0,0,0,302,318,329,3353,340,True,1
I-Alinea,Audrey,4,612,1008,0,0,0,321,356,329,3353,340,True,1
I-Alinea,Senécal,4,612,1008,0,0,0,359,399,329,3353,340,True,1
I-Alinea,Maires,4,612,1008,0,0,0,-72,-39,341,3365,352,True,1
I-Alinea,Mairesse,4,612,1008,0,0,0,133,177,341,3365,352,True,1
I-Alinea,Greffière,4,612,1008,0,0,0,302,345,341,3365,352,True,1
I-Alinea,et,4,612,1008,0,0,0,348,358,341,3365,352,True,1
I-Alinea,directrice,4,612,1008,0,0,0,361,405,341,3365,352,True,1
I-Alinea,des,4,612,1008,0,0,0,408,426,341,3365,352,True,1
I-Alinea,services,4,612,1008,0,0,0,429,469,341,3365,352,True,1
I-Alinea,juridiques,4,612,1008,0,0,0,472,519,341,3365,352,True,1
O,*********************************************,4,612,1008,0,0,0,238,431,385,3409,396,True,1
B-Alinea,CERTIFICAT,4,612,1008,0,0,0,254,319,406,3430,417,True,1
I-Alinea,D’APPROBATION,4,612,1008,0,0,0,322,415,406,3430,417,True,1
B-Alinea,RÈGLEMENT,4,612,1008,0,0,0,286,355,428,3452,439,True,1
I-Alinea,1323,4,612,1008,0,0,0,358,383,428,3452,439,True,1
B-Alinea,En,4,612,1008,0,0,0,133,146,450,3474,461,True,1
I-Alinea,vertu,4,612,1008,0,0,0,149,174,450,3474,461,True,1
I-Alinea,de,4,612,1008,0,0,0,177,189,450,3474,461,True,1
I-Alinea,l’article,4,612,1008,0,0,0,192,226,450,3474,461,True,1
I-Alinea,357,4,612,1008,0,0,0,229,248,450,3474,461,True,1
I-Alinea,de,4,612,1008,0,0,0,251,263,450,3474,461,True,1
I-Alinea,la,4,612,1008,0,0,0,266,274,450,3474,461,True,1
I-Alinea,Loi,4,612,1008,0,0,0,278,292,450,3474,461,True,1
I-Alinea,sur,4,612,1008,0,0,0,295,311,450,3474,461,True,1
I-Alinea,les,4,612,1008,0,0,0,314,328,450,3474,461,True,1
I-Alinea,cités,4,612,1008,0,0,0,331,353,450,3474,461,True,1
I-Alinea,et,4,612,1008,0,0,0,356,366,450,3474,461,True,1
I-Alinea,villes,4,612,1008,0,0,0,369,393,450,3474,461,True,1
I-Alinea,"(RLRQ,",4,612,1008,0,0,0,396,433,450,3474,461,True,1
I-Alinea,c.,4,612,1008,0,0,0,436,445,450,3474,461,True,1
I-Alinea,C-19),4,612,1008,0,0,0,448,476,450,3474,461,True,1
I-Alinea,:,4,612,1008,0,0,0,479,482,450,3474,461,True,1
B-Alinea,«,4,612,1008,0,0,0,125,132,471,3495,482,True,1
I-Alinea,Règlement,4,612,1008,0,0,0,135,188,471,3495,482,True,1
I-Alinea,1323,4,612,1008,0,0,0,191,215,471,3495,482,True,1
I-Alinea,concernant,4,612,1008,0,0,0,218,273,471,3495,482,True,1
I-Alinea,les,4,612,1008,0,0,0,276,290,471,3495,482,True,1
I-Alinea,plans,4,612,1008,0,0,0,293,319,471,3495,482,True,1
I-Alinea,d’aménagement,4,612,1008,0,0,0,322,401,471,3495,482,True,1
I-Alinea,d’ensemble,4,612,1008,0,0,0,404,461,471,3495,482,True,1
I-Alinea,(PAE)»,4,612,1008,0,0,0,464,499,471,3495,482,True,1
B-Alinea,Par,4,612,1008,0,0,0,210,227,511,3535,522,True,1
I-Alinea,le,4,612,1008,0,0,0,230,239,511,3535,522,True,1
I-Alinea,conseil,4,612,1008,0,0,0,242,276,511,3535,522,True,1
I-Alinea,21,4,612,1008,0,0,0,412,424,510,3534,522,True,1
I-Alinea,mars,4,612,1008,0,0,0,427,451,510,3534,522,True,1
I-Alinea,2022,4,612,1008,0,0,0,455,479,510,3534,522,True,1
B-Alinea,(s),4,612,1008,0,0,0,133,146,550,3574,561,True,1
I-Alinea,Michèle,4,612,1008,0,0,0,149,186,550,3574,561,True,1
I-Alinea,Lalonde,4,612,1008,0,0,0,190,229,550,3574,561,True,1
I-Alinea,(s),4,612,1008,0,0,0,302,315,550,3574,561,True,1
I-Alinea,Audrey,4,612,1008,0,0,0,318,353,550,3574,561,True,1
I-Alinea,Senécal,4,612,1008,0,0,0,356,396,550,3574,561,True,1
O,_____________________,4,612,1008,0,0,0,133,261,572,3596,583,True,1
O,_____________________________,4,612,1008,0,0,0,302,480,572,3596,583,True,1
B-Alinea,Michèle,4,612,1008,0,0,0,133,171,585,3609,596,True,1
I-Alinea,Lalonde,4,612,1008,0,0,0,174,213,585,3609,596,True,1
I-Alinea,Me,4,612,1008,0,0,0,302,318,585,3609,596,True,1
I-Alinea,Audrey,4,612,1008,0,0,0,321,356,585,3609,596,True,1
I-Alinea,Senécal,4,612,1008,0,0,0,359,399,585,3609,596,True,1
I-Alinea,Maires,4,612,1008,0,0,0,-72,-39,597,3621,608,True,1
I-Alinea,Mairesse,4,612,1008,0,0,0,133,177,597,3621,608,True,1
I-Alinea,Greffière,4,612,1008,0,0,0,302,345,597,3621,608,True,1
I-Alinea,et,4,612,1008,0,0,0,348,358,597,3621,608,True,1
I-Alinea,directrice,4,612,1008,0,0,0,361,405,597,3621,608,True,1
I-Alinea,des,4,612,1008,0,0,0,408,426,597,3621,608,True,1
I-Alinea,services,4,612,1008,0,0,0,429,469,597,3621,608,True,1
I-Alinea,juridiques,4,612,1008,0,0,0,472,519,597,3621,608,True,1
B-Pied,Règlement,4,612,1008,0,0,0,90,134,950,3974,959,True,1
I-Pied,1323,4,612,1008,0,0,0,136,156,950,3974,959,True,1
I-Pied,sur,4,612,1008,0,0,0,159,171,950,3974,959,True,1
I-Pied,les,4,612,1008,0,0,0,174,185,950,3974,959,True,1
I-Pied,plans,4,612,1008,0,0,0,188,209,950,3974,959,True,1
I-Pied,d’aménagement,4,612,1008,0,0,0,212,276,950,3974,959,True,1
I-Pied,d’ensemble,4,612,1008,0,0,0,279,325,950,3974,959,True,1
I-Pied,–,4,612,1008,0,0,0,327,332,950,3974,959,True,1
I-Pied,21,4,612,1008,0,0,0,335,345,950,3974,959,True,1
I-Pied,mars,4,612,1008,0,0,0,347,367,950,3974,959,True,1
I-Pied,2022,4,612,1008,0,0,0,370,390,950,3974,959,True,1
I-Pied,(Adoption),4,612,1008,0,0,0,392,434,950,3974,959,True,1
