tag,text,page,page_width,page_height,fontname,rgb,x0,x1,top,bottom,doctop,mcid,mctag,tagstack
B-Titre,VILLE,1,618,1012,Times-Bold,#000,106,135,90,100,90,,,
I-Titre,DE,1,618,1012,Times-Bold,#000,139,152,90,100,90,,,
I-Titre,SAINTE-ADÈLE,1,618,1012,Times-Bold,#000,155,230,90,100,90,,,
B-Titre,PROVINCE,1,618,1012,Times-Bold,#000,107,159,112,121,112,,Suspect,
I-Titre,DE,1,618,1012,Times-Bold,#000,163,176,112,121,112,,,
I-Titre,QUÉBEC,1,618,1012,Times-Bold,#000,180,220,112,121,112,,Suspect,
B-Titre,COMTÉ,1,618,1012,Times-Bold,#000,107,141,134,143,134,,Suspect,
I-Titre,DE,1,618,1012,Times-Bold,#000,145,158,134,143,134,,,
I-Titre,BERTRAND,1,618,1012,Times-Bold,#000,162,216,134,143,134,,,
B-Titre,RÈGLEMENT,1,618,1012,Helvetica-Bold,#000,241,314,196,207,196,,,
I-Titre,NO.,1,618,1012,Helvetica-Bold,#000,319,340,196,207,196,,Suspect,
I-Titre,1174-2012,1,618,1012,Helvetica-Bold,#000,346,412,196,207,196,,,
I-Alinea,À,1,618,1012,Helvetica,#000,107,114,251,261,251,,,
I-Alinea,une,1,618,1012,Helvetica,#000,117,134,252,261,252,,,
I-Alinea,séance,1,618,1012,Helvetica,#000,138,168,252,261,252,,,
I-Alinea,ordinaire,1,618,1012,Helvetica,#000,173,212,252,261,252,,,
I-Alinea,du,1,618,1012,Helvetica,#000,217,227,252,261,252,,,
I-Alinea,conseil,1,618,1012,Helvetica,#000,232,262,252,261,252,,,
I-Alinea,"municipal,",1,618,1012,Helvetica,#000,266,312,252,261,252,,,
I-Alinea,tenue,1,618,1012,Helvetica,#000,316,342,252,261,252,,,
I-Alinea,publiquement,1,618,1012,Helvetica,#000,346,408,252,261,252,,,
I-Alinea,le,1,618,1012,Helvetica,#000,412,419,252,261,252,,,
I-Alinea,17,1,618,1012,Helvetica,#000,424,434,252,261,252,,,
I-Alinea,septembre,1,618,1012,Helvetica,#000,438,486,252,261,252,,,
I-Alinea,2012,1,618,1012,Helvetica,#000,490,513,252,261,252,,Suspect,
I-Alinea,à,1,618,1012,Times-Roman,#000,517,521,251,261,251,,,
I-Alinea,"20h,",1,618,1012,Helvetica,#000,526,545,252,261,252,,Suspect,
I-Alinea,dans,1,618,1012,Helvetica,#000,107,129,263,272,263,,,
I-Alinea,la,1,618,1012,Helvetica,#000,133,140,263,272,263,,,
I-Alinea,salle,1,618,1012,Helvetica,#000,144,165,263,272,263,,,
I-Alinea,du,1,618,1012,Helvetica,#000,169,179,263,272,263,,,
I-Alinea,Conseil,1,618,1012,Helvetica,#000,184,215,263,272,263,,,
I-Alinea,municipal,1,618,1012,Helvetica,#000,220,263,263,272,263,,,
I-Alinea,située,1,618,1012,Helvetica,#000,267,294,263,272,263,,,
I-Alinea,au,1,618,1012,Helvetica,#000,298,309,263,272,263,,,
I-Alinea,1386,1,618,1012,Helvetica,#000,314,336,263,272,263,,,
I-Alinea,de,1,618,1012,Helvetica,#000,340,351,263,272,263,,,
I-Alinea,la,1,618,1012,Helvetica,#000,355,362,263,272,263,,,
I-Alinea,rue,1,618,1012,Helvetica,#000,367,381,263,272,263,,,
I-Alinea,"Dumouchel,",1,618,1012,Helvetica,#000,386,439,263,272,263,,,
I-Alinea,"Sainte-Adèle,",1,618,1012,Helvetica,#000,443,503,263,272,263,,,
I-Alinea,province,1,618,1012,Helvetica,#000,508,546,263,272,263,,,
I-Alinea,de,1,618,1012,Helvetica,#000,107,118,273,283,273,,,
I-Alinea,"Québec,",1,618,1012,Helvetica,#000,123,159,273,283,273,,,
I-Alinea,lieu,1,618,1012,Helvetica,#000,165,180,273,283,273,,,
I-Alinea,ordinaire,1,618,1012,Helvetica,#000,185,225,273,283,273,,,
I-Alinea,des,1,618,1012,Helvetica,#000,230,245,273,283,273,,,
I-Alinea,séances,1,618,1012,Helvetica,#000,250,286,273,283,273,,,
I-Alinea,à,1,618,1012,Times-Roman,#000,291,295,273,283,273,,,
I-Alinea,laquelle,1,618,1012,Helvetica,#000,301,335,273,283,273,,,
I-Alinea,étaient,1,618,1012,Helvetica,#000,340,372,273,283,273,,,
I-Alinea,présents,1,618,1012,Helvetica,#000,376,415,273,283,273,,,
I-Alinea,Mesdames,1,618,1012,Helvetica,#000,420,467,273,283,273,,,
I-Alinea,et,1,618,1012,Helvetica,#000,471,480,273,283,273,,,
I-Alinea,Messieurs,1,618,1012,Helvetica,#000,485,529,273,283,273,,,
I-Alinea,les,1,618,1012,Helvetica,#000,534,546,273,283,273,,,
I-Alinea,Conseillers,1,618,1012,Helvetica,#000,107,156,284,294,284,,,
B-Liste,Nadine,1,618,1012,Helvetica,#000,108,139,306,315,306,,,
I-Liste,Brière,1,618,1012,Helvetica,#000,142,169,306,315,306,,,
I-Liste,District,1,618,1012,Helvetica,#000,250,281,306,316,306,,,
I-Liste,1,1,618,1012,Helvetica,#000,285,291,306,316,306,,,
B-Liste,Roch,1,618,1012,Helvetica,#000,108,129,317,326,317,,,
I-Liste,Bédard,1,618,1012,Helvetica,#000,133,164,317,326,317,,,
I-Liste,District,1,618,1012,Helvetica,#000,250,281,317,326,317,,,
I-Liste,2,1,618,1012,Helvetica,#000,285,290,317,326,317,,,
B-Liste,Lise,1,618,1012,Helvetica,#000,108,125,328,337,328,,,
I-Liste,Gendron,1,618,1012,Helvetica,#000,129,167,328,337,328,,,
I-Liste,District,1,618,1012,Helvetica,#000,250,282,328,337,328,,,
I-Liste,3,1,618,1012,Helvetica,#000,285,290,328,337,328,,,
B-Liste,John,1,618,1012,Helvetica,#000,108,128,339,348,339,,,
I-Liste,Butler,1,618,1012,Helvetica,#000,132,159,339,348,339,,,
I-Liste,District,1,618,1012,Helvetica,#000,250,282,339,349,339,,,
I-Liste,4,1,618,1012,Helvetica,#000,285,290,339,349,339,,,
B-Liste,Robert,1,618,1012,Helvetica,#000,108,138,350,359,350,,,
I-Liste,Lagacé,1,618,1012,Helvetica,#000,142,172,350,359,350,,,
I-Liste,District,1,618,1012,Helvetica,#000,250,282,350,359,350,,,
I-Liste,5,1,618,1012,Helvetica,#000,285,290,350,359,350,,,
B-Liste,Pierre,1,618,1012,Helvetica,#000,108,134,361,370,361,,Suspect,
I-Liste,Morabito,1,618,1012,Helvetica,#000,138,177,361,370,361,,,
I-Liste,District,1,618,1012,Helvetica,#000,250,282,361,370,361,,,
I-Liste,6,1,618,1012,Helvetica,#000,285,290,361,370,361,,,
B-Alinea,sous,1,618,1012,Helvetica,#000,108,128,383,392,383,,,
I-Alinea,la,1,618,1012,Helvetica,#000,132,139,383,392,383,,,
I-Alinea,présidence,1,618,1012,Helvetica,#000,143,191,383,392,383,,,
I-Alinea,de,1,618,1012,Helvetica,#000,195,205,383,392,383,,,
I-Alinea,Monsieur,1,618,1012,Helvetica,#000,209,250,383,392,383,,,
I-Alinea,le,1,618,1012,Helvetica,#000,253,260,383,392,383,,,
I-Alinea,Maire,1,618,1012,Helvetica,#000,264,288,383,392,383,,,
I-Alinea,Réjean,1,618,1012,Helvetica,#000,292,322,383,392,383,,,
I-Alinea,Charbonneau.,1,618,1012,Helvetica,#000,326,388,383,392,383,,,
B-Alinea,Tous,1,618,1012,Helvetica,#000,108,129,404,414,404,,,
I-Alinea,membres,1,618,1012,Helvetica,#000,133,175,404,414,404,,,
I-Alinea,dudit,1,618,1012,Helvetica,#000,178,201,404,414,404,,,
I-Alinea,conseil,1,618,1012,Helvetica,#000,204,235,404,414,404,,,
I-Alinea,et,1,618,1012,Helvetica,#000,239,247,404,414,404,,,
I-Alinea,en,1,618,1012,Helvetica,#000,251,261,404,414,404,,,
I-Alinea,formant,1,618,1012,Helvetica,#000,264,300,404,414,404,,,
I-Alinea,le,1,618,1012,Helvetica,#000,304,311,404,414,404,,,
I-Alinea,quorum.,1,618,1012,Helvetica,#000,315,352,404,414,404,,,
B-Alinea,Le,1,618,1012,Helvetica,#000,109,118,426,435,426,,,
I-Alinea,greffier,1,618,1012,Helvetica,#000,122,155,426,435,426,,,
I-Alinea,fait,1,618,1012,Helvetica,#000,158,172,426,435,426,,,
I-Alinea,lecture,1,618,1012,Helvetica,#000,176,206,426,435,426,,,
I-Alinea,du,1,618,1012,Helvetica,#000,210,221,426,435,426,,,
I-Alinea,règlement,1,618,1012,Helvetica,#000,224,270,426,435,426,,,
I-Alinea,numéro,1,618,1012,Helvetica,#000,274,308,426,435,426,,,
I-Alinea,1174-2012.,1,618,1012,Helvetica,#000,312,364,426,435,426,,,
B-Titre,Règlement,1,618,1012,Helvetica-Bold,#000,109,163,462,471,462,,,
I-Titre,numéro,1,618,1012,Helvetica-Bold,#000,167,205,462,471,462,,,
I-Titre,1174-2012,1,618,1012,Times-Bold,#000,209,264,462,471,462,,,
I-Titre,décrétant,1,618,1012,Helvetica-Bold,#000,267,316,462,471,462,,,
I-Titre,l'interdiction,1,618,1012,Helvetica-Bold,#000,319,383,462,471,462,,,
I-Titre,de,1,618,1012,Helvetica-Bold,#000,387,399,462,471,462,,,
I-Titre,fumer,1,618,1012,Helvetica-Bold,#000,402,433,462,471,462,,,
I-Titre,dans,1,618,1012,Helvetica-Bold,#000,436,460,462,471,462,,,
I-Titre,tous,1,618,1012,Helvetica-Bold,#000,464,485,462,471,462,,,
I-Titre,les,1,618,1012,Helvetica-Bold,#000,489,503,462,471,462,,,
I-Titre,parcs,1,618,1012,Helvetica-Bold,#000,507,534,462,471,462,,,
I-Titre,et,1,618,1012,Helvetica-Bold,#000,537,547,462,471,462,,,
I-Titre,espaces,1,618,1012,Helvetica-Bold,#000,109,148,473,482,473,,,
I-Titre,"verts,",1,618,1012,Helvetica-Bold,#000,152,180,473,482,473,,,
I-Titre,propriété,1,618,1012,Helvetica-Bold,#000,184,230,473,482,473,,,
I-Titre,de,1,618,1012,Helvetica-Bold,#000,234,246,473,482,473,,,
I-Titre,la,1,618,1012,Helvetica-Bold,#000,249,257,473,482,473,,,
I-Titre,Ville,1,618,1012,Helvetica-Bold,#000,261,283,473,482,473,,Suspect,
I-Titre,de,1,618,1012,Helvetica-Bold,#000,286,298,473,482,473,,,
I-Titre,"Sainte-Adèle,",1,618,1012,Helvetica-Bold,#000,302,369,473,482,473,,,
I-Titre,incluant,1,618,1012,Helvetica-Bold,#000,373,413,473,482,473,,,
I-Titre,la,1,618,1012,Helvetica-Bold,#000,416,425,473,482,473,,,
I-Titre,plage,1,618,1012,Helvetica-Bold,#000,429,456,473,482,473,,,
I-Titre,Jean-Guy-Caron.,1,618,1012,Helvetica-Bold,#000,459,543,473,482,473,,Suspect,
B-Alinea,ATTENDU,1,618,1012,Times-Bold,#000,109,156,509,518,509,,,
I-Alinea,QUE,1,618,1012,Times-Bold,#000,161,181,509,518,509,,,
I-Alinea,l'avis,1,618,1012,Helvetica,#000,186,208,509,518,509,,,
I-Alinea,de,1,618,1012,Helvetica,#000,213,223,509,518,509,,,
I-Alinea,motion,1,618,1012,Helvetica,#000,228,258,509,518,509,,,
I-Alinea,du,1,618,1012,Helvetica,#000,263,274,509,518,509,,,
I-Alinea,présent,1,618,1012,Helvetica,#000,278,312,509,518,509,,,
I-Alinea,règlement,1,618,1012,Helvetica,#000,316,362,509,518,509,,,
I-Alinea,a,1,618,1012,Helvetica,#000,366,372,509,518,509,,,
I-Alinea,été,1,618,1012,Helvetica,#000,375,389,509,518,509,,,
I-Alinea,donné,1,618,1012,Helvetica,#000,394,421,509,518,509,,,
I-Alinea,lors,1,618,1012,Helvetica,#000,426,442,509,518,509,,,
I-Alinea,de,1,618,1012,Helvetica,#000,446,457,509,518,509,,,
I-Alinea,la,1,618,1012,Helvetica,#000,461,468,509,518,509,,,
I-Alinea,séance,1,618,1012,Helvetica,#000,472,503,509,518,509,,,
I-Alinea,ordinaire,1,618,1012,Helvetica,#000,507,547,509,518,509,,,
I-Alinea,du,1,618,1012,Helvetica,#000,109,119,520,529,520,,,
I-Alinea,20,1,618,1012,Helvetica,#000,124,134,520,529,520,,Suspect,
I-Alinea,août,1,618,1012,Helvetica,#000,138,158,520,529,520,,,
I-Alinea,2012,1,618,1012,Helvetica,#000,161,184,520,529,520,,Suspect,
I-Alinea,par,1,618,1012,Helvetica,#000,187,202,520,529,520,,,
I-Alinea,Monsieur,1,618,1012,Helvetica,#000,206,246,520,529,520,,,
I-Alinea,le,1,618,1012,Helvetica,#000,250,257,520,529,520,,,
I-Alinea,Conseiller,1,618,1012,Helvetica,#000,260,304,520,529,520,,,
I-Alinea,Pierre,1,618,1012,Helvetica,#000,308,333,520,529,520,,Suspect,
I-Alinea,Morabito.,1,618,1012,Helvetica,#000,337,379,520,529,520,,,
B-Alinea,QU'IL,1,618,1012,Times-Bold,#000,109,138,541,551,541,,,
I-Alinea,SOIT,1,618,1012,Times-Bold,#000,144,169,541,551,541,,Suspect,
I-Alinea,STATUÉ,1,618,1012,Times-Bold,#000,175,213,541,551,541,,,
I-Alinea,ET,1,618,1012,Times-Bold,#000,220,232,541,551,541,,,
I-Alinea,ORDONNÉE,1,618,1012,Times-Bold,#000,238,295,541,551,541,,Suspect,
I-Alinea,PAR,1,618,1012,Times-Bold,#000,301,322,541,551,541,,,
I-Alinea,LE,1,618,1012,Times-Bold,#000,328,339,541,551,541,,,
I-Alinea,PRÉSENT,1,618,1012,Times-Bold,#000,346,391,541,551,541,,,
I-Alinea,RÈGLEMENT,1,618,1012,Times-Bold,#000,398,458,541,551,541,,,
I-Alinea,CE,1,618,1012,Times-Bold,#000,464,476,541,551,541,,Suspect,
I-Alinea,QUI,1,618,1012,Times-Bold,#000,483,502,541,551,541,,,
I-Alinea,"SUIT,",1,618,1012,Times-Bold,#000,508,535,541,551,541,,,
I-Alinea,à,1,618,1012,Times-Bold,#000,542,547,541,551,541,,,
I-Alinea,savoir:,1,618,1012,Helvetica-Bold,#000,109,146,552,562,552,,,
B-Article,ARTICLE,1,618,1012,Times-Bold,#000,109,152,574,584,574,,Suspect,
I-Article,1,1,618,1012,Times-Bold,#000,156,161,574,584,574,,,
B-Alinea,Le,1,618,1012,Helvetica,#000,182,191,575,584,575,,,
I-Alinea,Conseil,1,618,1012,Helvetica,#000,197,229,575,584,575,,,
I-Alinea,décrète,1,618,1012,Helvetica,#000,235,268,575,584,575,,,
I-Alinea,l'interdiction,1,618,1012,Helvetica,#000,274,329,575,584,575,,,
I-Alinea,de,1,618,1012,Helvetica,#000,335,345,575,584,575,,,
I-Alinea,fumer,1,618,1012,Helvetica,#000,351,378,575,584,575,,,
I-Alinea,dans,1,618,1012,Helvetica,#000,383,404,575,584,575,,,
I-Alinea,tous,1,618,1012,Helvetica,#000,409,428,575,584,575,,,
I-Alinea,les,1,618,1012,Helvetica,#000,434,446,575,584,575,,,
I-Alinea,parcs,1,618,1012,Helvetica,#000,452,475,575,584,575,,,
I-Alinea,et,1,618,1012,Helvetica,#000,481,490,575,584,575,,,
I-Alinea,les,1,618,1012,Helvetica,#000,495,507,575,584,575,,,
I-Alinea,espaces,1,618,1012,Helvetica,#000,512,548,575,584,575,,,
I-Alinea,"verts,",1,618,1012,Helvetica,#000,181,206,585,595,585,,,
I-Alinea,propriété,1,618,1012,Helvetica,#000,212,252,585,595,585,,,
I-Alinea,de,1,618,1012,Helvetica,#000,256,267,585,595,585,,,
I-Alinea,la,1,618,1012,Helvetica,#000,271,278,585,595,585,,,
I-Alinea,Ville,1,618,1012,Helvetica,#000,282,301,585,595,585,,Suspect,
I-Alinea,de,1,618,1012,Helvetica,#000,305,315,585,595,585,,,
I-Alinea,"Sainte-Adèle,",1,618,1012,Helvetica,#000,319,380,585,595,585,,,
I-Alinea,incluant,1,618,1012,Helvetica,#000,384,419,585,595,585,,,
I-Alinea,la,1,618,1012,Helvetica,#000,423,431,585,595,585,,,
I-Alinea,plage,1,618,1012,Helvetica,#000,435,459,585,595,585,,,
I-Alinea,Jean-Guy-Caron,1,618,1012,Helvetica,#000,462,535,585,595,585,,,
I-Alinea,et,1,618,1012,Helvetica,#000,539,548,585,595,585,,,
I-Alinea,"ce,",1,618,1012,Helvetica,#000,182,194,596,606,596,,,
I-Alinea,sur,1,618,1012,Helvetica,#000,198,213,596,606,596,,,
I-Alinea,toute,1,618,1012,Helvetica,#000,216,239,596,606,596,,,
I-Alinea,l'étendue,1,618,1012,Helvetica,#000,244,285,596,606,596,,,
I-Alinea,desdits,1,618,1012,Helvetica,#000,289,320,596,606,596,,,
I-Alinea,terrains,1,618,1012,Helvetica,#000,324,358,596,606,596,,,
I-Alinea,et,1,618,1012,Helvetica,#000,363,371,596,606,596,,,
I-Alinea,dans,1,618,1012,Helvetica,#000,375,396,596,606,596,,,
I-Alinea,tout,1,618,1012,Helvetica,#000,400,418,596,606,596,,,
I-Alinea,autre,1,618,1012,Helvetica,#000,422,445,596,606,596,,,
I-Alinea,endroit,1,618,1012,Helvetica,#000,449,481,596,606,596,,,
I-Alinea,décrété,1,618,1012,Helvetica,#000,485,518,596,606,596,,,
I-Alinea,par,1,618,1012,Helvetica,#000,522,537,596,606,596,,,
I-Alinea,le,1,618,1012,Helvetica,#000,541,548,596,606,596,,,
I-Alinea,présent,1,618,1012,Helvetica,#000,181,215,606,616,606,,,
I-Alinea,règlement.,1,618,1012,Helvetica,#000,219,267,606,616,606,,,
I-Alinea,",",1,618,1012,Helvetica,#000,534,537,606,616,606,,Suspect,
B-Article,ARTICLE,1,618,1012,Times-Bold,#000,109,152,640,649,640,,Suspect,
I-Article,2,1,618,1012,Times-Bold,#000,156,161,640,649,640,,,
B-Alinea,Il,1,618,1012,Helvetica,#000,180,186,640,649,640,,,
I-Alinea,est,1,618,1012,Helvetica,#000,191,204,640,649,640,,,
I-Alinea,interdit,1,618,1012,Helvetica,#000,209,241,640,649,640,,,
I-Alinea,de,1,618,1012,Helvetica,#000,245,256,640,649,640,,,
I-Alinea,vendre,1,618,1012,Helvetica,#000,260,291,640,649,640,,,
I-Alinea,du,1,618,1012,Helvetica,#000,296,306,640,649,640,,,
I-Alinea,tabac,1,618,1012,Helvetica,#000,311,335,640,649,640,,,
I-Alinea,aux,1,618,1012,Helvetica,#000,340,356,640,649,640,,,
I-Alinea,endroits,1,618,1012,Helvetica,#000,360,396,640,649,640,,,
I-Alinea,indiqués,1,618,1012,Helvetica,#000,401,438,640,649,640,,,
I-Alinea,à,1,618,1012,Times-Roman,#000,443,447,640,650,640,,,
I-Alinea,l'article,1,618,1012,Helvetica,#000,452,485,640,649,640,,,
I-Alinea,1,1,618,1012,Helvetica,#000,490,495,640,649,640,,,
I-Alinea,du,1,618,1012,Helvetica,#000,499,509,640,649,640,,,
I-Alinea,présent,1,618,1012,Helvetica,#000,514,548,640,649,640,,,
I-Alinea,règlement.,1,618,1012,Helvetica,#000,180,228,651,660,651,,,
B-Article,ARTICLE,1,618,1012,Times-Bold,#000,110,153,684,693,684,,Suspect,
I-Article,3,1,618,1012,Times-Bold,#000,156,161,684,693,684,,,
B-Alinea,Pour,1,618,1012,Helvetica,#000,181,201,684,693,684,,Suspect,
I-Alinea,l'application,1,618,1012,Helvetica,#000,205,258,684,693,684,,,
I-Alinea,du,1,618,1012,Helvetica,#000,262,273,684,693,684,,,
I-Alinea,présent,1,618,1012,Helvetica,#000,278,311,684,693,684,,,
I-Alinea,"règlement,",1,618,1012,Helvetica,#000,316,364,684,693,684,,,
I-Alinea,le,1,618,1012,Helvetica,#000,369,376,684,693,684,,,
I-Alinea,Conseil,1,618,1012,Helvetica,#000,380,412,684,693,684,,Suspect,
I-Alinea,peut,1,618,1012,Helvetica,#000,417,437,684,693,684,,,
I-Alinea,nommer,1,618,1012,Helvetica,#000,441,479,684,693,684,,,
I-Alinea,des,1,618,1012,Helvetica,#000,483,498,684,693,684,,,
I-Alinea,personnes,1,618,1012,Helvetica,#000,502,548,684,693,684,,,
I-Alinea,ou,1,618,1012,Helvetica,#000,181,191,695,704,695,,,
I-Alinea,identifier,1,618,1012,Helvetica,#000,195,236,695,704,695,,,
I-Alinea,des,1,618,1012,Helvetica,#000,239,254,695,704,695,,,
I-Alinea,catégories,1,618,1012,Helvetica,#000,259,304,695,704,695,,,
I-Alinea,de,1,618,1012,Helvetica,#000,309,319,695,704,695,,,
I-Alinea,personnes,1,618,1012,Helvetica,#000,323,369,695,704,695,,,
I-Alinea,pour,1,618,1012,Helvetica,#000,373,394,695,704,695,,,
I-Alinea,remplir,1,618,1012,Helvetica,#000,398,430,695,704,695,,,
I-Alinea,les,1,618,1012,Helvetica,#000,434,446,695,704,695,,,
I-Alinea,fonctions,1,618,1012,Helvetica,#000,449,490,695,704,695,,,
I-Alinea,d'inspecteur,1,618,1012,Helvetica,#000,494,549,695,704,695,,,
I-Alinea,dans,1,618,1012,Helvetica,#000,181,202,706,715,706,,,
I-Alinea,la,1,618,1012,Helvetica,#000,206,213,706,715,706,,,
I-Alinea,mesure,1,618,1012,Helvetica,#000,218,251,706,715,706,,,
I-Alinea,prévue,1,618,1012,Helvetica,#000,256,286,706,715,706,,,
I-Alinea,par,1,618,1012,Helvetica,#000,291,306,706,715,706,,,
I-Alinea,la,1,618,1012,Helvetica,#000,310,317,706,715,706,,,
I-Alinea,loi.,1,618,1012,Helvetica,#000,322,335,706,715,706,,,
I-Alinea,Lorsqu'elle,1,618,1012,Helvetica,#000,340,388,706,715,706,,,
I-Alinea,procède,1,618,1012,Helvetica,#000,393,428,706,715,706,,,
I-Alinea,"ainsi,",1,618,1012,Helvetica,#000,433,456,706,715,706,,,
I-Alinea,la,1,618,1012,Helvetica,#000,461,468,706,715,706,,,
I-Alinea,municipalité,1,618,1012,Helvetica,#000,473,527,706,715,706,,,
I-Alinea,doit,1,618,1012,Helvetica,#000,532,549,706,715,706,,,
I-Alinea,en,1,618,1012,Helvetica,#000,181,191,717,726,717,,,
I-Alinea,aviser,1,618,1012,Helvetica,#000,195,222,717,726,717,,,
I-Alinea,le,1,618,1012,Helvetica,#000,225,233,717,726,717,,,
I-Alinea,ministre,1,618,1012,Helvetica,#000,236,272,717,726,717,,,
I-Alinea,de,1,618,1012,Helvetica,#000,276,287,717,726,717,,,
I-Alinea,la,1,618,1012,Helvetica,#000,290,297,717,726,717,,,
I-Alinea,Santé,1,618,1012,Helvetica,#000,301,327,717,726,717,,Suspect,
I-Alinea,et,1,618,1012,Helvetica,#000,330,339,717,726,717,,,
I-Alinea,des,1,618,1012,Helvetica,#000,342,358,717,726,717,,,
I-Alinea,Services,1,618,1012,Helvetica,#000,361,399,717,726,717,,Suspect,
I-Alinea,sociaux,1,618,1012,Helvetica,#000,402,436,717,726,717,,,
I-Alinea,du,1,618,1012,Helvetica,#000,439,449,717,726,717,,,
I-Alinea,Québec.,1,618,1012,Helvetica,#000,453,489,717,726,717,,,
B-Alinea,L'inspecteur,1,618,1012,Helvetica,#000,181,235,739,748,739,,,
I-Alinea,"doit,",1,618,1012,Helvetica,#000,242,261,739,748,739,,,
I-Alinea,sur,1,618,1012,Helvetica,#000,268,282,739,748,739,,,
I-Alinea,"demande,",1,618,1012,Helvetica,#000,288,333,739,748,739,,,
I-Alinea,s'identifier,1,618,1012,Helvetica,#000,340,387,739,748,739,,,
I-Alinea,et,1,618,1012,Helvetica,#000,393,402,739,748,739,,,
I-Alinea,exhiber,1,618,1012,Helvetica,#000,408,442,739,748,739,,,
I-Alinea,à,1,618,1012,Times-Roman,#000,448,452,738,748,738,,,
I-Alinea,la,1,618,1012,Helvetica,#000,460,467,739,748,739,,,
I-Alinea,personne,1,618,1012,Helvetica,#000,474,514,739,748,739,,,
I-Alinea,qui,1,618,1012,Helvetica,#000,521,534,739,748,739,,,
I-Alinea,le,1,618,1012,Helvetica,#000,541,548,739,748,739,,,
I-Alinea,"requiert,",1,618,1012,Helvetica,#000,181,219,749,759,749,,,
I-Alinea,un,1,618,1012,Helvetica,#000,224,234,749,759,749,,,
I-Alinea,certificat,1,618,1012,Helvetica,#000,239,278,749,759,749,,,
I-Alinea,attestant,1,618,1012,Helvetica,#000,282,322,749,759,749,,,
I-Alinea,sa,1,618,1012,Helvetica,#000,326,335,749,759,749,,,
I-Alinea,qualité,1,618,1012,Helvetica,#000,340,370,749,759,749,,,
I-Alinea,et,1,618,1012,Helvetica,#000,374,383,749,759,749,,,
I-Alinea,signé,1,618,1012,Helvetica,#000,387,410,749,759,749,,,
I-Alinea,par,1,618,1012,Helvetica,#000,415,430,749,759,749,,,
I-Alinea,le,1,618,1012,Helvetica,#000,434,441,749,759,749,,,
I-Alinea,directeur,1,618,1012,Helvetica,#000,445,486,749,759,749,,,
I-Alinea,général,1,618,1012,Helvetica,#000,489,522,749,759,749,,,
I-Alinea,de,1,618,1012,Helvetica,#000,526,537,749,759,749,,,
I-Alinea,la,1,618,1012,Helvetica,#000,541,548,749,759,749,,,
I-Alinea,Ville,1,618,1012,Helvetica,#000,180,199,760,770,760,,Suspect,
I-Alinea,de,1,618,1012,Helvetica,#000,204,215,760,770,760,,,
I-Alinea,Sainte-Adèle.,1,618,1012,Helvetica,#000,220,280,760,770,760,,,
I-Alinea,Les,1,618,1012,Helvetica,#000,286,300,760,770,760,,,
I-Alinea,responsabilités,1,618,1012,Helvetica,#000,305,372,760,770,760,,,
I-Alinea,de,1,618,1012,Helvetica,#000,377,388,760,770,760,,,
I-Alinea,chaque,1,618,1012,Helvetica,#000,393,425,760,770,760,,,
I-Alinea,inspecteur,1,618,1012,Helvetica,#000,430,477,760,770,760,,,
I-Alinea,sont,1,618,1012,Helvetica,#000,481,500,760,770,760,,,
I-Alinea,décrétées,1,618,1012,Helvetica,#000,505,549,760,770,760,,,
I-Alinea,dans,1,618,1012,Helvetica,#000,181,202,771,781,771,,,
I-Alinea,son,1,618,1012,Helvetica,#000,205,220,771,781,771,,,
I-Alinea,acte,1,618,1012,Helvetica,#000,224,243,771,781,771,,,
I-Alinea,de,1,618,1012,Helvetica,#000,246,257,771,781,771,,,
I-Alinea,nomination.,1,618,1012,Helvetica,#000,261,313,771,781,771,,,
B-Article,ARTICLE,1,618,1012,Times-Bold,#000,110,153,804,813,804,,Suspect,
I-Article,4,1,618,1012,Times-Bold,#000,157,162,804,813,804,,,
B-Alinea,Les,1,618,1012,Helvetica,#000,181,196,804,813,804,,,
I-Alinea,membres,1,618,1012,Helvetica,#000,200,242,804,813,804,,,
I-Alinea,de,1,618,1012,Helvetica,#000,245,256,804,813,804,,,
I-Alinea,Sécurité,1,618,1012,Helvetica,#000,260,296,804,813,804,,Suspect,
I-Alinea,des,1,618,1012,Helvetica,#000,300,315,804,813,804,,,
I-Alinea,Deux-Rives,1,618,1012,Helvetica,#000,319,370,804,813,804,,,
I-Alinea,Ltée,1,618,1012,Helvetica,#000,373,392,804,813,804,,,
I-Alinea,sont,1,618,1012,Helvetica,#000,396,415,804,813,804,,,
I-Alinea,responsables,1,618,1012,Helvetica,#000,419,477,804,813,804,,,
I-Alinea,de,1,618,1012,Helvetica,#000,481,491,804,813,804,,,
I-Alinea,l'application,1,618,1012,Helvetica,#000,496,549,804,813,804,,,
I-Alinea,du,1,618,1012,Helvetica,#000,181,191,815,824,815,,,
I-Alinea,présent,1,618,1012,Helvetica,#000,196,230,815,824,815,,,
I-Alinea,règlement,1,618,1012,Helvetica,#000,233,279,815,824,815,,,
I-Alinea,et,1,618,1012,Helvetica,#000,283,291,815,824,815,,,
I-Alinea,autorisés,1,618,1012,Helvetica,#000,295,335,815,824,815,,,
I-Alinea,à,1,618,1012,Times-Roman,#000,339,344,814,824,814,,,
I-Alinea,émettre,1,618,1012,Helvetica,#000,348,383,815,824,815,,,
I-Alinea,les,1,618,1012,Helvetica,#000,387,399,815,824,815,,,
I-Alinea,constats,1,618,1012,Helvetica,#000,403,440,815,824,815,,,
I-Alinea,d'infraction,1,618,1012,Helvetica,#000,444,494,815,824,815,,,
I-Alinea,requis,1,618,1012,Helvetica,#000,498,525,815,824,815,,,
I-Alinea,pour,1,618,1012,Helvetica,#000,529,549,815,824,815,,,
I-Alinea,toute,1,618,1012,Helvetica,#000,181,204,826,835,826,,,
I-Alinea,infraction,1,618,1012,Helvetica,#000,212,253,826,835,826,,,
I-Alinea,au,1,618,1012,Helvetica,#000,260,270,826,835,826,,,
I-Alinea,présent,1,618,1012,Helvetica,#000,278,311,826,835,826,,,
I-Alinea,règlement.,1,618,1012,Helvetica,#000,318,366,826,835,826,,,
I-Alinea,Ceux-ci,1,618,1012,Helvetica,#000,373,406,826,835,826,,,
I-Alinea,sont,1,618,1012,Helvetica,#000,413,433,826,835,826,,,
I-Alinea,dès,1,618,1012,Helvetica,#000,439,455,826,835,826,,,
I-Alinea,lors,1,618,1012,Helvetica,#000,461,477,826,835,826,,,
I-Alinea,nommés,1,618,1012,Helvetica,#000,484,522,826,835,826,,,
I-Alinea,pour,1,618,1012,Helvetica,#000,529,549,826,835,826,,,
I-Alinea,remplir,1,618,1012,Helvetica,#000,182,214,837,846,837,,,
I-Alinea,les,1,618,1012,Helvetica,#000,217,229,837,846,837,,,
I-Alinea,fonctions,1,618,1012,Helvetica,#000,232,273,837,846,837,,,
I-Alinea,d'inspecteurs,1,618,1012,Helvetica,#000,277,336,837,846,837,,,
I-Alinea,pour,1,618,1012,Helvetica,#000,339,360,837,846,837,,,
I-Alinea,ce,1,618,1012,Helvetica,#000,363,372,837,846,837,,,
I-Alinea,faire.,1,618,1012,Helvetica,#000,376,398,837,846,837,,,
B-Article,ARTICLE,1,618,1012,Times-Bold,#000,111,154,869,879,869,,Suspect,
I-Article,5,1,618,1012,Times-Bold,#000,158,162,869,879,869,,,
B-Alinea,Quiconque,1,618,1012,Helvetica,#000,181,229,869,879,869,,,
I-Alinea,contrevient,1,618,1012,Helvetica,#000,233,284,869,879,869,,,
I-Alinea,aux,1,618,1012,Helvetica,#000,288,303,869,879,869,,,
I-Alinea,dispositions,1,618,1012,Helvetica,#000,308,360,869,879,869,,,
I-Alinea,du,1,618,1012,Helvetica,#000,364,375,869,879,869,,,
I-Alinea,présent,1,618,1012,Helvetica,#000,380,414,869,879,869,,,
I-Alinea,règlement,1,618,1012,Helvetica,#000,418,463,869,879,869,,,
I-Alinea,est,1,618,1012,Helvetica,#000,467,481,869,879,869,,,
I-Alinea,passible,1,618,1012,Helvetica,#000,485,521,869,879,869,,,
I-Alinea,d'une,1,618,1012,Helvetica,#000,525,549,869,879,869,,,
I-Alinea,amende,1,618,1012,Helvetica,#000,181,217,881,890,881,,,
I-Alinea,de,1,618,1012,Helvetica,#000,222,233,881,890,881,,,
I-Alinea,100$,1,618,1012,Helvetica,#000,239,261,881,890,881,,Suspect,
I-Alinea,à,1,618,1012,Times-Roman,#000,266,270,880,890,880,,,
I-Alinea,300$,1,618,1012,Helvetica,#000,276,298,881,890,881,,Suspect,
I-Alinea,pour,1,618,1012,Helvetica,#000,304,324,881,890,881,,,
I-Alinea,une,1,618,1012,Helvetica,#000,329,346,881,890,881,,,
I-Alinea,première,1,618,1012,Helvetica,#000,351,391,881,890,881,,,
I-Alinea,infraction,1,618,1012,Helvetica,#000,396,438,881,890,881,,,
I-Alinea,"et,",1,618,1012,Helvetica,#000,443,455,881,890,881,,,
I-Alinea,en,1,618,1012,Helvetica,#000,460,471,881,890,881,,,
I-Alinea,cas,1,618,1012,Helvetica,#000,476,490,881,890,881,,,
I-Alinea,de,1,618,1012,Helvetica,#000,495,506,881,890,881,,,
I-Alinea,"récidive,",1,618,1012,Helvetica,#000,511,549,881,890,881,,,
I-Alinea,d'une,1,618,1012,Helvetica,#000,181,206,891,901,891,,,
I-Alinea,amende,1,618,1012,Helvetica,#000,209,245,891,901,891,,,
I-Alinea,de,1,618,1012,Helvetica,#000,249,259,891,901,891,,,
I-Alinea,200$,1,618,1012,Helvetica,#000,263,285,891,901,891,,Suspect,
I-Alinea,à,1,618,1012,Helvetica,#000,289,294,890,901,890,,,
I-Alinea,600$.,1,618,1012,Helvetica,#000,297,322,891,901,891,,Suspect,
B-Alinea,Les,1,618,1012,Helvetica,#000,181,196,913,922,913,,,
I-Alinea,frais,1,618,1012,Helvetica,#000,199,219,913,922,913,,,
I-Alinea,de,1,618,1012,Helvetica,#000,222,233,913,922,913,,,
I-Alinea,la,1,618,1012,Helvetica,#000,237,244,913,922,913,,,
I-Alinea,poursuite,1,618,1012,Helvetica,#000,248,289,913,922,913,,,
I-Alinea,sont,1,618,1012,Helvetica,#000,293,312,913,922,913,,,
I-Alinea,en,1,618,1012,Helvetica,#000,316,326,913,922,913,,,
I-Alinea,sus.,1,618,1012,Helvetica,#000,329,347,913,922,913,,,
B-Tete,2,2,612,1008,Helvetica,#000,502,508,48,60,1060,,,
B-Alinea,Les,2,612,1008,Helvetica,#000,139,154,147,157,1159,,,
I-Alinea,délais,2,612,1008,Helvetica,#000,163,188,147,157,1159,,,
I-Alinea,pour,2,612,1008,Helvetica,#000,197,218,147,157,1159,,,
I-Alinea,le,2,612,1008,Helvetica,#000,226,233,147,157,1159,,,
I-Alinea,paiement,2,612,1008,Helvetica,#000,242,284,147,157,1159,,,
I-Alinea,de,2,612,1008,Helvetica,#000,292,303,147,157,1159,,,
I-Alinea,l'amende,2,612,1008,Helvetica,#000,312,352,147,157,1159,,,
I-Alinea,et,2,612,1008,Helvetica,#000,361,370,147,157,1159,,,
I-Alinea,des,2,612,1008,Helvetica,#000,378,393,147,157,1159,,,
I-Alinea,frais,2,612,1008,Helvetica,#000,402,421,147,157,1159,,,
I-Alinea,imposés,2,612,1008,Helvetica,#000,430,467,147,157,1159,,,
I-Alinea,et,2,612,1008,Helvetica,#000,475,484,147,157,1159,,,
I-Alinea,des,2,612,1008,Helvetica,#000,492,508,147,157,1159,,,
I-Alinea,conséquences,2,612,1008,Helvetica,#000,139,202,158,168,1170,,,
I-Alinea,du,2,612,1008,Helvetica,#000,209,220,158,168,1170,,,
I-Alinea,défaut,2,612,1008,Helvetica,#000,228,257,158,168,1170,,,
I-Alinea,de,2,612,1008,Helvetica,#000,264,275,158,168,1170,,,
I-Alinea,les,2,612,1008,Helvetica,#000,282,294,158,168,1170,,,
I-Alinea,payer,2,612,1008,Helvetica,#000,302,327,158,168,1170,,,
I-Alinea,dans,2,612,1008,Helvetica,#000,334,356,158,168,1170,,,
I-Alinea,le,2,612,1008,Helvetica,#000,363,371,158,168,1170,,,
I-Alinea,délai,2,612,1008,Helvetica,#000,378,399,158,168,1170,,,
I-Alinea,"prescrit,",2,612,1008,Helvetica,#000,407,444,158,168,1170,,,
I-Alinea,sont,2,612,1008,Helvetica,#000,452,471,158,168,1170,,,
I-Alinea,établis,2,612,1008,Helvetica,#000,478,507,158,168,1170,,,
I-Alinea,conformément,2,612,1008,Helvetica,#000,139,205,169,178,1180,,,
I-Alinea,au,2,612,1008,Helvetica,#000,208,219,169,178,1180,,,
I-Alinea,Code,2,612,1008,Helvetica,#000,222,245,169,178,1180,,,
I-Alinea,de,2,612,1008,Helvetica,#000,248,259,169,178,1180,,,
I-Alinea,procédure,2,612,1008,Helvetica,#000,263,308,169,178,1180,,,
I-Alinea,pénale,2,612,1008,Helvetica,#000,311,341,169,178,1180,,,
I-Alinea,du,2,612,1008,Helvetica,#000,344,355,169,178,1180,,,
I-Alinea,Québec.,2,612,1008,Helvetica,#000,358,395,169,178,1180,,,
B-Article,ARTICLE,2,612,1008,Helvetica-Bold,#000,68,111,200,209,1212,,,
I-Article,6,2,612,1008,Helvetica-Bold,#000,115,120,200,209,1212,,,
B-Alinea,Le,2,612,1008,Helvetica,#000,139,149,201,211,1213,,,
I-Alinea,présent,2,612,1008,Helvetica,#000,153,187,201,211,1213,,,
I-Alinea,règlement,2,612,1008,Helvetica,#000,190,236,201,211,1213,,,
I-Alinea,entrera,2,612,1008,Helvetica,#000,239,271,201,211,1213,,,
I-Alinea,en,2,612,1008,Helvetica,#000,275,286,201,211,1213,,,
I-Alinea,vigueur,2,612,1008,Helvetica,#000,290,324,201,211,1213,,,
I-Alinea,conformément,2,612,1008,Helvetica,#000,327,392,201,211,1213,,,
I-Alinea,à,2,612,1008,Helvetica,#000,396,402,201,211,1212,,,
I-Alinea,la,2,612,1008,Helvetica,#000,405,412,201,211,1213,,,
I-Alinea,Loi.,2,612,1008,Helvetica,#000,416,431,201,211,1213,,,
B-Titre,RÉSOLUTION,2,612,1008,Helvetica-Bold,#000,218,284,245,255,1257,,Suspect,
I-Titre,NO.,2,612,1008,Helvetica-Bold,#000,288,306,245,255,1257,,Suspect,
I-Titre,2012-249,2,612,1008,Helvetica-Bold,#000,310,358,245,255,1257,,,
B-Tableau,Il,2,612,1008,Helvetica-Bold,#000,68,79,289,298,1300,,,
I-Tableau,EST,2,612,1008,Helvetica-Bold,#000,82,101,289,298,1300,,,
I-Tableau,PROPOSÉ,2,612,1008,Helvetica-Bold,#000,104,152,289,298,1300,,Suspect,
I-Tableau,PAR,2,612,1008,Helvetica-Bold,#000,156,176,289,298,1300,,,
I-Tableau,LE,2,612,1008,Helvetica-Bold,#000,179,190,289,298,1300,,,
I-Tableau,CONSEILLER,2,612,1008,Helvetica-Bold,#000,194,258,289,298,1300,,,
I-Tableau,:,2,612,1008,Helvetica,#000,262,264,289,298,1300,,,
I-Tableau,M.,2,612,1008,Helvetica-Bold,#000,317,328,290,299,1302,,,
I-Tableau,Pierre,2,612,1008,Helvetica-Bold,#000,331,361,290,299,1302,,,
I-Tableau,Morabito,2,612,1008,Helvetica-Bold,#000,365,409,290,299,1302,,,
I-Tableau,APPUYÉ,2,612,1008,Helvetica-Bold,#000,68,108,311,320,1322,,,
I-Tableau,PAR,2,612,1008,Helvetica-Bold,#000,112,133,311,320,1322,,,
I-Tableau,LA,2,612,1008,Helvetica-Bold,#000,136,148,311,320,1322,,,
I-Tableau,CONSEILLÈRE,2,612,1008,Helvetica-Bold,#000,152,221,311,320,1322,,,
I-Tableau,:,2,612,1008,Helvetica,#000,225,228,311,320,1322,,,
I-Tableau,Mme,2,612,1008,Helvetica-Bold,#000,317,340,312,321,1324,,,
I-Tableau,Lise,2,612,1008,Helvetica-Bold,#000,344,363,312,321,1324,,,
I-Tableau,Gendron,2,612,1008,Helvetica-Bold,#000,367,409,312,321,1324,,,
I-Tableau,ET,2,612,1008,Helvetica-Bold,#000,69,81,332,341,1344,,,
I-Tableau,RÉSOLU,2,612,1008,Helvetica-Bold,#000,84,123,332,341,1344,,Suspect,
I-Tableau,À,2,612,1008,Helvetica-Bold,#000,127,134,332,341,1343,,,
I-Tableau,l'UNANIMITÉ,2,612,1008,Helvetica-Bold,#000,138,206,332,341,1344,,,
B-Alinea,QUE,2,612,1008,Helvetica,#000,69,87,354,364,1366,,,
I-Alinea,le,2,612,1008,Helvetica,#000,91,99,354,364,1366,,,
I-Alinea,règlement,2,612,1008,Helvetica,#000,102,148,354,364,1366,,,
I-Alinea,numéro,2,612,1008,Helvetica,#000,151,186,354,364,1366,,,
I-Alinea,1174-2012,2,612,1008,Helvetica,#000,190,239,354,364,1366,,Suspect,
I-Alinea,soit,2,612,1008,Helvetica,#000,243,259,354,364,1366,,,
I-Alinea,adopté,2,612,1008,Helvetica,#000,262,293,354,364,1366,,,
I-Alinea,par,2,612,1008,Helvetica,#000,297,311,354,364,1366,,,
I-Alinea,le,2,612,1008,Helvetica,#000,315,322,354,364,1366,,,
I-Alinea,Conseil.,2,612,1008,Helvetica,#000,325,360,354,364,1366,,,
B-Alinea,DATE,2,612,1008,Helvetica-Bold,#000,71,97,804,813,1816,,,
I-Alinea,D'ENTRÉE,2,612,1008,Helvetica-Bold,#000,101,150,804,813,1816,,,
I-Alinea,EN,2,612,1008,Helvetica-Bold,#000,154,166,804,813,1816,,,
I-Alinea,VIGUEUR:,2,612,1008,Helvetica-Bold,#000,170,220,804,813,1816,,,
I-Alinea,Le,2,612,1008,Helvetica-Bold,#000,227,238,804,813,1816,,,
I-Alinea,26,2,612,1008,Times-Bold,#000,248,257,804,813,1816,,,
I-Alinea,Simtl!llbrc,2,612,1008,Times-Bold,#000,262,305,804,813,1816,,Suspect,
I-Alinea,2012,2,612,1008,Times-Bold,#000,310,329,804,813,1816,,Suspect,
