seqtag,segtag,text,page,page_width,page_height,fontname,rgb,x0,x1,top,bottom,doctop,mcid,mctag,tagstack
O,B-Titre,VILLE,1,612,1008,Verdana-Bold,#000,108,141,97,107,97,,,
O,I-Titre,DE,1,612,1008,Verdana-Bold,#000,144,159,97,107,97,,,
O,I-Titre,SAINTE-ADÈLE,1,612,1008,Verdana-Bold,#000,163,246,97,107,97,,,
O,B-Titre,PROVINCE,1,612,1008,Verdana-Bold,#000,108,167,121,131,121,,,
O,I-Titre,DE,1,612,1008,Verdana-Bold,#000,171,186,121,131,121,,,
O,I-Titre,QUÉBEC,1,612,1008,Verdana-Bold,#000,189,235,121,131,121,,,
O,B-Titre,COMTE,1,612,1008,Verdana-Bold,#000,108,147,145,155,145,,,
O,I-Titre,DE,1,612,1008,Verdana-Bold,#000,150,166,145,155,145,,,
O,I-Titre,BERTRAND,1,612,1008,Verdana-Bold,#000,169,231,145,155,145,,,
O,B-Titre,RÈGLEMENT,1,612,1008,Verdana-Bold,#000,249,317,208,218,208,,,
O,I-Titre,NO.,1,612,1008,Verdana-Bold,#000,320,341,208,218,208,,,
B-Numero,I-Titre,1144-2010,1,612,1008,Verdana-Bold,#000,344,406,208,218,208,,,
O,B-Alinea,A,1,612,1008,Verdana,#000,108,114,263,272,263,,,
O,I-Alinea,une,1,612,1008,Verdana,#000,119,136,263,272,263,,,
O,I-Alinea,séance,1,612,1008,Verdana,#000,140,171,263,272,263,,,
O,I-Alinea,ordinaire,1,612,1008,Verdana,#000,176,216,263,272,263,,,
O,I-Alinea,du,1,612,1008,Verdana,#000,221,232,263,272,263,,,
O,I-Alinea,Conseil,1,612,1008,Verdana,#000,237,269,263,272,263,,,
O,I-Alinea,"municipal,",1,612,1008,Verdana,#000,274,321,263,272,263,,,
O,I-Alinea,tenue,1,612,1008,Verdana,#000,325,351,263,272,263,,,
O,I-Alinea,publiquement,1,612,1008,Verdana,#000,356,418,263,272,263,,,
O,I-Alinea,le,1,612,1008,Verdana,#000,422,430,263,272,263,,,
O,I-Alinea,18,1,612,1008,Verdana,#000,435,446,263,272,263,,,
O,I-Alinea,octobre,1,612,1008,Verdana,#000,451,485,263,272,263,,,
O,I-Alinea,2010,1,612,1008,Verdana,#000,489,512,263,272,263,,,
O,I-Alinea,à,1,612,1008,Verdana,#000,517,522,263,272,263,,,
O,I-Alinea,"20h,",1,612,1008,Verdana,#000,527,547,263,272,263,,,
O,I-Alinea,dans,1,612,1008,Verdana,#000,108,129,274,283,274,,,
O,I-Alinea,la,1,612,1008,Verdana,#000,133,141,274,283,274,,,
O,I-Alinea,salle,1,612,1008,Verdana,#000,145,166,274,283,274,,,
O,I-Alinea,du,1,612,1008,Verdana,#000,170,181,274,283,274,,,
O,I-Alinea,Conseil,1,612,1008,Verdana,#000,185,217,274,283,274,,,
O,I-Alinea,Municipal,1,612,1008,Verdana,#000,221,263,274,283,274,,,
O,I-Alinea,située,1,612,1008,Verdana,#000,267,295,274,283,274,,,
O,I-Alinea,au,1,612,1008,Verdana,#000,299,310,274,283,274,,,
O,I-Alinea,1386,1,612,1008,Verdana,#000,314,336,274,283,274,,,
O,I-Alinea,de,1,612,1008,Verdana,#000,340,351,274,283,274,,,
O,I-Alinea,la,1,612,1008,Verdana,#000,355,363,274,283,274,,,
O,I-Alinea,rue,1,612,1008,Verdana,#000,367,382,274,283,274,,,
O,I-Alinea,"Dumouchel,",1,612,1008,Verdana,#000,386,440,274,283,274,,,
O,I-Alinea,"Sainte-Adèle,",1,612,1008,Verdana,#000,444,505,274,283,274,,,
O,I-Alinea,province,1,612,1008,Verdana,#000,509,547,274,283,274,,,
O,I-Alinea,de,1,612,1008,Verdana,#000,108,119,285,294,285,,,
O,I-Alinea,"Québec,",1,612,1008,Verdana,#000,124,161,285,294,285,,,
O,I-Alinea,lieu,1,612,1008,Verdana,#000,165,181,285,294,285,,,
O,I-Alinea,ordinaire,1,612,1008,Verdana,#000,186,226,285,294,285,,,
O,I-Alinea,des,1,612,1008,Verdana,#000,231,246,285,294,285,,,
O,I-Alinea,séances,1,612,1008,Verdana,#000,251,287,285,294,285,,,
O,I-Alinea,à,1,612,1008,Verdana,#000,291,297,285,294,285,,,
O,I-Alinea,laquelle,1,612,1008,Verdana,#000,301,336,285,294,285,,,
O,I-Alinea,étaient,1,612,1008,Verdana,#000,341,372,285,294,285,,,
O,I-Alinea,présents,1,612,1008,Verdana,#000,377,416,285,294,285,,,
O,I-Alinea,Mesdames,1,612,1008,Verdana,#000,420,468,285,294,285,,,
O,I-Alinea,et,1,612,1008,Verdana,#000,472,481,285,294,285,,,
O,I-Alinea,Messieurs,1,612,1008,Verdana,#000,486,530,285,294,285,,,
O,I-Alinea,les,1,612,1008,Verdana,#000,535,547,285,294,285,,,
O,I-Alinea,Conseillers,1,612,1008,Verdana,#000,108,157,295,304,295,,,
O,B-Liste,Nadine,1,612,1008,Verdana,#000,108,139,317,326,317,,,
O,I-Liste,Brière,1,612,1008,Verdana,#000,142,170,317,326,317,,,
O,I-Liste,District,1,612,1008,Verdana,#000,250,282,317,326,317,,,
O,I-Liste,1,1,612,1008,Verdana,#000,285,291,317,326,317,,,
O,B-Liste,Lise,1,612,1008,Verdana,#000,108,126,328,337,328,,,
O,I-Liste,Gendron,1,612,1008,Verdana,#000,129,167,328,337,328,,,
O,I-Liste,District,1,612,1008,Verdana,#000,250,282,328,337,328,,,
O,I-Liste,3,1,612,1008,Verdana,#000,285,291,328,337,328,,,
O,B-Liste,John,1,612,1008,Verdana,#000,108,129,339,348,339,,,
O,I-Liste,Butler,1,612,1008,Verdana,#000,132,159,339,348,339,,,
O,I-Liste,District,1,612,1008,Verdana,#000,250,282,339,348,339,,,
O,I-Liste,4,1,612,1008,Verdana,#000,285,291,339,348,339,,,
O,B-Liste,Robert,1,612,1008,Verdana,#000,108,138,350,359,350,,,
O,I-Liste,Lagacé,1,612,1008,Verdana,#000,141,173,350,359,350,,,
O,I-Liste,District,1,612,1008,Verdana,#000,250,282,350,359,350,,,
O,I-Liste,5,1,612,1008,Verdana,#000,285,291,350,359,350,,,
O,B-Liste,Pierre,1,612,1008,Verdana,#000,108,134,361,370,361,,,
O,I-Liste,Morabito,1,612,1008,Verdana,#000,138,177,361,370,361,,,
O,I-Liste,District,1,612,1008,Verdana,#000,250,282,361,370,361,,,
O,I-Liste,6,1,612,1008,Verdana,#000,285,291,361,370,361,,,
O,B-Alinea,sous,1,612,1008,Verdana,#000,108,129,382,391,382,,,
O,I-Alinea,la,1,612,1008,Verdana,#000,132,140,382,391,382,,,
O,I-Alinea,présidence,1,612,1008,Verdana,#000,143,191,382,391,382,,,
O,I-Alinea,de,1,612,1008,Verdana,#000,195,206,382,391,382,,,
O,I-Alinea,Monsieur,1,612,1008,Verdana,#000,209,249,382,391,382,,,
O,I-Alinea,le,1,612,1008,Verdana,#000,253,261,382,391,382,,,
O,I-Alinea,Maire,1,612,1008,Verdana,#000,264,288,382,391,382,,,
O,I-Alinea,Réjean,1,612,1008,Verdana,#000,292,323,382,391,382,,,
O,I-Alinea,Charbonneau.,1,612,1008,Verdana,#000,326,389,382,391,382,,,
O,B-Alinea,Tous,1,612,1008,Verdana,#000,108,129,404,413,404,,,
O,I-Alinea,membres,1,612,1008,Verdana,#000,133,175,404,413,404,,,
O,I-Alinea,dudit,1,612,1008,Verdana,#000,178,201,404,413,404,,,
O,I-Alinea,Conseil,1,612,1008,Verdana,#000,204,237,404,413,404,,,
O,I-Alinea,et,1,612,1008,Verdana,#000,240,249,404,413,404,,,
O,I-Alinea,en,1,612,1008,Verdana,#000,252,263,404,413,404,,,
O,I-Alinea,formant,1,612,1008,Verdana,#000,266,302,404,413,404,,,
O,I-Alinea,le,1,612,1008,Verdana,#000,305,313,404,413,404,,,
O,I-Alinea,quorum.,1,612,1008,Verdana,#000,316,355,404,413,404,,,
O,B-Alinea,Le,1,612,1008,Verdana,#000,108,118,426,435,426,,,
O,I-Alinea,greffier,1,612,1008,Verdana,#000,122,154,426,435,426,,,
O,I-Alinea,fait,1,612,1008,Verdana,#000,158,172,426,435,426,,,
O,I-Alinea,lecture,1,612,1008,Verdana,#000,175,206,426,435,426,,,
O,I-Alinea,du,1,612,1008,Verdana,#000,209,221,426,435,426,,,
O,I-Alinea,règlement,1,612,1008,Verdana,#000,224,270,426,435,426,,,
O,I-Alinea,numéro,1,612,1008,Verdana,#000,273,308,426,435,426,,,
B-Numero,I-Alinea,1144-2010.,1,612,1008,Verdana,#000,311,364,426,435,426,,,
B-Titre,B-Titre,Règlement,1,612,1008,Verdana-Bold,#000,108,162,473,482,473,,,
I-Titre,I-Titre,numéro,1,612,1008,Verdana-Bold,#000,166,205,473,482,473,,,
I-Titre,I-Titre,1144-2010,1,612,1008,Verdana-Bold,#000,208,264,473,482,473,,,
I-Titre,I-Titre,concernant,1,612,1008,Verdana-Bold,#000,267,323,473,482,473,,,
I-Titre,I-Titre,le,1,612,1008,Verdana-Bold,#000,327,336,473,482,473,,,
I-Titre,I-Titre,décret,1,612,1008,Verdana-Bold,#000,339,371,473,482,473,,,
I-Titre,I-Titre,de,1,612,1008,Verdana-Bold,#000,374,387,473,482,473,,,
I-Titre,I-Titre,règles,1,612,1008,Verdana-Bold,#000,390,421,473,482,473,,,
I-Titre,I-Titre,de,1,612,1008,Verdana-Bold,#000,424,436,473,482,473,,,
I-Titre,I-Titre,conduite,1,612,1008,Verdana-Bold,#000,440,483,473,482,473,,,
I-Titre,I-Titre,pour,1,612,1008,Verdana-Bold,#000,487,510,473,482,473,,,
I-Titre,I-Titre,l’accès,1,612,1008,Verdana-Bold,#000,513,547,473,482,473,,,
I-Titre,I-Titre,au,1,612,1008,Verdana-Bold,#000,108,120,483,492,483,,,
I-Titre,I-Titre,parc,1,612,1008,Verdana-Bold,#000,123,146,483,492,483,,,
I-Titre,I-Titre,canin,1,612,1008,Verdana-Bold,#000,149,176,483,492,483,,,
I-Titre,I-Titre,aménagé,1,612,1008,Verdana-Bold,#000,179,225,483,492,483,,,
I-Titre,I-Titre,dans,1,612,1008,Verdana-Bold,#000,228,252,483,492,483,,,
I-Titre,I-Titre,une,1,612,1008,Verdana-Bold,#000,255,274,483,492,483,,,
I-Titre,I-Titre,partie,1,612,1008,Verdana-Bold,#000,277,307,483,492,483,,,
I-Titre,I-Titre,du,1,612,1008,Verdana-Bold,#000,310,323,483,492,483,,,
I-Titre,I-Titre,parc,1,612,1008,Verdana-Bold,#000,326,348,483,492,483,,,
I-Titre,I-Titre,Claude-Cardinal.,1,612,1008,Verdana-Bold,#000,351,435,483,492,483,,,
O,B-Alinea,ATTENDU,1,612,1008,Verdana,#000,108,151,530,539,530,,,
O,I-Alinea,QUE,1,612,1008,Verdana,#000,155,174,530,539,530,,,
O,I-Alinea,l'avis,1,612,1008,Verdana,#000,177,200,530,539,530,,,
O,I-Alinea,de,1,612,1008,Verdana,#000,204,215,530,539,530,,,
O,I-Alinea,motion,1,612,1008,Verdana,#000,218,249,530,539,530,,,
O,I-Alinea,du,1,612,1008,Verdana,#000,253,264,530,539,530,,,
O,I-Alinea,présent,1,612,1008,Verdana,#000,268,302,530,539,530,,,
O,I-Alinea,règlement,1,612,1008,Verdana,#000,305,351,530,539,530,,,
O,I-Alinea,a,1,612,1008,Verdana,#000,354,360,530,539,530,,,
O,I-Alinea,été,1,612,1008,Verdana,#000,363,378,530,539,530,,,
O,I-Alinea,donné,1,612,1008,Verdana,#000,381,409,530,539,530,,,
O,I-Alinea,lors,1,612,1008,Verdana,#000,412,429,530,539,530,,,
O,I-Alinea,de,1,612,1008,Verdana,#000,432,443,530,539,530,,,
O,I-Alinea,la,1,612,1008,Verdana,#000,446,454,530,539,530,,,
O,I-Alinea,séance,1,612,1008,Verdana,#000,458,489,530,539,530,,,
O,I-Alinea,ordinaire,1,612,1008,Verdana,#000,492,533,530,539,530,,,
O,I-Alinea,du,1,612,1008,Verdana,#000,536,547,530,539,530,,,
O,I-Alinea,20,1,612,1008,Verdana,#000,108,119,541,550,541,,,
O,I-Alinea,septembre,1,612,1008,Verdana,#000,123,171,541,550,541,,,
O,I-Alinea,2010,1,612,1008,Verdana,#000,174,197,541,550,541,,,
O,I-Alinea,par,1,612,1008,Verdana,#000,200,215,541,550,541,,,
O,I-Alinea,Madame,1,612,1008,Verdana,#000,218,256,541,550,541,,,
O,I-Alinea,la,1,612,1008,Verdana,#000,259,267,541,550,541,,,
O,I-Alinea,Conseillère,1,612,1008,Verdana,#000,270,320,541,550,541,,,
O,I-Alinea,Lise,1,612,1008,Verdana,#000,323,340,541,550,541,,,
O,I-Alinea,Gendron.,1,612,1008,Verdana,#000,344,385,541,550,541,,,
O,B-Alinea,QU'IL,1,612,1008,Verdana-Bold,#000,108,137,563,572,563,,,
O,I-Alinea,SOIT,1,612,1008,Verdana-Bold,#000,140,165,563,572,563,,,
O,I-Alinea,STATUÉ,1,612,1008,Verdana-Bold,#000,168,207,563,572,563,,,
O,I-Alinea,ET,1,612,1008,Verdana-Bold,#000,210,222,563,572,563,,,
O,I-Alinea,ORDONNÉ,1,612,1008,Verdana-Bold,#000,225,277,563,572,563,,,
O,I-Alinea,PAR,1,612,1008,Verdana-Bold,#000,280,300,563,572,563,,,
O,I-Alinea,LE,1,612,1008,Verdana-Bold,#000,303,315,563,572,563,,,
O,I-Alinea,PRÉSENT,1,612,1008,Verdana-Bold,#000,318,364,563,572,563,,,
O,I-Alinea,RÈGLEMENT,1,612,1008,Verdana-Bold,#000,367,428,563,572,563,,,
O,I-Alinea,CE,1,612,1008,Verdana-Bold,#000,431,444,563,572,563,,,
O,I-Alinea,QUI,1,612,1008,Verdana-Bold,#000,447,467,563,572,563,,,
O,I-Alinea,"SUIT,",1,612,1008,Verdana-Bold,#000,470,498,563,572,563,,,
O,I-Alinea,à,1,612,1008,Verdana-Bold,#000,501,507,563,572,563,,,
O,I-Alinea,savoir:,1,612,1008,Verdana-Bold,#000,510,544,563,572,563,,,
O,I-Article,ARTICLE,1,612,1008,Verdana-Bold,#000,108,151,585,594,585,,,
O,I-Article,1,1,612,1008,Verdana-Bold,#000,154,161,585,594,585,,,
O,B-Alinea,Le,1,612,1008,Verdana,#000,180,190,585,594,585,,,
O,I-Alinea,Conseil,1,612,1008,Verdana,#000,194,226,585,594,585,,,
O,I-Alinea,décrète,1,612,1008,Verdana,#000,230,264,585,594,585,,,
O,I-Alinea,"que,",1,612,1008,Verdana,#000,267,287,585,594,585,,,
O,I-Alinea,pour,1,612,1008,Verdana,#000,290,311,585,594,585,,,
O,I-Alinea,être,1,612,1008,Verdana,#000,314,333,585,594,585,,,
O,I-Alinea,admis,1,612,1008,Verdana,#000,336,363,585,594,585,,,
O,I-Alinea,au,1,612,1008,Verdana,#000,366,377,585,594,585,,,
O,I-Alinea,parc,1,612,1008,Verdana,#000,381,400,585,594,585,,,
O,I-Alinea,canin,1,612,1008,Verdana,#000,404,428,585,594,585,,,
O,I-Alinea,aménagé,1,612,1008,Verdana,#000,431,473,585,594,585,,,
O,I-Alinea,dans,1,612,1008,Verdana,#000,476,498,585,594,585,,,
O,I-Alinea,une,1,612,1008,Verdana,#000,501,518,585,594,585,,,
O,I-Alinea,partie,1,612,1008,Verdana,#000,521,547,585,594,585,,,
O,I-Alinea,du,1,612,1008,Verdana,#000,180,191,595,604,595,,,
O,I-Alinea,parc,1,612,1008,Verdana,#000,196,215,595,604,595,,,
O,I-Alinea,"Claude-Cardinal,",1,612,1008,Verdana,#000,220,296,595,604,595,,,
O,I-Alinea,les,1,612,1008,Verdana,#000,300,313,595,604,595,,,
O,I-Alinea,obligations,1,612,1008,Verdana,#000,318,366,595,604,595,,,
O,I-Alinea,suivantes,1,612,1008,Verdana,#000,371,414,595,604,595,,,
O,I-Alinea,doivent,1,612,1008,Verdana,#000,419,452,595,604,595,,,
O,I-Alinea,être,1,612,1008,Verdana,#000,457,475,595,604,595,,,
O,I-Alinea,respectées,1,612,1008,Verdana,#000,479,528,595,604,595,,,
O,I-Alinea,par,1,612,1008,Verdana,#000,532,547,595,604,595,,,
O,I-Alinea,tout,1,612,1008,Verdana,#000,180,198,606,615,606,,,
O,I-Alinea,propriétaire,1,612,1008,Verdana,#000,202,254,606,615,606,,,
O,I-Alinea,de,1,612,1008,Verdana,#000,258,269,606,615,606,,,
O,I-Alinea,chien,1,612,1008,Verdana,#000,272,296,606,615,606,,,
O,I-Alinea,ou,1,612,1008,Verdana,#000,299,311,606,615,606,,,
O,I-Alinea,gardien,1,612,1008,Verdana,#000,314,348,606,615,606,,,
O,I-Alinea,de,1,612,1008,Verdana,#000,351,362,606,615,606,,,
O,I-Alinea,"celui-ci,",1,612,1008,Verdana,#000,365,401,606,615,606,,,
O,I-Alinea,tel,1,612,1008,Verdana,#000,404,415,606,615,606,,,
O,I-Alinea,qu’il,1,612,1008,Verdana,#000,419,437,606,615,606,,,
O,I-Alinea,appert,1,612,1008,Verdana,#000,441,470,606,615,606,,,
O,I-Alinea,à,1,612,1008,Verdana,#000,473,479,606,615,606,,,
O,I-Alinea,l’annexe,1,612,1008,Verdana,#000,482,520,606,615,606,,,
O,I-Alinea,«,1,612,1008,Verdana,#000,523,529,606,615,606,,,
O,I-Alinea,A,1,612,1008,Verdana,#000,532,538,606,615,606,,,
O,I-Alinea,»,1,612,1008,Verdana,#000,541,547,606,615,606,,,
O,I-Alinea,du,1,612,1008,Verdana,#000,180,191,617,626,617,,,
O,I-Alinea,présent,1,612,1008,Verdana,#000,194,229,617,626,617,,,
O,I-Alinea,règlement.,1,612,1008,Verdana,#000,232,281,617,626,617,,,
O,B-Article,ARTICLE,1,612,1008,Verdana-Bold,#000,108,151,650,659,650,,,
O,I-Article,2,1,612,1008,Verdana-Bold,#000,154,161,650,659,650,,,
O,B-Liste,a),1,612,1008,Verdana-Bold,#000,167,177,650,659,650,,,
O,I-Liste,Toute,1,612,1008,Verdana,#000,180,206,650,659,650,,,
O,I-Liste,personne,1,612,1008,Verdana,#000,210,251,650,659,650,,,
O,I-Liste,qui,1,612,1008,Verdana,#000,255,269,650,659,650,,,
O,I-Liste,contrevient,1,612,1008,Verdana,#000,273,324,650,659,650,,,
O,I-Liste,au,1,612,1008,Verdana,#000,328,339,650,659,650,,,
O,I-Liste,présent,1,612,1008,Verdana,#000,343,377,650,659,650,,,
O,I-Liste,règlement,1,612,1008,Verdana,#000,381,427,650,659,650,,,
O,I-Liste,commet,1,612,1008,Verdana,#000,431,467,650,659,650,,,
O,I-Liste,une,1,612,1008,Verdana,#000,471,488,650,659,650,,,
O,I-Liste,infraction,1,612,1008,Verdana,#000,492,535,650,659,650,,,
O,I-Liste,et,1,612,1008,Verdana,#000,538,547,650,659,650,,,
O,I-Liste,est,1,612,1008,Verdana,#000,180,194,661,670,661,,,
O,I-Liste,passible,1,612,1008,Verdana,#000,200,237,661,670,661,,,
O,I-Liste,d’une,1,612,1008,Verdana,#000,244,268,661,670,661,,,
O,I-Liste,amende,1,612,1008,Verdana,#000,275,311,661,670,661,,,
O,I-Liste,minimale,1,612,1008,Verdana,#000,318,360,661,670,661,,,
O,I-Liste,de,1,612,1008,Verdana,#000,367,378,661,670,661,,,
O,I-Liste,CENT,1,612,1008,Verdana,#000,385,409,661,670,661,,,
O,I-Liste,DOLLARS,1,612,1008,Verdana,#000,416,458,661,670,661,,,
O,I-Liste,(100$),1,612,1008,Verdana,#000,465,496,661,670,661,,,
O,I-Liste,pour,1,612,1008,Verdana,#000,503,524,661,670,661,,,
O,I-Liste,une,1,612,1008,Verdana,#000,531,547,661,670,661,,,
O,I-Liste,première,1,612,1008,Verdana,#000,180,221,671,680,671,,,
O,I-Liste,infraction,1,612,1008,Verdana,#000,225,268,671,680,671,,,
O,I-Liste,si,1,612,1008,Verdana,#000,272,279,671,680,671,,,
O,I-Liste,le,1,612,1008,Verdana,#000,284,292,671,680,671,,,
O,I-Liste,contrevenant,1,612,1008,Verdana,#000,296,356,671,680,671,,,
O,I-Liste,est,1,612,1008,Verdana,#000,361,374,671,680,671,,,
O,I-Liste,une,1,612,1008,Verdana,#000,379,395,671,680,671,,,
O,I-Liste,personne,1,612,1008,Verdana,#000,400,442,671,680,671,,,
O,I-Liste,"physique,",1,612,1008,Verdana,#000,446,490,671,680,671,,,
O,I-Liste,et,1,612,1008,Verdana,#000,495,503,671,680,671,,,
O,I-Liste,de,1,612,1008,Verdana,#000,508,519,671,680,671,,,
O,I-Liste,CINQ,1,612,1008,Verdana,#000,523,547,671,680,671,,,
O,I-Liste,CENT,1,612,1008,Verdana,#000,180,204,682,691,682,,,
O,I-Liste,DOLLARS,1,612,1008,Verdana,#000,208,251,682,691,682,,,
O,I-Liste,(500$),1,612,1008,Verdana,#000,255,286,682,691,682,,,
O,I-Liste,pour,1,612,1008,Verdana,#000,290,311,682,691,682,,,
O,I-Liste,une,1,612,1008,Verdana,#000,315,331,682,691,682,,,
O,I-Liste,première,1,612,1008,Verdana,#000,335,376,682,691,682,,,
O,I-Liste,infraction,1,612,1008,Verdana,#000,380,422,682,691,682,,,
O,I-Liste,si,1,612,1008,Verdana,#000,426,434,682,691,682,,,
O,I-Liste,le,1,612,1008,Verdana,#000,438,446,682,691,682,,,
O,I-Liste,contrevenant,1,612,1008,Verdana,#000,450,509,682,691,682,,,
O,I-Liste,est,1,612,1008,Verdana,#000,513,527,682,691,682,,,
O,I-Liste,une,1,612,1008,Verdana,#000,531,547,682,691,682,,,
O,I-Liste,personne,1,612,1008,Verdana,#000,180,222,693,702,693,,,
O,I-Liste,"morale,",1,612,1008,Verdana,#000,225,260,693,702,693,,,
O,I-Liste,et,1,612,1008,Verdana,#000,263,272,693,702,693,,,
O,I-Liste,d’un,1,612,1008,Verdana,#000,276,295,693,702,693,,,
O,I-Liste,minimum,1,612,1008,Verdana,#000,299,341,693,702,693,,,
O,I-Liste,de,1,612,1008,Verdana,#000,345,356,693,702,693,,,
O,I-Liste,TROIS,1,612,1008,Verdana,#000,359,388,693,702,693,,,
O,I-Liste,CENTS,1,612,1008,Verdana,#000,392,422,693,702,693,,,
O,I-Liste,DOLLARS,1,612,1008,Verdana,#000,426,468,693,702,693,,,
O,I-Liste,(300$),1,612,1008,Verdana,#000,472,503,693,702,693,,,
O,I-Liste,pour,1,612,1008,Verdana,#000,506,527,693,702,693,,,
O,I-Liste,une,1,612,1008,Verdana,#000,531,547,693,702,693,,,
O,I-Liste,récidive,1,612,1008,Verdana,#000,180,215,704,713,704,,,
O,I-Liste,si,1,612,1008,Verdana,#000,223,230,704,713,704,,,
O,I-Liste,le,1,612,1008,Verdana,#000,237,245,704,713,704,,,
O,I-Liste,contrevenant,1,612,1008,Verdana,#000,253,312,704,713,704,,,
O,I-Liste,est,1,612,1008,Verdana,#000,320,334,704,713,704,,,
O,I-Liste,une,1,612,1008,Verdana,#000,341,358,704,713,704,,,
O,I-Liste,personne,1,612,1008,Verdana,#000,365,407,704,713,704,,,
O,I-Liste,physique,1,612,1008,Verdana,#000,415,455,704,713,704,,,
O,I-Liste,et,1,612,1008,Verdana,#000,462,471,704,713,704,,,
O,I-Liste,d’une,1,612,1008,Verdana,#000,479,504,704,713,704,,,
O,I-Liste,amende,1,612,1008,Verdana,#000,511,547,704,713,704,,,
O,I-Liste,minimum,1,612,1008,Verdana,#000,180,223,715,724,715,,,
O,I-Liste,de,1,612,1008,Verdana,#000,227,238,715,724,715,,,
O,I-Liste,MILLE,1,612,1008,Verdana,#000,242,269,715,724,715,,,
O,I-Liste,DOLLARS,1,612,1008,Verdana,#000,273,315,715,724,715,,,
O,I-Liste,"(1,000$)",1,612,1008,Verdana,#000,319,359,715,724,715,,,
O,I-Liste,pour,1,612,1008,Verdana,#000,363,384,715,724,715,,,
O,I-Liste,une,1,612,1008,Verdana,#000,388,404,715,724,715,,,
O,I-Liste,récidive,1,612,1008,Verdana,#000,408,444,715,724,715,,,
O,I-Liste,si,1,612,1008,Verdana,#000,447,455,715,724,715,,,
O,I-Liste,le,1,612,1008,Verdana,#000,459,466,715,724,715,,,
O,I-Liste,contrevenant,1,612,1008,Verdana,#000,470,530,715,724,715,,,
O,I-Liste,est,1,612,1008,Verdana,#000,534,547,715,724,715,,,
O,I-Liste,une,1,612,1008,Verdana,#000,180,197,726,735,726,,,
O,I-Liste,personne,1,612,1008,Verdana,#000,200,242,726,735,726,,,
O,I-Liste,morale.,1,612,1008,Verdana,#000,245,279,726,735,726,,,
O,B-Liste,b),1,612,1008,Verdana-Bold,#000,167,178,748,757,748,,,
O,I-Liste,Toute,1,612,1008,Verdana,#000,180,206,748,757,748,,,
O,I-Liste,infraction,1,612,1008,Verdana,#000,214,256,748,757,748,,,
O,I-Liste,continue,1,612,1008,Verdana,#000,264,303,748,757,748,,,
O,I-Liste,à,1,612,1008,Verdana,#000,311,316,748,757,748,,,
O,I-Liste,l’une,1,612,1008,Verdana,#000,324,346,748,757,748,,,
O,I-Liste,ou,1,612,1008,Verdana,#000,354,365,748,757,748,,,
O,I-Liste,l’autre,1,612,1008,Verdana,#000,373,402,748,757,748,,,
O,I-Liste,des,1,612,1008,Verdana,#000,410,425,748,757,748,,,
O,I-Liste,dispositions,1,612,1008,Verdana,#000,433,486,748,757,748,,,
O,I-Liste,du,1,612,1008,Verdana,#000,494,505,748,757,748,,,
O,I-Liste,présent,1,612,1008,Verdana,#000,513,547,748,757,748,,,
O,I-Liste,règlement,1,612,1008,Verdana,#000,180,226,758,767,758,,,
O,I-Liste,constitue,1,612,1008,Verdana,#000,229,270,758,767,758,,,
O,I-Liste,jour,1,612,1008,Verdana,#000,274,292,758,767,758,,,
O,I-Liste,par,1,612,1008,Verdana,#000,295,310,758,767,758,,,
O,I-Liste,jour,1,612,1008,Verdana,#000,313,331,758,767,758,,,
O,I-Liste,une,1,612,1008,Verdana,#000,334,351,758,767,758,,,
O,I-Liste,offense,1,612,1008,Verdana,#000,354,387,758,767,758,,,
O,I-Liste,séparée,1,612,1008,Verdana,#000,390,426,758,767,758,,,
O,I-Liste,et,1,612,1008,Verdana,#000,429,438,758,767,758,,,
O,I-Liste,distincte.,1,612,1008,Verdana,#000,441,483,758,767,758,,,
O,I-Liste,Dans,1,612,1008,Verdana,#000,486,509,758,767,758,,,
O,I-Liste,tous,1,612,1008,Verdana,#000,512,531,758,767,758,,,
O,I-Liste,les,1,612,1008,Verdana,#000,535,547,758,767,758,,,
O,I-Liste,"cas,",1,612,1008,Verdana,#000,180,198,769,778,769,,,
O,I-Liste,les,1,612,1008,Verdana,#000,201,214,769,778,769,,,
O,I-Liste,frais,1,612,1008,Verdana,#000,217,237,769,778,769,,,
O,I-Liste,de,1,612,1008,Verdana,#000,240,251,769,778,769,,,
O,I-Liste,la,1,612,1008,Verdana,#000,254,262,769,778,769,,,
O,I-Liste,poursuite,1,612,1008,Verdana,#000,265,307,769,778,769,,,
O,I-Liste,sont,1,612,1008,Verdana,#000,311,330,769,778,769,,,
O,I-Liste,ajoutés,1,612,1008,Verdana,#000,333,366,769,778,769,,,
O,I-Liste,à,1,612,1008,Verdana,#000,370,375,769,778,769,,,
O,I-Liste,l’amende,1,612,1008,Verdana,#000,378,419,769,778,769,,,
O,I-Liste,imposée.,1,612,1008,Verdana,#000,422,463,769,778,769,,,
O,B-Article,ARTICLE,1,612,1008,Verdana-Bold,#000,108,151,802,811,802,,,
O,I-Article,3,1,612,1008,Verdana-Bold,#000,154,161,802,811,802,,,
O,B-Alinea,La,1,612,1008,Verdana,#000,180,190,802,811,802,,,
O,I-Alinea,Ville,1,612,1008,Verdana,#000,196,215,802,811,802,,,
O,I-Alinea,peut,1,612,1008,Verdana,#000,221,241,802,811,802,,,
O,I-Alinea,utiliser,1,612,1008,Verdana,#000,247,278,802,811,802,,,
O,I-Alinea,les,1,612,1008,Verdana,#000,283,296,802,811,802,,,
O,I-Alinea,recours,1,612,1008,Verdana,#000,302,335,802,811,802,,,
O,I-Alinea,judiciaires,1,612,1008,Verdana,#000,341,387,802,811,802,,,
O,I-Alinea,qui,1,612,1008,Verdana,#000,393,406,802,811,802,,,
O,I-Alinea,s’imposent,1,612,1008,Verdana,#000,412,461,802,811,802,,,
O,I-Alinea,contre,1,612,1008,Verdana,#000,467,495,802,811,802,,,
O,I-Alinea,quiconque,1,612,1008,Verdana,#000,501,547,802,811,802,,,
O,I-Alinea,contrevient,1,612,1008,Verdana,#000,180,231,813,822,813,,,
O,I-Alinea,au,1,612,1008,Verdana,#000,234,245,813,822,813,,,
O,I-Alinea,présent,1,612,1008,Verdana,#000,248,283,813,822,813,,,
O,I-Alinea,règlement.,1,612,1008,Verdana,#000,286,335,813,822,813,,,
O,B-Article,ARTICLE,1,612,1008,Verdana-Bold,#000,108,151,845,854,845,,,
O,I-Article,4,1,612,1008,Verdana-Bold,#000,154,161,845,854,845,,,
O,B-Alinea,Le,1,612,1008,Verdana,#000,180,190,845,854,845,,,
O,I-Alinea,propriétaire,1,612,1008,Verdana,#000,196,249,845,854,845,,,
O,I-Alinea,ou,1,612,1008,Verdana,#000,254,266,845,854,845,,,
O,I-Alinea,le,1,612,1008,Verdana,#000,271,279,845,854,845,,,
O,I-Alinea,gardien,1,612,1008,Verdana,#000,285,319,845,854,845,,,
O,I-Alinea,d’un,1,612,1008,Verdana,#000,324,344,845,854,845,,,
O,I-Alinea,chien,1,612,1008,Verdana,#000,349,373,845,854,845,,,
O,I-Alinea,qui,1,612,1008,Verdana,#000,379,393,845,854,845,,,
O,I-Alinea,a,1,612,1008,Verdana,#000,398,404,845,854,845,,,
O,I-Alinea,accumulé,1,612,1008,Verdana,#000,409,452,845,854,845,,,
O,I-Alinea,trois,1,612,1008,Verdana,#000,458,478,845,854,845,,,
O,I-Alinea,infractions,1,612,1008,Verdana,#000,483,531,845,854,845,,,
O,I-Alinea,au,1,612,1008,Verdana,#000,536,547,845,854,845,,,
O,I-Alinea,présent,1,612,1008,Verdana,#000,180,214,856,865,856,,,
O,I-Alinea,règlement,1,612,1008,Verdana,#000,217,263,856,865,856,,,
O,I-Alinea,est,1,612,1008,Verdana,#000,266,280,856,865,856,,,
O,I-Alinea,automatiquement,1,612,1008,Verdana,#000,283,363,856,865,856,,,
O,I-Alinea,interdit,1,612,1008,Verdana,#000,367,399,856,865,856,,,
O,I-Alinea,d’accès,1,612,1008,Verdana,#000,402,435,856,865,856,,,
O,I-Alinea,au,1,612,1008,Verdana,#000,438,450,856,865,856,,,
O,I-Alinea,parc,1,612,1008,Verdana,#000,453,472,856,865,856,,,
O,I-Alinea,canin.,1,612,1008,Verdana,#000,475,503,856,865,856,,,
O,B-Article,ARTICLE,1,612,1008,Verdana-Bold,#000,108,151,889,898,889,,,
O,I-Article,5,1,612,1008,Verdana-Bold,#000,154,161,889,898,889,,,
O,B-Alinea,Le,1,612,1008,Verdana,#000,180,190,889,898,889,,,
O,I-Alinea,présent,1,612,1008,Verdana,#000,194,228,889,898,889,,,
O,I-Alinea,règlement,1,612,1008,Verdana,#000,231,277,889,898,889,,,
O,I-Alinea,entrera,1,612,1008,Verdana,#000,280,313,889,898,889,,,
O,I-Alinea,en,1,612,1008,Verdana,#000,316,327,889,898,889,,,
O,I-Alinea,vigueur,1,612,1008,Verdana,#000,330,364,889,898,889,,,
O,I-Alinea,conformément,1,612,1008,Verdana,#000,368,433,889,898,889,,,
O,I-Alinea,à,1,612,1008,Verdana,#000,437,442,889,898,889,,,
O,I-Alinea,la,1,612,1008,Verdana,#000,445,453,889,898,889,,,
O,I-Alinea,Loi.,1,612,1008,Verdana,#000,456,472,889,898,889,,,
O,O,•,2,611,998,ArialMT,#000,408,429,-6,66,1002,133,Div,
O,B-Alinea,RÉSOLUTION,2,611,998,ArialMT,#333,207,279,141,151,1149,134,Div,
O,I-Alinea,NO.,2,611,998,ArialMT,#333,284,304,141,151,1149,134,Div,
O,I-Alinea,2010-384,2,611,998,ArialMT,#333,308,355,141,151,1149,134,Div,
O,B-Alinea,IL,2,611,998,ArialMT,#333,64,73,176,186,1184,135,Div,
O,I-Alinea,EST,2,611,998,ArialMT,#333,80,101,176,186,1184,135,Div,
O,I-Alinea,PROPOSÉ,2,611,998,ArialMT,#333,104,159,176,186,1184,135,Div,
O,I-Alinea,PAR,2,611,998,ArialMT,#333,161,184,176,186,1184,135,Div,
O,I-Alinea,LA,2,611,998,ArialMT,#333,187,201,176,186,1184,135,Div,
O,I-Alinea,CONSEILLÈRE:,2,611,998,ArialMT,#333,204,285,176,186,1184,135,Div,
O,I-Alinea,Mme,2,611,998,ArialMT,#333,313,337,177,187,1185,136,Div,
O,I-Alinea,Lise,2,611,998,ArialMT,#333,343,363,177,187,1185,136,Div,
O,I-Alinea,Gendron,2,611,998,ArialMT,#333,368,411,177,187,1185,136,Div,
O,B-Alinea,APPUYÉ,2,611,998,ArialMT,#333,64,109,200,210,1208,135,Div,
O,I-Alinea,PAR,2,611,998,ArialMT,#333,113,135,200,210,1208,135,Div,
O,I-Alinea,LA,2,611,998,ArialMT,#333,139,153,200,210,1208,135,Div,
O,I-Alinea,CONSEILLÈRE:,2,611,998,ArialMT,#333,156,236,200,210,1208,135,Div,
O,I-Alinea,Mme,2,611,998,ArialMT,#333,313,337,200,210,1208,137,Div,
O,I-Alinea,Nadine,2,611,998,ArialMT,#333,343,378,200,210,1208,137,Div,
O,I-Alinea,Brière,2,611,998,ArialMT,#333,385,415,200,210,1208,137,Div,
O,B-Alinea,ET,2,611,998,ArialMT,#333,64,78,223,233,1231,135,Div,
O,I-Alinea,RÉSPLU,2,611,998,ArialMT,#333,82,126,223,233,1231,135,Div,
O,I-Alinea,À,2,611,998,ArialMT,#333,129,136,222,233,1230,135,Div,
O,I-Alinea,L'UNANIMITÉ·,2,611,998,ArialMT,#333,141,215,223,233,1231,135,Div,
O,B-Alinea,QUE,2,611,998,ArialMT,#333,64,84,247,257,1255,138,Div,
O,I-Alinea,le,2,611,998,ArialMT,#333,89,97,247,257,1255,138,Div,
O,I-Alinea,règlement,2,611,998,ArialMT,#333,102,148,247,257,1255,138,Div,
O,I-Alinea,numéro,2,611,998,ArialMT,#333,156,192,247,257,1255,138,Div,
O,I-Alinea,1144-2010,2,611,998,ArialMT,#333,199,249,247,257,1255,138,Div,
O,I-Alinea,soit,2,611,998,ArialMT,#333,257,273,247,257,1255,138,Div,
O,I-Alinea,adopté,2,611,998,ArialMT,#333,279,311,247,257,1255,138,Div,
O,I-Alinea,par,2,611,998,ArialMT,#333,317,332,247,257,1255,138,Div,
O,I-Alinea,ce,2,611,998,ArialMT,#333,336,347,247,257,1255,138,Div,
O,I-Alinea,Conseil.,2,611,998,ArialMT,#333,351,389,247,257,1255,138,Div,
O,O,.,2,611,998,ArialMT,#bbb,579,580,248,255,1256,142,Div,
O,O,),2,611,998,ArialMT,#bbb,587,589,247,255,1255,142,Div,
O,O,J,2,611,998,Arial-ItalicMT,#999,570,577,255,268,1263,142,Div,
O,B-Alinea,Me,2,611,998,ArialMT,#333,312,327,450,460,1458,140,Div,
O,I-Alinea,Michel,2,611,998,ArialMT,#333,330,360,450,460,1458,140,Div,
O,I-Alinea,"Rousseau,",2,611,998,ArialMT,#333,365,415,450,460,1458,140,Div,
O,I-Alinea,Avocat/greffier,2,611,998,ArialMT,#333,419,490,450,460,1458,140,Div,
O,B-Alinea,DATE,2,611,998,ArialMT,#333,63,93,567,577,1575,139,Div,
O,I-Alinea,D'ENTRÉE,2,611,998,ArialMT,#333,97,152,567,577,1575,139,Div,
O,I-Alinea,EN,2,611,998,ArialMT,#333,156,171,567,577,1575,139,Div,
O,I-Alinea,VIGUEUR:,2,611,998,ArialMT,#333,174,227,567,577,1575,139,Div,
O,I-Alinea,1.,2,611,998,TimesNewRomanPSMT,#333,260,269,567,577,1575,141,Div,
O,I-Alinea,21,2,611,998,TimesNewRomanPSMT,#333,275,283,567,577,1575,141,Div,
O,I-Alinea,.octobre,2,611,998,ArialMT,#bbb,289,319,568,577,1576,141,Div,
O,I-Alinea,2010,2,611,998,TimesNewRomanPSMT,#333,328,349,567,577,1575,141,Div,
O,O,J,2,611,998,ArialMT,#bbb,570,586,726,756,1734,143,Div,
O,I-Alinea,ANNEXE,3,612,994,Arial-BoldItalicMT,#000,428,482,41,54,2047,144,Div,
O,I-Alinea,«,3,612,994,ArialMT,#000,491,495,40,54,2046,144,Div,
O,I-Alinea,A,3,612,994,TimesNewRomanPS-ItalicMT,#000,502,510,40,54,2046,144,Div,
O,I-Alinea,»,3,612,994,TimesNewRomanPSMT,#000,516,524,41,54,2047,144,Div,
O,O,!!'y~a..dmi$,3,612,994,TimesNewRomanPSMT,#665,129,181,223,241,2229,145,Div,
O,I-Alinea,à,3,612,994,TimesNewRomanPS-BoldMT,#444,182,188,224,241,2230,145,Div,
O,I-Alinea,un,3,612,994,Arial-BoldMT,#444,192,206,225,241,2231,145,Div,
O,I-Alinea,parç,3,612,994,Arial-BoldMT,#444,210,235,225,241,2231,145,Div,
O,I-Alinea,"canin,",3,612,994,Arial-BoldMT,#444,238,272,225,241,2231,145,Div,
O,I-Alinea,un,3,612,994,Arial-BoldMT,#444,276,289,225,241,2231,145,Div,
O,I-Alinea,chien,3,612,994,Arial-BoldMT,#444,293,323,225,241,2231,145,Div,
O,I-Alinea,:,3,612,994,Arial-BoldMT,#444,327,330,225,241,2231,145,Div,
O,O,"1!~..;...:.u...:L!O~urLëtre!t!!""",3,612,994,ArialMT,#777,45,131,230,239,2236,145,Div,
O,B-Liste,doit,3,612,994,ArialMT,#444,106,123,241,256,2247,145,Div,
O,I-Liste,être,3,612,994,ArialMT,#444,126,144,241,256,2247,145,Div,
O,I-Liste,âgé,3,612,994,ArialMT,#444,148,164,241,256,2247,145,Div,
O,I-Liste,d'au,3,612,994,ArialMT,#444,168,187,241,256,2247,145,Div,
O,I-Liste,moins,3,612,994,ArialMT,#444,192,219,241,256,2247,145,Div,
O,I-Liste,4,3,612,994,ArialMT,#444,223,228,241,256,2247,145,Div,
O,I-Liste,mois;,3,612,994,ArialMT,#444,233,257,241,256,2247,145,Div,
O,B-Liste,doit,3,612,994,ArialMT,#444,106,123,257,272,2263,145,Div,
O,I-Liste,être,3,612,994,ArialMT,#444,126,144,257,272,2263,145,Div,
O,I-Liste,en,3,612,994,ArialMT,#444,148,158,257,272,2263,145,Div,
O,I-Liste,tout,3,612,994,ArialMT,#444,162,180,257,272,2263,145,Div,
O,I-Liste,temps,3,612,994,ArialMT,#444,183,212,257,272,2263,145,Div,
O,I-Liste,accompagné,3,612,994,ArialMT,#444,215,275,257,272,2263,145,Div,
O,I-Liste,par,3,612,994,ArialMT,#444,279,293,257,272,2263,145,Div,
O,I-Liste,son,3,612,994,ArialMT,#444,297,312,257,272,2263,145,Div,
O,I-Liste,gardien;,3,612,994,ArialMT,#444,317,353,257,272,2263,145,Div,
O,B-Liste,-,3,612,994,ArialMT,#444,90,94,271,286,2277,145,Div,
O,I-Liste,doit,3,612,994,ArialMT,#444,106,123,271,286,2277,145,Div,
O,I-Liste,être,3,612,994,ArialMT,#444,126,143,271,286,2277,145,Div,
O,I-Liste,titulaire,3,612,994,ArialMT,#444,147,182,271,286,2277,145,Div,
O,I-Liste,d'une,3,612,994,ArialMT,#444,186,208,271,286,2277,145,Div,
O,I-Liste,licence,3,612,994,ArialMT,#444,215,247,271,286,2277,145,Div,
O,I-Liste,émise,3,612,994,ArialMT,#444,252,279,271,286,2277,145,Div,
O,I-Liste,par,3,612,994,ArialMT,#444,283,297,271,286,2277,145,Div,
O,I-Liste,la,3,612,994,ArialMT,#444,301,308,271,286,2277,145,Div,
O,I-Liste,Ville;,3,612,994,ArialMT,#444,311,332,271,286,2277,145,Div,
O,B-Liste,-,3,612,994,ArialMT,#444,90,94,286,301,2292,145,Div,
O,I-Liste,ne,3,612,994,ArialMT,#444,106,116,286,301,2292,145,Div,
O,I-Liste,doit,3,612,994,ArialMT,#444,120,137,286,301,2292,145,Div,
O,I-Liste,pas,3,612,994,ArialMT,#444,140,156,286,301,2292,145,Div,
O,I-Liste,porter,3,612,994,ArialMT,#444,160,187,286,301,2292,145,Div,
O,I-Liste,de,3,612,994,ArialMT,#444,191,202,286,301,2292,145,Div,
O,I-Liste,laisse,3,612,994,ArialMT,#444,205,232,286,301,2292,145,Div,
O,I-Liste,ou,3,612,994,ArialMT,#444,235,246,286,301,2292,145,Div,
O,I-Liste,autre,3,612,994,ArialMT,#444,250,273,286,301,2292,145,Div,
O,I-Liste,équipement,3,612,994,ArialMT,#444,277,331,286,301,2292,145,Div,
O,I-Liste,pouvant,3,612,994,ArialMT,#444,335,372,286,301,2292,145,Div,
O,I-Liste,nuire,3,612,994,ArialMT,#444,376,399,286,301,2292,145,Div,
O,I-Liste,à,3,612,994,TimesNewRomanPSMT,#444,402,407,286,302,2292,145,Div,
O,I-Liste,la,3,612,994,ArialMT,#444,411,419,286,301,2292,145,Div,
O,I-Liste,sécurité,3,612,994,ArialMT,#444,422,458,286,301,2292,145,Div,
O,I-Liste,des,3,612,994,ArialMT,#444,462,478,286,301,2292,145,Div,
O,I-Liste,personnes,3,612,994,ArialMT,#444,482,529,286,301,2292,145,Div,
O,I-Liste,ou,3,612,994,ArialMT,#444,533,543,286,301,2292,145,Div,
O,I-Liste,des,3,612,994,ArialMT,#444,105,121,300,315,2306,145,Div,
O,I-Liste,autres,3,612,994,ArialMT,#444,125,154,300,315,2306,145,Div,
O,I-Liste,chiens.,3,612,994,ArialMT,#444,157,190,300,315,2306,145,Div,
O,O,.,3,612,994,ArialMT,#bbb,279,280,300,315,2306,145,Div,
O,B-Article,2.,3,612,994,Arial-BoldMT,#444,71,81,328,344,2334,146,Div,
O,I-Article,Le,3,612,994,Arial-BoldMT,#444,90,102,328,344,2334,146,Div,
O,I-Article,ardien,3,612,994,Arial-BoldMT,#444,113,148,328,344,2334,146,Div,
O,I-Article,d'un,3,612,994,Arial-BoldMT,#444,151,176,328,344,2334,146,Div,
O,I-Article,chien,3,612,994,Arial-BoldMT,#444,179,210,328,344,2334,146,Div,
O,I-Article,doit:,3,612,994,Arial-BoldMT,#444,213,236,328,344,2334,146,Div,
O,O,.,3,612,994,TimesNewRomanPS-ItalicMT,#999,132,133,340,344,2346,146,Div,
O,O,r,3,612,994,TimesNewRomanPS-ItalicMT,#aaa,140,142,340,344,2346,146,Div,
O,O,",",3,612,994,TimesNewRomanPS-ItalicMT,#bbb,148,149,340,344,2346,146,Div,
O,O,.,3,612,994,TimesNewRomanPS-ItalicMT,#bbb,156,156,340,344,2346,146,Div,
O,B-Liste,-,3,612,994,ArialMT,#444,90,93,345,360,2351,146,Div,
O,I-Liste,être,3,612,994,ArialMT,#444,105,123,345,360,2351,146,Div,
O,I-Liste,âgé,3,612,994,ArialMT,#444,126,143,345,360,2351,146,Div,
O,I-Liste,d'au,3,612,994,ArialMT,#444,147,166,345,360,2351,146,Div,
O,I-Liste,moins,3,612,994,ArialMT,#444,171,198,345,360,2351,146,Div,
O,I-Liste,13,3,612,994,ArialMT,#444,202,213,345,360,2351,146,Div,
O,I-Liste,ans;,3,612,994,ArialMT,#444,217,236,345,360,2351,146,Div,
O,B-Liste,-,3,612,994,ArialMT,#444,90,93,360,375,2366,146,Div,
O,I-Liste,avoir,3,612,994,ArialMT,#444,105,128,360,375,2366,146,Div,
O,I-Liste,au,3,612,994,ArialMT,#444,131,141,360,375,2366,146,Div,
O,I-Liste,plus,3,612,994,ArialMT,#444,146,164,360,375,2366,146,Div,
O,I-Liste,2,3,612,994,ArialMT,#444,168,173,360,375,2366,146,Div,
O,I-Liste,chiens,3,612,994,ArialMT,#444,177,207,360,375,2366,146,Div,
O,I-Liste,dont,3,612,994,ArialMT,#444,211,232,360,375,2366,146,Div,
O,I-Liste,il,3,612,994,ArialMT,#444,235,239,360,375,2366,146,Div,
O,I-Liste,est,3,612,994,ArialMT,#444,243,257,360,375,2366,146,Div,
O,I-Liste,"gardien,",3,612,994,ArialMT,#444,261,297,360,375,2366,146,Div,
O,I-Liste,à,3,612,994,TimesNewRomanPSMT,#444,301,306,360,376,2366,146,Div,
O,I-Liste,l'intérieur,3,612,994,ArialMT,#444,310,354,360,375,2366,146,Div,
O,I-Liste,du,3,612,994,ArialMT,#444,357,368,360,375,2366,146,Div,
O,I-Liste,parc,3,612,994,ArialMT,#444,372,392,360,375,2366,146,Div,
O,I-Liste,canin;,3,612,994,ArialMT,#444,396,423,360,375,2366,146,Div,
O,B-Liste,-,3,612,994,ArialMT,#444,90,93,375,390,2381,146,Div,
O,I-Liste,s'abstenir,3,612,994,ArialMT,#444,105,151,375,390,2381,146,Div,
O,I-Liste,d'accompagner,3,612,994,ArialMT,#444,157,229,375,390,2381,146,Div,
O,I-Liste,son,3,612,994,ArialMT,#444,236,252,375,390,2381,146,Div,
O,I-Liste,animal,3,612,994,ArialMT,#444,259,289,375,390,2381,146,Div,
O,I-Liste,dans,3,612,994,ArialMT,#444,296,317,375,390,2381,146,Div,
O,I-Liste,le,3,612,994,ArialMT,#444,324,332,375,390,2381,146,Div,
O,I-Liste,parc,3,612,994,ArialMT,#444,338,358,375,390,2381,146,Div,
O,I-Liste,"canin,",3,612,994,ArialMT,#444,365,392,375,390,2381,146,Div,
O,I-Liste,si,3,612,994,ArialMT,#444,399,406,375,390,2381,146,Div,
O,I-Liste,celui-ci,3,612,994,ArialMT,#444,413,446,375,390,2381,146,Div,
O,I-Liste,montre,3,612,994,ArialMT,#444,453,485,375,390,2381,146,Div,
O,I-Liste,des,3,612,994,ArialMT,#444,492,507,375,390,2381,146,Div,
O,I-Liste,"signes,",3,612,994,ArialMT,#444,514,544,375,390,2381,146,Div,
O,I-Liste,d'agressivité;,3,612,994,ArialMT,#444,105,166,390,405,2396,146,Div,
O,B-Liste,-,3,612,994,ArialMT,#444,90,93,405,420,2411,146,Div,
O,I-Liste,toujours,3,612,994,ArialMT,#444,104,142,405,420,2411,146,Div,
O,I-Liste,avoir,3,612,994,ArialMT,#444,145,168,405,420,2411,146,Div,
O,I-Liste,une,3,612,994,ArialMT,#444,172,188,405,420,2411,146,Div,
O,I-Liste,laisse,3,612,994,ArialMT,#444,192,218,405,420,2411,146,Div,
O,I-Liste,en,3,612,994,ArialMT,#444,221,232,405,420,2411,146,Div,
O,I-Liste,"main,",3,612,994,ArialMT,#444,236,259,405,420,2411,146,Div,
O,I-Liste,afin,3,612,994,ArialMT,#444,264,281,405,420,2411,146,Div,
O,I-Liste,d'être,3,612,994,ArialMT,#444,285,311,405,420,2411,146,Div,
O,I-Liste,",en",3,612,994,ArialMT,#bbb,313,324,405,420,2411,146,Div,
O,I-Liste,mesure,3,612,994,ArialMT,#444,329,363,405,420,2411,146,Div,
O,I-Liste,d'intervenir,3,612,994,ArialMT,#444,366,420,405,420,2411,146,Div,
O,I-Liste,rapidement,3,612,994,ArialMT,#444,423,476,405,420,2411,146,Div,
O,I-Liste,auprès,3,612,994,ArialMT,#444,479,510,405,420,2411,146,Div,
O,I-Liste,de,3,612,994,ArialMT,#444,513,524,405,420,2411,146,Div,
O,I-Liste,son,3,612,994,ArialMT,#444,528,543,405,420,2411,146,Div,
O,I-Liste,"chien,",3,612,994,ArialMT,#444,105,132,420,435,2426,146,Div,
O,I-Liste,en,3,612,994,ArialMT,#444,136,146,420,435,2426,146,Div,
O,I-Liste,cas,3,612,994,ArialMT,#444,150,166,420,435,2426,146,Div,
O,I-Liste,de,3,612,994,ArialMT,#444,170,181,420,435,2426,146,Div,
O,I-Liste,besoin;,3,612,994,ArialMT,#444,185,217,420,435,2426,146,Div,
O,B-Liste,-,3,612,994,ArialMT,#444,90,93,435,450,2441,146,Div,
O,I-Liste,éviter,3,612,994,ArialMT,#444,105,131,435,450,2441,146,Div,
O,I-Liste,que,3,612,994,ArialMT,#444,134,151,435,450,2441,146,Div,
O,I-Liste,le,3,612,994,ArialMT,#444,155,162,435,450,2441,146,Div,
O,I-Liste,chien,3,612,994,ArialMT,#444,166,190,435,450,2441,146,Div,
O,I-Liste,ait,3,612,994,ArialMT,#444,194,206,435,450,2441,146,Div,
O,I-Liste,des,3,612,994,ArialMT,#444,209,225,435,450,2441,146,Div,
O,I-Liste,comportements,3,612,994,ArialMT,#444,229,302,435,450,2441,146,Div,
O,I-Liste,susceptibles,3,612,994,ArialMT,#444,306,363,435,450,2441,146,Div,
O,I-Liste,de,3,612,994,ArialMT,#444,367,378,435,450,2441,146,Div,
O,I-Liste,nuire,3,612,994,ArialMT,#444,382,405,435,450,2441,146,Div,
O,I-Liste,aux,3,612,994,ArialMT,#444,409,425,435,450,2441,146,Div,
O,I-Liste,autres,3,612,994,ArialMT,#444,428,457,435,450,2441,146,Div,
O,I-Liste,usagers,3,612,994,ArialMT,#444,461,497,435,450,2441,146,Div,
O,I-Liste,et,3,612,994,ArialMT,#444,501,510,435,450,2441,146,Div,
O,I-Liste,à,3,612,994,TimesNewRomanPSMT,#444,513,518,435,451,2441,146,Div,
O,I-Liste,leurs,3,612,994,ArialMT,#444,522,544,435,450,2441,146,Div,
O,I-Liste,chiens,3,612,994,ArialMT,#444,105,135,450,465,2456,146,Div,
O,I-Liste,Qappements,3,612,994,ArialMT,#444,138,196,450,465,2456,146,Div,
O,I-Liste,"excessifs,",3,612,994,ArialMT,#444,200,245,450,465,2456,146,Div,
O,I-Liste,bris,3,612,994,ArialMT,#444,249,266,450,465,2456,146,Div,
O,I-Liste,de,3,612,994,ArialMT,#444,269,280,450,465,2456,146,Div,
O,I-Liste,"matériel,",3,612,994,ArialMT,#444,284,324,450,465,2456,146,Div,
O,I-Liste,trous,3,612,994,ArialMT,#444,327,351,450,465,2456,146,Div,
O,I-Liste,dans,3,612,994,ArialMT,#444,354,377,450,465,2456,146,Div,
O,I-Liste,le,3,612,994,ArialMT,#444,380,388,450,465,2456,146,Div,
O,I-Liste,sol,3,612,994,ArialMT,#444,391,404,450,465,2456,146,Div,
O,I-Liste,et,3,612,994,ArialMT,#444,408,417,450,465,2456,146,Div,
O,I-Liste,agressivité);,3,612,994,ArialMT,#444,420,475,450,465,2456,146,Div,
O,B-Liste,"ramasser,",3,612,994,ArialMT,#444,105,150,465,480,2471,146,Div,
O,I-Liste,sans,3,612,994,ArialMT,#444,153,175,465,480,2471,146,Div,
O,I-Liste,"délai,",3,612,994,ArialMT,#444,178,201,465,480,2471,146,Div,
O,I-Liste,les,3,612,994,ArialMT,#444,207,219,465,480,2471,146,Div,
O,I-Liste,excréments,3,612,994,ArialMT,#444,223,277,465,480,2471,146,Div,
O,I-Liste,de,3,612,994,ArialMT,#444,281,291,465,480,2471,146,Div,
O,I-Liste,son,3,612,994,ArialMT,#444,295,311,465,480,2471,146,Div,
O,I-Liste,"chien,",3,612,994,ArialMT,#444,315,342,465,480,2471,146,Div,
O,I-Liste,les,3,612,994,ArialMT,#444,346,358,465,480,2471,146,Div,
O,I-Liste,placer,3,612,994,ArialMT,#444,362,391,465,480,2471,146,Div,
O,I-Liste,dans,3,612,994,ArialMT,#444,394,417,465,480,2471,146,Div,
O,I-Liste,un,3,612,994,ArialMT,#444,420,431,465,480,2471,146,Div,
O,I-Liste,sac,3,612,994,ArialMT,#444,435,450,465,480,2471,146,Div,
O,I-Liste,et,3,612,994,ArialMT,#444,454,462,465,480,2471,146,Div,
O,I-Liste,les,3,612,994,ArialMT,#444,466,478,465,480,2471,146,Div,
O,I-Liste,jeter,3,612,994,ArialMT,#444,481,502,465,480,2471,146,Div,
O,I-Liste,dans,3,612,994,ArialMT,#444,505,528,465,480,2471,146,Div,
O,I-Liste,les,3,612,994,ArialMT,#444,531,544,465,480,2471,146,Div,
O,I-Liste,poubelles,3,612,994,ArialMT,#444,105,149,479,494,2485,146,Div,
O,I-Liste,prévues,3,612,994,ArialMT,#444,153,189,479,494,2485,146,Div,
O,I-Liste,à,3,612,994,TimesNewRomanPSMT,#444,193,198,478,494,2484,146,Div,
O,I-Liste,cet,3,612,994,ArialMT,#444,202,216,479,494,2485,146,Div,
O,I-Liste,effet;,3,612,994,ArialMT,#444,220,243,479,494,2485,146,Div,
O,B-Liste,-,3,612,994,ArialMT,#665,89,93,495,510,2501,146,Div,
O,I-Liste,s'abstenir,3,612,994,ArialMT,#444,105,148,495,510,2501,146,Div,
O,I-Liste,de,3,612,994,ArialMT,#444,154,165,495,510,2501,146,Div,
O,I-Liste,lancer,3,612,994,ArialMT,#444,169,197,495,510,2501,146,Div,
O,I-Liste,tout,3,612,994,ArialMT,#444,200,218,495,510,2501,146,Div,
O,I-Liste,Objet,3,612,994,ArialMT,#444,222,245,495,510,2501,146,Div,
O,I-Liste,dans,3,612,994,ArialMT,#444,248,270,495,510,2501,146,Div,
O,I-Liste,le,3,612,994,ArialMT,#444,274,281,495,510,2501,146,Div,
O,I-Liste,but,3,612,994,ArialMT,#444,285,299,495,510,2501,146,Div,
O,I-Liste,de,3,612,994,ArialMT,#444,303,314,495,510,2501,146,Div,
O,I-Liste,faire,3,612,994,ArialMT,#444,317,338,495,510,2501,146,Div,
O,I-Liste,courir,3,612,994,ArialMT,#444,341,368,495,510,2501,146,Div,
O,I-Liste,ou,3,612,994,ArialMT,#444,371,382,495,510,2501,146,Div,
O,I-Liste,jouer,3,612,994,ArialMT,#444,385,410,495,510,2501,146,Div,
O,I-Liste,les,3,612,994,ArialMT,#444,413,426,495,510,2501,146,Div,
O,I-Liste,chiens.,3,612,994,ArialMT,#444,429,462,495,510,2501,146,Div,
O,B-Article,•,3,612,994,Arial-BoldMT,#444,77,80,521,537,2527,146,Div,
O,I-Article,Sont·,3,612,994,Arial-BoldMT,#444,89,120,521,537,2527,146,Div,
O,I-Article,"letditS,",3,612,994,Arial-BoldMT,#444,128,167,521,537,2527,146,Div,
O,I-Article,',3,612,994,Arial-BoldMT,#444,172,175,521,537,2527,146,Div,
O,I-Article,l'intérieur,3,612,994,Arial-BoldMT,#444,181,237,521,537,2527,146,Div,
O,I-Article,du,3,612,994,Arial-BoldMT,#444,240,254,521,537,2527,146,Div,
O,I-Article,parc,3,612,994,Arial-BoldMT,#444,258,282,521,537,2527,146,Div,
O,I-Article,canin,3,612,994,Arial-BoldMT,#444,286,315,521,537,2527,146,Div,
O,I-Article,:,3,612,994,Arial-BoldMT,#444,320,323,521,537,2527,146,Div,
O,B-Liste,-,3,612,994,ArialMT,#444,89,92,540,555,2546,146,Div,
O,I-Liste,les,3,612,994,ArialMT,#444,105,117,540,555,2546,146,Div,
O,I-Liste,chiens,3,612,994,ArialMT,#444,121,151,540,555,2546,146,Div,
O,I-Liste,dressés,3,612,994,ArialMT,#444,155,191,540,555,2546,146,Div,
O,I-Liste,pour,3,612,994,ArialMT,#444,194,215,540,555,2546,146,Div,
O,I-Liste,l'attaque,3,612,994,ArialMT,#444,219,259,540,555,2546,146,Div,
O,I-Liste,et,3,612,994,ArialMT,#444,263,271,540,555,2546,146,Div,
O,I-Liste,la,3,612,994,ArialMT,#444,275,283,540,555,2546,146,Div,
O,I-Liste,protection,3,612,994,ArialMT,#444,286,332,540,555,2546,146,Div,
O,I-Liste,ou,3,612,994,ArialMT,#444,336,346,540,555,2546,146,Div,
O,I-Liste,ayant,3,612,994,ArialMT,#444,350,376,540,555,2546,146,Div,
O,I-Liste,démontrés,3,612,994,ArialMT,#444,379,429,540,555,2546,146,Div,
O,I-Liste,de,3,612,994,ArialMT,#444,433,444,540,555,2546,146,Div,
O,I-Liste,l'agressivité;,3,612,994,ArialMT,#444,448,503,540,555,2546,146,Div,
O,I-Liste,les,3,612,994,ArialMT,#444,105,117,555,570,2561,146,Div,
O,I-Liste,femelles,3,612,994,ArialMT,#444,121,161,555,570,2561,146,Div,
O,I-Liste,en,3,612,994,ArialMT,#444,165,176,555,570,2561,146,Div,
O,I-Liste,période,3,612,994,ArialMT,#444,181,215,555,570,2561,146,Div,
O,I-Liste,de,3,612,994,ArialMT,#444,220,231,555,570,2561,146,Div,
O,I-Liste,chaleur,3,612,994,ArialMT,#444,235,270,555,570,2561,146,Div,
O,I-Liste,et,3,612,994,ArialMT,#444,274,282,555,570,2561,146,Div,
O,I-Liste,les,3,612,994,ArialMT,#444,287,299,555,570,2561,146,Div,
O,I-Liste,chiens,3,612,994,ArialMT,#444,304,334,555,570,2561,146,Div,
O,I-Liste,atteints,3,612,994,ArialMT,#444,338,372,555,570,2561,146,Div,
O,I-Liste,de,3,612,994,ArialMT,#444,377,388,555,570,2561,146,Div,
O,I-Liste,maladies,3,612,994,ArialMT,#444,393,434,555,570,2561,146,Div,
O,I-Liste,contagieuses,3,612,994,ArialMT,#444,438,499,555,570,2561,146,Div,
O,I-Liste,ou,3,612,994,ArialMT,#444,504,514,555,570,2561,146,Div,
O,I-Liste,para,3,612,994,ArialMT,#444,519,540,555,570,2561,146,Div,
O,I-Liste,sitaires;,3,612,994,ArialMT,#444,104,140,568,583,2574,146,Div,
O,B-Liste,-,3,612,994,ArialMT,#444,89,92,584,599,2590,146,Div,
O,I-Liste,les,3,612,994,ArialMT,#444,104,117,584,599,2590,146,Div,
O,I-Liste,enfants,3,612,994,ArialMT,#444,121,156,584,599,2590,146,Div,
O,I-Liste,âgés,3,612,994,ArialMT,#444,160,181,584,599,2590,146,Div,
O,I-Liste,de,3,612,994,ArialMT,#444,186,197,584,599,2590,146,Div,
O,I-Liste,moins,3,612,994,ArialMT,#444,202,229,584,599,2590,146,Div,
O,I-Liste,de,3,612,994,ArialMT,#444,234,245,584,599,2590,146,Div,
O,I-Liste,13,3,612,994,ArialMT,#444,250,260,584,599,2590,146,Div,
O,I-Liste,"ans,",3,612,994,ArialMT,#444,265,282,584,599,2590,146,Div,
O,I-Liste,non,3,612,994,ArialMT,#444,288,304,584,599,2590,146,Div,
O,I-Liste,accompagnés,3,612,994,ArialMT,#444,308,374,584,599,2590,146,Div,
O,I-Liste,d'un,3,612,994,ArialMT,#444,378,398,584,599,2590,146,Div,
O,I-Liste,parent,3,612,994,ArialMT,#444,403,432,584,599,2590,146,Div,
O,I-Liste,ou,3,612,994,ArialMT,#444,436,447,584,599,2590,146,Div,
O,I-Liste,d'un,3,612,994,ArialMT,#444,451,468,584,599,2590,146,Div,
O,I-Liste,adulte,3,612,994,ArialMT,#444,476,504,584,599,2590,146,Div,
O,I-Liste,respon,3,612,994,ArialMT,#444,508,540,584,599,2590,146,Div,
O,I-Liste,sable;,3,612,994,ArialMT,#444,104,130,597,612,2603,146,Div,
O,B-Liste,-,3,612,994,ArialMT,#444,89,92,613,628,2619,146,Div,
O,I-Liste,toute,3,612,994,ArialMT,#444,104,127,613,628,2619,146,Div,
O,I-Liste,personne,3,612,994,ArialMT,#444,131,174,613,628,2619,146,Div,
O,I-Liste,dont,3,612,994,ArialMT,#444,178,198,613,628,2619,146,Div,
O,I-Liste,la,3,612,994,ArialMT,#444,202,209,613,628,2619,146,Div,
O,I-Liste,présence,3,612,994,ArialMT,#444,213,256,613,628,2619,146,Div,
O,I-Liste,n'est,3,612,994,ArialMT,#444,259,282,613,628,2619,146,Div,
O,I-Liste,pas,3,612,994,ArialMT,#444,285,301,613,628,2619,146,Div,
O,I-Liste,en,3,612,994,ArialMT,#444,305,315,613,628,2619,146,Div,
O,I-Liste,lien,3,612,994,ArialMT,#444,319,335,613,628,2619,146,Div,
O,I-Liste,direct,3,612,994,ArialMT,#444,339,365,613,628,2619,146,Div,
O,I-Liste,avec,3,612,994,ArialMT,#444,369,390,613,628,2619,146,Div,
O,I-Liste,la,3,612,994,ArialMT,#444,394,402,613,628,2619,146,Div,
O,I-Liste,vocation,3,612,994,ArialMT,#444,405,444,613,628,2619,146,Div,
O,I-Liste,du,3,612,994,ArialMT,#444,448,459,613,628,2619,146,Div,
O,I-Liste,parc;,3,612,994,ArialMT,#444,463,484,613,628,2619,146,Div,
O,B-Liste,-,3,612,994,ArialMT,#444,89,92,629,644,2635,146,Div,
O,I-Liste,les,3,612,994,ArialMT,#444,104,117,629,644,2635,146,Div,
O,I-Liste,objets,3,612,994,ArialMT,#444,121,149,629,644,2635,146,Div,
O,I-Liste,présentant,3,612,994,ArialMT,#444,153,202,629,644,2635,146,Div,
O,I-Liste,un,3,612,994,ArialMT,#444,207,217,629,644,2635,146,Div,
O,I-Liste,risque,3,612,994,ArialMT,#444,222,251,629,644,2635,146,Div,
O,I-Liste,pour,3,612,994,ArialMT,#444,255,276,629,644,2635,146,Div,
O,I-Liste,la,3,612,994,ArialMT,#444,280,287,629,644,2635,146,Div,
O,I-Liste,sécurité,3,612,994,ArialMT,#444,291,328,629,644,2635,146,Div,
O,I-Liste,des,3,612,994,ArialMT,#444,332,348,629,644,2635,146,Div,
O,I-Liste,personnes,3,612,994,ArialMT,#444,352,400,629,644,2635,146,Div,
O,I-Liste,et,3,612,994,ArialMT,#444,405,413,629,644,2635,146,Div,
O,I-Liste,des,3,612,994,ArialMT,#444,417,433,629,644,2635,146,Div,
O,I-Liste,chiens,3,612,994,ArialMT,#444,437,467,629,644,2635,146,Div,
O,I-Liste,ou,3,612,994,ArialMT,#444,471,482,629,644,2635,146,Div,
O,I-Liste,susceptibles,3,612,994,ArialMT,#444,486,544,629,644,2635,146,Div,
O,I-Liste,d'endommager,3,612,994,ArialMT,#444,104,175,643,658,2649,146,Div,
O,I-Liste,les,3,612,994,ArialMT,#444,179,191,643,658,2649,146,Div,
O,I-Liste,installations,3,612,994,ArialMT,#444,195,251,643,658,2649,146,Div,
O,I-Liste,du,3,612,994,ArialMT,#444,255,265,643,658,2649,146,Div,
O,I-Liste,parc,3,612,994,ArialMT,#444,270,289,643,658,2649,146,Div,
O,I-Liste,canin:,3,612,994,ArialMT,#444,293,323,643,658,2649,146,Div,
O,I-Liste,"vélos,",3,612,994,ArialMT,#444,327,353,643,658,2649,146,Div,
O,I-Liste,"poussettes,",3,612,994,ArialMT,#444,357,410,643,658,2649,146,Div,
O,I-Liste,etc.;,3,612,994,ArialMT,#444,414,433,643,658,2649,146,Div,
O,B-Liste,-,3,612,994,ArialMT,#665,88,91,658,673,2664,146,Div,
O,I-Liste,les,3,612,994,ArialMT,#444,104,116,658,673,2664,146,Div,
O,I-Liste,contenants,3,612,994,ArialMT,#444,120,171,658,673,2664,146,Div,
O,I-Liste,en,3,612,994,ArialMT,#444,175,186,658,673,2664,146,Div,
O,I-Liste,verre;,3,612,994,ArialMT,#444,190,216,658,673,2664,146,Div,
O,I-Liste,nourüure,3,612,994,TimesNewRomanPSMT,#444,129,177,670,688,2676,146,Div,
O,I-Liste,toute,3,612,994,ArialMT,#444,103,127,672,687,2678,146,Div,
O,I-Liste,ou,3,612,994,ArialMT,#444,180,190,672,687,2678,146,Div,
O,I-Liste,boisson;,3,612,994,ArialMT,#444,195,233,672,687,2678,146,Div,
O,I-Liste,tout,3,612,994,ArialMT,#444,103,121,688,703,2694,146,Div,
O,I-Liste,autre,3,612,994,ArialMT,#444,125,148,688,703,2694,146,Div,
O,I-Liste,animal,3,612,994,ArialMT,#444,152,182,688,703,2694,146,Div,
O,I-Liste,qu'un,3,612,994,ArialMT,#444,187,212,688,703,2694,146,Div,
O,I-Liste,chien.,3,612,994,ArialMT,#444,217,244,688,703,2694,146,Div,
O,B-Article,esponsabilité,3,612,994,Arial-BoldMT,#444,95,170,712,728,2718,147,Div,
O,O,"J,.",3,612,994,Arial-BoldMT,#777,43,49,721,726,2727,147,Div,
O,O,__,3,612,994,Arial-BoldMT,#777,50,65,721,726,2727,147,Div,
O,O,..........,3,612,994,Arial-BoldMT,#999,82,97,721,726,2727,147,Div,
O,B-Alinea,Les,3,612,994,ArialMT,#444,88,103,730,745,2736,147,Div,
O,I-Alinea,utilisateurs,3,612,994,ArialMT,#444,109,160,730,745,2736,147,Div,
O,I-Alinea,du,3,612,994,ArialMT,#444,165,176,730,745,2736,147,Div,
O,I-Alinea,parc,3,612,994,ArialMT,#444,182,202,730,745,2736,147,Div,
O,I-Alinea,canin,3,612,994,ArialMT,#444,207,232,730,745,2736,147,Div,
O,I-Alinea,sont,3,612,994,ArialMT,#444,238,258,730,745,2736,147,Div,
O,I-Alinea,en,3,612,994,ArialMT,#444,263,273,730,745,2736,147,Div,
O,I-Alinea,tout,3,612,994,ArialMT,#444,278,296,730,745,2736,147,Div,
O,I-Alinea,temps,3,612,994,ArialMT,#444,301,330,730,745,2736,147,Div,
O,I-Alinea,responsables,3,612,994,ArialMT,#444,335,397,730,745,2736,147,Div,
O,I-Alinea,de,3,612,994,ArialMT,#444,402,413,730,745,2736,147,Div,
O,I-Alinea,leurs',3,612,994,ArialMT,#665,419,441,730,745,2736,147,Div,
O,I-Alinea,animaux.,3,612,994,ArialMT,#444,447,487,730,745,2736,147,Div,
O,I-Alinea,La,3,612,994,ArialMT,#444,494,504,730,745,2736,147,Div,
O,I-Alinea,Ville,3,612,994,ArialMT,#444,508,527,730,745,2736,147,Div,
O,I-Alinea,de,3,612,994,ArialMT,#444,533,544,730,745,2736,147,Div,
O,I-Alinea,Sainte-Adèle,3,612,994,ArialMT,#444,87,145,745,760,2751,147,Div,
O,I-Alinea,ne,3,612,994,ArialMT,#444,151,162,745,760,2751,147,Div,
O,I-Alinea,se,3,612,994,ArialMT,#444,166,176,745,760,2751,147,Div,
O,I-Alinea,tient,3,612,994,ArialMT,#444,181,202,745,760,2751,147,Div,
O,I-Alinea,aucunement,3,612,994,ArialMT,#444,205,264,745,760,2751,147,Div,
O,I-Alinea,responsable,3,612,994,ArialMT,#444,268,324,745,760,2751,147,Div,
O,I-Alinea,de,3,612,994,ArialMT,#444,328,339,745,760,2751,147,Div,
O,I-Alinea,tous,3,612,994,ArialMT,#444,343,363,745,760,2751,147,Div,
O,I-Alinea,dommages,3,612,994,ArialMT,#444,367,419,745,760,2751,147,Div,
O,I-Alinea,causés,3,612,994,ArialMT,#444,423,456,745,760,2751,147,Div,
O,I-Alinea,par,3,612,994,ArialMT,#444,460,475,745,760,2751,147,Div,
O,I-Alinea,les,3,612,994,ArialMT,#444,479,491,745,760,2751,147,Div,
O,I-Alinea,personnes,3,612,994,ArialMT,#444,496,543,745,760,2751,147,Div,
O,I-Alinea,ainsi,3,612,994,ArialMT,#444,87,108,760,775,2766,147,Div,
O,I-Alinea,que,3,612,994,ArialMT,#444,112,129,760,775,2766,147,Div,
O,I-Alinea,par,3,612,994,ArialMT,#444,133,148,760,775,2766,147,Div,
O,I-Alinea,les,3,612,994,ArialMT,#444,151,164,760,775,2766,147,Div,
O,I-Alinea,animaux,3,612,994,ArialMT,#444,167,208,760,775,2766,147,Div,
O,I-Alinea,qui,3,612,994,ArialMT,#444,211,225,760,775,2766,147,Div,
O,I-Alinea,utiliseront,3,612,994,ArialMT,#444,229,275,760,775,2766,147,Div,
O,I-Alinea,ledit,3,612,994,ArialMT,#444,279,298,760,775,2766,147,Div,
O,I-Alinea,parc.,3,612,994,ArialMT,#444,301,322,760,775,2766,147,Div,
