sequence,segment,text,page,page_width,page_height,fontname,rgb,x0,x1,top,bottom,doctop,mcid,mctag,tagstack
B-Titre,B-Titre,RÈGLEMENT,1,612,1008,Arial-BoldMT,#000,310,397,62,76,62,,,
I-Titre,I-Titre,1289,1,612,1008,Arial-BoldMT,#000,400,431,62,76,62,,,
I-Titre,B-Alinea,concernant,1,612,1008,ArialMT,#000,252,307,90,101,90,,,
I-Titre,I-Alinea,formation,1,612,1008,ArialMT,#000,310,356,90,101,90,,,
I-Titre,I-Alinea,d’un,1,612,1008,ArialMT,#000,359,379,90,101,90,,,
I-Titre,I-Alinea,Comité,1,612,1008,Arial-ItalicMT,#000,383,417,90,101,90,,,
I-Titre,I-Alinea,consultatif,1,612,1008,Arial-ItalicMT,#000,420,470,90,101,90,,,
I-Titre,I-Alinea,en,1,612,1008,Arial-ItalicMT,#000,473,485,90,101,90,,,
I-Titre,I-Alinea,environnement,1,612,1008,Arial-ItalicMT,#000,332,405,103,114,103,,,
O,B-Alinea,Séance,1,612,1008,ArialMT,#000,88,125,145,157,145,,,
O,I-Alinea,ordinaire,1,612,1008,ArialMT,#000,129,172,145,157,145,,,
O,I-Alinea,du,1,612,1008,ArialMT,#000,175,187,145,157,145,,,
O,I-Alinea,conseil,1,612,1008,ArialMT,#000,191,225,145,157,145,,,
O,I-Alinea,"municipal,",1,612,1008,ArialMT,#000,229,278,145,157,145,,,
O,I-Alinea,tenue,1,612,1008,ArialMT,#000,282,309,145,157,145,,,
O,I-Alinea,à,1,612,1008,ArialMT,#000,313,319,145,157,145,,,
O,I-Alinea,huis,1,612,1008,ArialMT,#000,323,343,145,157,145,,,
O,I-Alinea,clos,1,612,1008,ArialMT,#000,346,366,145,157,145,,,
O,I-Alinea,le,1,612,1008,ArialMT,#000,370,378,145,157,145,,,
O,I-Alinea,20,1,612,1008,ArialMT,#000,382,394,145,157,145,,,
O,I-Alinea,avril,1,612,1008,ArialMT,#000,398,418,145,157,145,,,
O,I-Alinea,2020,1,612,1008,ArialMT,#000,421,446,145,157,145,,,
O,I-Alinea,à,1,612,1008,ArialMT,#000,449,455,145,157,145,,,
O,I-Alinea,19,1,612,1008,ArialMT,#000,459,471,145,157,145,,,
O,I-Alinea,"h,",1,612,1008,ArialMT,#000,475,484,145,157,145,,,
O,I-Alinea,dans,1,612,1008,ArialMT,#000,488,512,145,157,145,,,
O,I-Alinea,la,1,612,1008,ArialMT,#000,88,96,158,169,158,,,
O,I-Alinea,salle,1,612,1008,ArialMT,#000,103,126,158,169,158,,,
O,I-Alinea,du,1,612,1008,ArialMT,#000,132,145,158,169,158,,,
O,I-Alinea,conseil,1,612,1008,ArialMT,#000,151,185,158,169,158,,,
O,I-Alinea,municipal,1,612,1008,ArialMT,#000,192,238,158,169,158,,,
O,I-Alinea,située,1,612,1008,ArialMT,#000,245,274,158,169,158,,,
O,I-Alinea,au,1,612,1008,ArialMT,#000,281,293,158,169,158,,,
O,I-Alinea,"1386,",1,612,1008,ArialMT,#000,300,327,158,169,158,,,
O,I-Alinea,rue,1,612,1008,ArialMT,#000,334,350,158,169,158,,,
O,I-Alinea,"Dumouchel,",1,612,1008,ArialMT,#000,357,415,158,169,158,,,
O,I-Alinea,"Sainte-Adèle,",1,612,1008,ArialMT,#000,422,488,158,169,158,,,
O,I-Alinea,lieu,1,612,1008,ArialMT,#000,495,512,158,169,158,,,
O,I-Alinea,ordinaire,1,612,1008,ArialMT,#000,88,131,171,182,171,,,
O,I-Alinea,des,1,612,1008,ArialMT,#000,137,155,171,182,171,,,
O,I-Alinea,séances,1,612,1008,ArialMT,#000,161,202,171,182,171,,,
O,I-Alinea,à,1,612,1008,ArialMT,#000,208,214,171,182,171,,,
O,I-Alinea,laquelle,1,612,1008,ArialMT,#000,220,258,171,182,171,,,
O,I-Alinea,sont,1,612,1008,ArialMT,#000,265,285,171,182,171,,,
O,I-Alinea,présents,1,612,1008,ArialMT,#000,292,334,171,182,171,,,
O,I-Alinea,les,1,612,1008,ArialMT,#000,340,354,171,182,171,,,
O,I-Alinea,membres,1,612,1008,ArialMT,#000,360,406,171,182,171,,,
O,I-Alinea,du,1,612,1008,ArialMT,#000,412,425,171,182,171,,,
O,I-Alinea,conseil,1,612,1008,ArialMT,#000,431,465,171,182,171,,,
O,I-Alinea,suivants,1,612,1008,ArialMT,#000,471,511,171,182,171,,,
O,I-Alinea,formant,1,612,1008,ArialMT,#000,88,125,183,194,183,,,
O,I-Alinea,le,1,612,1008,ArialMT,#000,128,137,183,194,183,,,
O,I-Alinea,quorum,1,612,1008,ArialMT,#000,140,177,183,194,183,,,
O,I-Alinea,:,1,612,1008,ArialMT,#000,180,183,183,194,183,,,
O,B-Liste,Monsieur,1,612,1008,ArialMT,#000,88,133,209,220,209,,,
O,I-Liste,Pierre,1,612,1008,ArialMT,#000,136,165,209,220,209,,,
O,I-Liste,Lafond,1,612,1008,ArialMT,#000,168,202,209,220,209,,,
O,I-Liste,Conseiller,1,612,1008,ArialMT,#000,258,306,209,220,209,,,
O,I-Liste,du,1,612,1008,ArialMT,#000,310,322,209,220,209,,,
O,I-Liste,district,1,612,1008,ArialMT,#000,325,357,209,220,209,,,
O,I-Liste,1,1,612,1008,ArialMT,#000,360,366,209,220,209,,,
O,B-Liste,Monsieur,1,612,1008,ArialMT,#000,88,133,221,232,221,,,
O,I-Liste,Martin,1,612,1008,ArialMT,#000,136,167,221,232,221,,,
O,I-Liste,Jolicoeur,1,612,1008,ArialMT,#000,170,214,221,232,221,,,
O,I-Liste,Conseiller,1,612,1008,ArialMT,#000,258,306,221,232,221,,,
O,I-Liste,du,1,612,1008,ArialMT,#000,310,322,221,232,221,,,
O,I-Liste,district,1,612,1008,ArialMT,#000,325,357,221,232,221,,,
O,I-Liste,4,1,612,1008,ArialMT,#000,360,366,221,232,221,,,
O,B-Liste,Madame,1,612,1008,ArialMT,#000,88,130,234,245,234,,,
O,I-Liste,Frédérike,1,612,1008,ArialMT,#000,134,180,234,245,234,,,
O,I-Liste,Cavezzali,1,612,1008,ArialMT,#000,183,231,234,245,234,,,
O,I-Liste,Conseillère,1,612,1008,ArialMT,#000,258,313,234,245,234,,,
O,I-Liste,du,1,612,1008,ArialMT,#000,316,328,234,245,234,,,
O,I-Liste,district,1,612,1008,ArialMT,#000,331,363,234,245,234,,,
O,I-Liste,5,1,612,1008,ArialMT,#000,366,372,234,245,234,,,
O,B-Liste,Madame,1,612,1008,ArialMT,#000,88,130,247,258,247,,,
O,I-Liste,Céline,1,612,1008,ArialMT,#000,134,165,247,258,247,,,
O,I-Liste,Doré,1,612,1008,ArialMT,#000,168,192,247,258,247,,,
O,I-Liste,Conseillère,1,612,1008,ArialMT,#000,258,313,247,258,247,,,
O,I-Liste,du,1,612,1008,ArialMT,#000,316,328,247,258,247,,,
O,I-Liste,district,1,612,1008,ArialMT,#000,331,363,247,258,247,,,
O,I-Liste,6,1,612,1008,ArialMT,#000,366,372,247,258,247,,,
O,B-Alinea,sous,1,612,1008,ArialMT,#000,88,111,272,283,272,,,
O,I-Alinea,la,1,612,1008,ArialMT,#000,114,123,272,283,272,,,
O,I-Alinea,présidence,1,612,1008,ArialMT,#000,126,180,272,283,272,,,
O,I-Alinea,de,1,612,1008,ArialMT,#000,183,195,272,283,272,,,
O,I-Alinea,madame,1,612,1008,ArialMT,#000,198,241,272,283,272,,,
O,I-Alinea,la,1,612,1008,ArialMT,#000,244,252,272,283,272,,,
O,I-Alinea,mairesse,1,612,1008,ArialMT,#000,255,300,272,283,272,,,
O,I-Alinea,Nadine,1,612,1008,ArialMT,#000,303,338,272,283,272,,,
O,I-Alinea,Brière.,1,612,1008,ArialMT,#000,341,373,272,283,272,,,
O,B-Alinea,Messieurs,1,612,1008,ArialMT,#000,88,138,297,308,297,,,
O,I-Alinea,les,1,612,1008,ArialMT,#000,143,157,297,308,297,,,
O,I-Alinea,conseillers,1,612,1008,ArialMT,#000,161,213,297,308,297,,,
O,I-Alinea,Roch,1,612,1008,ArialMT,#000,218,244,297,308,297,,,
O,I-Alinea,Bédard,1,612,1008,ArialMT,#000,249,284,297,308,297,,,
O,I-Alinea,et,1,612,1008,ArialMT,#000,289,298,297,308,297,,,
O,I-Alinea,Robert,1,612,1008,ArialMT,#000,303,336,297,308,297,,,
O,I-Alinea,Bélisle,1,612,1008,ArialMT,#000,341,373,297,308,297,,,
O,I-Alinea,sont,1,612,1008,ArialMT,#000,378,399,297,308,297,,,
O,I-Alinea,absents,1,612,1008,ArialMT,#000,404,442,297,308,297,,,
O,I-Alinea,pour,1,612,1008,ArialMT,#000,447,469,297,308,297,,,
O,I-Alinea,toute,1,612,1008,ArialMT,#000,474,498,297,308,297,,,
O,I-Alinea,la,1,612,1008,ArialMT,#000,503,511,297,308,297,,,
O,I-Alinea,durée,1,612,1008,ArialMT,#000,88,116,310,321,310,,,
O,I-Alinea,de,1,612,1008,ArialMT,#000,119,131,310,321,310,,,
O,I-Alinea,la,1,612,1008,ArialMT,#000,134,143,310,321,310,,,
O,I-Alinea,séance.,1,612,1008,ArialMT,#000,146,184,310,321,310,,,
O,B-Alinea,ATTENDU,1,612,1008,ArialMT,#000,88,140,335,346,335,,,
O,I-Alinea,QU'un,1,612,1008,ArialMT,#000,143,174,335,346,335,,,
O,I-Alinea,avis,1,612,1008,ArialMT,#000,178,197,335,346,335,,,
O,I-Alinea,de,1,612,1008,ArialMT,#000,201,213,335,346,335,,,
O,I-Alinea,motion,1,612,1008,ArialMT,#000,217,250,335,346,335,,,
O,I-Alinea,du,1,612,1008,ArialMT,#000,254,266,335,346,335,,,
O,I-Alinea,présent,1,612,1008,ArialMT,#000,270,307,335,346,335,,,
O,I-Alinea,règlement,1,612,1008,ArialMT,#000,310,359,335,346,335,,,
O,I-Alinea,a,1,612,1008,ArialMT,#000,363,369,335,346,335,,,
O,I-Alinea,été,1,612,1008,ArialMT,#000,373,388,335,346,335,,,
O,I-Alinea,donné,1,612,1008,ArialMT,#000,392,423,335,346,335,,,
O,I-Alinea,lors,1,612,1008,ArialMT,#000,426,444,335,346,335,,,
O,I-Alinea,de,1,612,1008,ArialMT,#000,448,460,335,346,335,,,
O,I-Alinea,la,1,612,1008,ArialMT,#000,464,472,335,346,335,,,
O,I-Alinea,séance,1,612,1008,ArialMT,#000,476,511,335,346,335,,,
O,I-Alinea,ordinaire,1,612,1008,ArialMT,#000,88,131,348,359,348,,,
O,I-Alinea,du,1,612,1008,ArialMT,#000,134,146,348,359,348,,,
O,I-Alinea,16,1,612,1008,ArialMT,#000,149,161,348,359,348,,,
O,I-Alinea,mars,1,612,1008,ArialMT,#000,164,189,348,359,348,,,
O,I-Alinea,2020,1,612,1008,ArialMT,#000,192,216,348,359,348,,,
O,I-Alinea,par,1,612,1008,ArialMT,#000,219,235,348,359,348,,,
O,I-Alinea,madame,1,612,1008,ArialMT,#000,238,281,348,359,348,,,
O,I-Alinea,la,1,612,1008,ArialMT,#000,284,293,348,359,348,,,
O,I-Alinea,conseillère,1,612,1008,ArialMT,#000,296,348,348,359,348,,,
O,I-Alinea,Céline,1,612,1008,ArialMT,#000,351,382,348,359,348,,,
O,I-Alinea,Doré,1,612,1008,ArialMT,#000,386,409,348,359,348,,,
O,I-Alinea,;,1,612,1008,ArialMT,#000,413,416,348,359,348,,,
O,B-Alinea,ATTENDU,1,612,1008,ArialMT,#000,88,140,373,384,373,,,
O,I-Alinea,QUE,1,612,1008,ArialMT,#000,143,167,373,384,373,,,
O,I-Alinea,le,1,612,1008,ArialMT,#000,170,179,373,384,373,,,
O,I-Alinea,projet,1,612,1008,ArialMT,#000,182,209,373,384,373,,,
O,I-Alinea,de,1,612,1008,ArialMT,#000,212,225,373,384,373,,,
O,I-Alinea,règlement,1,612,1008,ArialMT,#000,228,277,373,384,373,,,
O,I-Alinea,a,1,612,1008,ArialMT,#000,280,286,373,384,373,,,
O,I-Alinea,été,1,612,1008,ArialMT,#000,289,305,373,384,373,,,
O,I-Alinea,déposé,1,612,1008,ArialMT,#000,308,344,373,384,373,,,
O,I-Alinea,et,1,612,1008,ArialMT,#000,347,357,373,384,373,,,
O,I-Alinea,présenté,1,612,1008,ArialMT,#000,360,403,373,384,373,,,
O,I-Alinea,avec,1,612,1008,ArialMT,#000,406,429,373,384,373,,,
O,I-Alinea,l’avis,1,612,1008,ArialMT,#000,432,457,373,384,373,,,
O,I-Alinea,de,1,612,1008,ArialMT,#000,460,472,373,384,373,,,
O,I-Alinea,motion,1,612,1008,ArialMT,#000,475,508,373,384,373,,,
O,I-Alinea,;,1,612,1008,ArialMT,#000,511,514,373,384,373,,,
O,B-Alinea,ATTENDU,1,612,1008,ArialMT,#000,88,140,398,410,398,,,
O,I-Alinea,QU’une,1,612,1008,ArialMT,#000,147,185,398,410,398,,,
O,I-Alinea,copie,1,612,1008,ArialMT,#000,192,218,398,410,398,,,
O,I-Alinea,du,1,612,1008,ArialMT,#000,226,238,398,410,398,,,
O,I-Alinea,règlement,1,612,1008,ArialMT,#000,246,294,398,410,398,,,
O,I-Alinea,a,1,612,1008,ArialMT,#000,302,308,398,410,398,,,
O,I-Alinea,été,1,612,1008,ArialMT,#000,316,331,398,410,398,,,
O,I-Alinea,remise,1,612,1008,ArialMT,#000,338,371,398,410,398,,,
O,I-Alinea,aux,1,612,1008,ArialMT,#000,379,397,398,410,398,,,
O,I-Alinea,membres,1,612,1008,ArialMT,#000,404,450,398,410,398,,,
O,I-Alinea,du,1,612,1008,ArialMT,#000,457,470,398,410,398,,,
O,I-Alinea,conseil,1,612,1008,ArialMT,#000,477,511,398,410,398,,,
O,I-Alinea,municipal,1,612,1008,ArialMT,#000,88,134,411,422,411,,,
O,I-Alinea,3,1,612,1008,ArialMT,#000,137,143,411,422,411,,,
O,I-Alinea,jours,1,612,1008,ArialMT,#000,147,170,411,422,411,,,
O,I-Alinea,ouvrables,1,612,1008,ArialMT,#000,173,221,411,422,411,,,
O,I-Alinea,avant,1,612,1008,ArialMT,#000,224,251,411,422,411,,,
O,I-Alinea,la,1,612,1008,ArialMT,#000,254,263,411,422,411,,,
O,I-Alinea,présente,1,612,1008,ArialMT,#000,266,309,411,422,411,,,
O,I-Alinea,séance,1,612,1008,ArialMT,#000,312,347,411,422,411,,,
O,I-Alinea,;,1,612,1008,ArialMT,#000,350,353,411,422,411,,,
O,B-Alinea,LE,1,612,1008,Arial-BoldMT,#000,88,102,436,447,436,,,
O,I-Alinea,CONSEIL,1,612,1008,Arial-BoldMT,#000,108,157,436,447,436,,,
O,I-Alinea,MUNICIPAL,1,612,1008,Arial-BoldMT,#000,163,224,436,447,436,,,
O,I-Alinea,décrète,1,612,1008,Arial-BoldMT,#000,230,269,436,447,436,,,
O,I-Alinea,qu’il,1,612,1008,Arial-BoldMT,#000,275,298,436,447,436,,,
O,I-Alinea,soit,1,612,1008,Arial-BoldMT,#000,304,323,436,447,436,,,
O,I-Alinea,statué,1,612,1008,Arial-BoldMT,#000,329,362,436,447,436,,,
O,I-Alinea,et,1,612,1008,Arial-BoldMT,#000,368,377,436,447,436,,,
O,I-Alinea,ordonné,1,612,1008,Arial-BoldMT,#000,383,427,436,447,436,,,
O,I-Alinea,par,1,612,1008,Arial-BoldMT,#000,434,451,436,447,436,,,
O,I-Alinea,le,1,612,1008,Arial-BoldMT,#000,457,466,436,447,436,,,
O,I-Alinea,présent,1,612,1008,Arial-BoldMT,#000,472,511,436,447,436,,,
O,I-Alinea,règlement,1,612,1008,Arial-BoldMT,#000,88,140,449,460,449,,,
O,I-Alinea,ce,1,612,1008,Arial-BoldMT,#000,144,156,449,460,449,,,
O,I-Alinea,qui,1,612,1008,Arial-BoldMT,#000,159,175,449,460,449,,,
O,I-Alinea,suit,1,612,1008,Arial-BoldMT,#000,178,198,449,460,449,,,
O,I-Alinea,:,1,612,1008,Arial-BoldMT,#000,201,205,449,460,449,,,
O,B-Article,Article,1,612,1008,Arial-BoldMT,#000,88,122,474,485,474,,,
O,I-Article,1,1,612,1008,Arial-BoldMT,#000,128,134,474,485,474,,,
O,I-Article,Formation,1,612,1008,Arial-BoldMT,#000,173,227,474,485,474,,,
O,I-Article,et,1,612,1008,Arial-BoldMT,#000,230,239,474,485,474,,,
O,I-Article,nom,1,612,1008,Arial-BoldMT,#000,242,266,474,485,474,,,
O,B-Alinea,Un,1,612,1008,ArialMT,#000,88,102,500,511,500,,,
O,I-Alinea,comité,1,612,1008,ArialMT,#000,106,138,500,511,500,,,
O,I-Alinea,est,1,612,1008,ArialMT,#000,142,157,500,511,500,,,
O,I-Alinea,"constitué,",1,612,1008,ArialMT,#000,161,208,500,511,500,,,
O,I-Alinea,par,1,612,1008,ArialMT,#000,212,228,500,511,500,,,
O,I-Alinea,le,1,612,1008,ArialMT,#000,232,241,500,511,500,,,
O,I-Alinea,présent,1,612,1008,ArialMT,#000,245,281,500,511,500,,,
O,I-Alinea,"règlement,",1,612,1008,ArialMT,#000,285,337,500,511,500,,,
O,I-Alinea,sous,1,612,1008,ArialMT,#000,341,365,500,511,500,,,
O,I-Alinea,le,1,612,1008,ArialMT,#000,369,377,500,511,500,,,
O,I-Alinea,nom,1,612,1008,ArialMT,#000,381,403,500,511,500,,,
O,I-Alinea,de,1,612,1008,ArialMT,#000,407,419,500,511,500,,,
O,I-Alinea,Comité,1,612,1008,Arial-ItalicMT,#000,423,458,500,511,500,,,
O,I-Alinea,consultatif,1,612,1008,Arial-ItalicMT,#000,462,511,500,511,500,,,
O,I-Alinea,en,1,612,1008,Arial-ItalicMT,#000,88,100,512,523,512,,,
O,I-Alinea,environnement.,1,612,1008,Arial-ItalicMT,#000,103,179,512,523,512,,,
O,B-Article,Article,1,612,1008,Arial-BoldMT,#000,88,122,538,549,538,,,
O,I-Article,2,1,612,1008,Arial-BoldMT,#000,128,134,538,549,538,,,
O,I-Article,Composition,1,612,1008,Arial-BoldMT,#000,173,240,538,549,538,,,
O,B-Alinea,Par,1,612,1008,ArialMT,#000,88,105,564,575,564,,,
O,I-Alinea,le,1,612,1008,ArialMT,#000,110,118,564,575,564,,,
O,I-Alinea,présent,1,612,1008,ArialMT,#000,123,160,564,575,564,,,
O,I-Alinea,"règlement,",1,612,1008,ArialMT,#000,164,216,564,575,564,,,
O,I-Alinea,le,1,612,1008,ArialMT,#000,221,230,564,575,564,,,
O,I-Alinea,conseil,1,612,1008,ArialMT,#000,235,269,564,575,564,,,
O,I-Alinea,est,1,612,1008,ArialMT,#000,274,288,564,575,564,,,
O,I-Alinea,autorisé,1,612,1008,ArialMT,#000,293,332,564,575,564,,,
O,I-Alinea,à,1,612,1008,ArialMT,#000,337,343,564,575,564,,,
O,I-Alinea,"nommer,",1,612,1008,ArialMT,#000,348,391,564,575,564,,,
O,I-Alinea,par,1,612,1008,ArialMT,#000,396,412,564,575,564,,,
O,I-Alinea,"résolution,",1,612,1008,ArialMT,#000,416,467,564,575,564,,,
O,I-Alinea,tous,1,612,1008,ArialMT,#000,472,493,564,575,564,,,
O,I-Alinea,les,1,612,1008,ArialMT,#000,498,511,564,575,564,,,
O,I-Alinea,membres,1,612,1008,ArialMT,#000,88,134,577,588,577,,,
O,I-Alinea,du,1,612,1008,ArialMT,#000,137,149,577,588,577,,,
O,I-Alinea,comité,1,612,1008,ArialMT,#000,152,184,577,588,577,,,
O,I-Alinea,selon,1,612,1008,ArialMT,#000,187,214,577,588,577,,,
O,I-Alinea,les,1,612,1008,ArialMT,#000,217,231,577,588,577,,,
O,I-Alinea,dispositions,1,612,1008,ArialMT,#000,234,291,577,588,577,,,
O,I-Alinea,ci-après,1,612,1008,ArialMT,#000,294,334,577,588,577,,,
O,I-Alinea,:,1,612,1008,ArialMT,#000,337,340,577,588,577,,,
O,B-Liste,,1,612,1008,ABCDEE+Wingdings-Regular,#000,102,107,602,613,602,,,
O,I-Liste,Un,1,612,1008,ArialMT,#000,116,130,602,613,602,,,
O,I-Liste,membre,1,612,1008,ArialMT,#000,133,174,602,613,602,,,
O,I-Liste,du,1,612,1008,ArialMT,#000,177,189,602,613,602,,,
O,I-Liste,conseil,1,612,1008,ArialMT,#000,192,226,602,613,602,,,
O,I-Liste,municipal,1,612,1008,ArialMT,#000,229,275,602,613,602,,,
O,I-Liste,;,1,612,1008,ArialMT,#000,279,282,602,613,602,,,
O,B-Liste,,1,612,1008,ABCDEE+Wingdings-Regular,#000,102,107,615,626,615,,,
O,I-Liste,Un,1,612,1008,ArialMT,#000,116,130,615,626,615,,,
O,I-Liste,nombre,1,612,1008,ArialMT,#000,136,173,615,626,615,,,
O,I-Liste,minimal,1,612,1008,ArialMT,#000,179,217,615,626,615,,,
O,I-Liste,de,1,612,1008,ArialMT,#000,223,236,615,626,615,,,
O,I-Liste,3,1,612,1008,ArialMT,#000,242,248,615,626,615,,,
O,I-Liste,membres,1,612,1008,ArialMT,#000,254,300,615,626,615,,,
O,I-Liste,citoyens,1,612,1008,ArialMT,#000,306,346,615,626,615,,,
O,I-Liste,de,1,612,1008,ArialMT,#000,352,364,615,626,615,,,
O,I-Liste,la,1,612,1008,ArialMT,#000,371,379,615,626,615,,,
O,I-Liste,Ville,1,612,1008,ArialMT,#000,385,406,615,626,615,,,
O,I-Liste,de,1,612,1008,ArialMT,#000,412,424,615,626,615,,,
O,I-Liste,Sainte-Adèle,1,612,1008,ArialMT,#000,430,493,615,626,615,,,
O,I-Liste,ou,1,612,1008,ArialMT,#000,499,512,615,626,615,,,
O,I-Liste,représentant,1,612,1008,ArialMT,#000,116,178,627,638,627,,,
O,I-Liste,d’une,1,612,1008,ArialMT,#000,182,209,627,638,627,,,
O,I-Liste,entreprise,1,612,1008,ArialMT,#000,212,261,627,638,627,,,
O,I-Liste,ayant,1,612,1008,ArialMT,#000,265,292,627,638,627,,,
O,I-Liste,sa,1,612,1008,ArialMT,#000,295,307,627,638,627,,,
O,I-Liste,place,1,612,1008,ArialMT,#000,311,337,627,638,627,,,
O,I-Liste,d’affaires,1,612,1008,ArialMT,#000,341,386,627,638,627,,,
O,I-Liste,sur,1,612,1008,ArialMT,#000,389,404,627,638,627,,,
O,I-Liste,le,1,612,1008,ArialMT,#000,408,417,627,638,627,,,
O,I-Liste,territoire,1,612,1008,ArialMT,#000,420,461,627,638,627,,,
O,I-Liste,de,1,612,1008,ArialMT,#000,464,477,627,638,627,,,
O,I-Liste,la,1,612,1008,ArialMT,#000,480,489,627,638,627,,,
O,I-Liste,ville,1,612,1008,ArialMT,#000,492,511,627,638,627,,,
O,I-Liste,de,1,612,1008,ArialMT,#000,116,128,640,651,640,,,
O,I-Liste,Sainte-Adèle,1,612,1008,ArialMT,#000,131,194,640,651,640,,,
O,I-Liste,;,1,612,1008,ArialMT,#000,197,200,640,651,640,,,
O,B-Liste,,1,612,1008,ABCDEE+Wingdings-Regular,#000,102,107,653,664,653,,,
O,I-Liste,Un,1,612,1008,ArialMT,#000,116,130,653,664,653,,,
O,I-Liste,fonctionnaire,1,612,1008,ArialMT,#000,133,197,653,664,653,,,
O,I-Liste,"municipal,",1,612,1008,ArialMT,#000,200,249,653,664,653,,,
O,I-Liste,lequel,1,612,1008,ArialMT,#000,253,282,653,664,653,,,
O,I-Liste,n’a,1,612,1008,ArialMT,#000,286,300,653,664,653,,,
O,I-Liste,pas,1,612,1008,ArialMT,#000,304,321,653,664,653,,,
O,I-Liste,à,1,612,1008,ArialMT,#000,325,331,653,664,653,,,
O,I-Liste,être,1,612,1008,ArialMT,#000,334,353,653,664,653,,,
O,I-Liste,nommé,1,612,1008,ArialMT,#000,357,393,653,664,653,,,
O,I-Liste,par,1,612,1008,ArialMT,#000,397,413,653,664,653,,,
O,I-Liste,"résolution,",1,612,1008,ArialMT,#000,416,467,653,664,653,,,
O,I-Liste,agissant,1,612,1008,ArialMT,#000,470,511,653,664,653,,,
O,I-Liste,à,1,612,1008,ArialMT,#000,116,122,665,676,665,,,
O,I-Liste,la,1,612,1008,ArialMT,#000,125,134,665,676,665,,,
O,I-Liste,fois,1,612,1008,ArialMT,#000,137,154,665,676,665,,,
O,I-Liste,comme,1,612,1008,ArialMT,#000,157,193,665,676,665,,,
O,I-Liste,"membre,",1,612,1008,ArialMT,#000,196,240,665,676,665,,,
O,I-Liste,conseiller,1,612,1008,ArialMT,#000,243,289,665,676,665,,,
O,I-Liste,et,1,612,1008,ArialMT,#000,292,301,665,676,665,,,
O,I-Liste,secrétaire,1,612,1008,ArialMT,#000,304,353,665,676,665,,,
O,I-Liste,;,1,612,1008,ArialMT,#000,356,359,665,676,665,,,
O,B-Article,Article,1,612,1008,Arial-BoldMT,#000,88,122,690,702,690,,,
O,I-Article,3,1,612,1008,Arial-BoldMT,#000,128,134,690,702,690,,,
O,I-Article,Durée,1,612,1008,Arial-BoldMT,#000,173,204,690,702,690,,,
O,I-Article,du,1,612,1008,Arial-BoldMT,#000,207,221,690,702,690,,,
O,I-Article,mandat,1,612,1008,Arial-BoldMT,#000,223,263,690,702,690,,,
O,B-Alinea,Le,1,612,1008,ArialMT,#000,88,100,716,727,716,,,
O,I-Alinea,mandat,1,612,1008,ArialMT,#000,104,140,716,727,716,,,
O,I-Alinea,des,1,612,1008,ArialMT,#000,144,162,716,727,716,,,
O,I-Alinea,membres,1,612,1008,ArialMT,#000,165,211,716,727,716,,,
O,I-Alinea,est,1,612,1008,ArialMT,#000,214,229,716,727,716,,,
O,I-Alinea,valide,1,612,1008,ArialMT,#000,233,261,716,727,716,,,
O,I-Alinea,tant,1,612,1008,ArialMT,#000,265,283,716,727,716,,,
O,I-Alinea,et,1,612,1008,ArialMT,#000,287,296,716,727,716,,,
O,I-Alinea,aussi,1,612,1008,ArialMT,#000,300,325,716,727,716,,,
O,I-Alinea,longtemps,1,612,1008,ArialMT,#000,329,379,716,727,716,,,
O,I-Alinea,que,1,612,1008,ArialMT,#000,383,401,716,727,716,,,
O,I-Alinea,le,1,612,1008,ArialMT,#000,405,413,716,727,716,,,
O,I-Alinea,conseil,1,612,1008,ArialMT,#000,417,451,716,727,716,,,
O,I-Alinea,n’en,1,612,1008,ArialMT,#000,455,476,716,727,716,,,
O,I-Alinea,décide,1,612,1008,ArialMT,#000,479,512,716,727,716,,,
O,I-Alinea,autrement.,1,612,1008,ArialMT,#000,88,140,729,740,729,,,
O,B-Article,Article,1,612,1008,Arial-BoldMT,#000,88,122,754,765,754,,,
O,I-Article,4,1,612,1008,Arial-BoldMT,#000,128,134,754,765,754,,,
O,I-Article,Mandat,1,612,1008,Arial-BoldMT,#000,173,211,754,765,754,,,
O,I-Article,du,1,612,1008,Arial-BoldMT,#000,214,228,754,765,754,,,
O,I-Article,comité,1,612,1008,Arial-BoldMT,#000,231,266,754,765,754,,,
O,B-Alinea,Le,1,612,1008,ArialMT,#000,88,100,779,790,779,,,
O,I-Alinea,comité,1,612,1008,ArialMT,#000,103,136,779,790,779,,,
O,I-Alinea,doit,1,612,1008,ArialMT,#000,139,156,779,790,779,,,
O,I-Alinea,:,1,612,1008,ArialMT,#000,159,162,779,790,779,,,
O,B-Liste,a),1,612,1008,ArialMT,#000,120,130,804,816,804,,,
O,I-Liste,étudier,1,612,1008,ArialMT,#000,138,172,804,816,804,,,
O,I-Liste,toute,1,612,1008,ArialMT,#000,179,204,804,816,804,,,
O,I-Liste,question,1,612,1008,ArialMT,#000,211,252,804,816,804,,,
O,I-Liste,en,1,612,1008,ArialMT,#000,259,271,804,816,804,,,
O,I-Liste,matière,1,612,1008,ArialMT,#000,278,315,804,816,804,,,
O,I-Liste,environnementale,1,612,1008,ArialMT,#000,322,409,804,816,804,,,
O,I-Liste,que,1,612,1008,ArialMT,#000,416,435,804,816,804,,,
O,I-Liste,lui,1,612,1008,ArialMT,#000,442,453,804,816,804,,,
O,I-Liste,soumet,1,612,1008,ArialMT,#000,460,496,804,816,804,,,
O,I-Liste,le,1,612,1008,ArialMT,#000,503,511,804,816,804,,,
O,I-Liste,conseil,1,612,1008,ArialMT,#000,138,173,817,828,817,,,
O,I-Liste,municipal,1,612,1008,ArialMT,#000,176,223,817,828,817,,,
O,I-Liste,et,1,612,1008,ArialMT,#000,226,235,817,828,817,,,
O,I-Liste,faire,1,612,1008,ArialMT,#000,238,260,817,828,817,,,
O,I-Liste,rapport,1,612,1008,ArialMT,#000,263,298,817,828,817,,,
O,I-Liste,à,1,612,1008,ArialMT,#000,301,307,817,828,817,,,
O,I-Liste,ce,1,612,1008,ArialMT,#000,311,323,817,828,817,,,
O,I-Liste,dernier,1,612,1008,ArialMT,#000,326,360,817,828,817,,,
O,I-Liste,dans,1,612,1008,ArialMT,#000,364,387,817,828,817,,,
O,I-Liste,les,1,612,1008,ArialMT,#000,391,405,817,828,817,,,
O,I-Liste,délais,1,612,1008,ArialMT,#000,408,437,817,828,817,,,
O,I-Liste,fixés,1,612,1008,ArialMT,#000,440,463,817,828,817,,,
O,I-Liste,par,1,612,1008,ArialMT,#000,466,482,817,828,817,,,
O,I-Liste,celui-,1,612,1008,ArialMT,#000,485,511,817,828,817,,,
O,I-Liste,ci,1,612,1008,ArialMT,#000,138,146,830,841,830,,,
O,I-Liste,;,1,612,1008,ArialMT,#000,150,153,830,841,830,,,
O,B-Liste,b),1,612,1008,ArialMT,#000,120,130,855,866,855,,,
O,I-Liste,participer,1,612,1008,ArialMT,#000,138,184,855,866,855,,,
O,I-Liste,aux,1,612,1008,ArialMT,#000,190,208,855,866,855,,,
O,I-Liste,exercices,1,612,1008,ArialMT,#000,214,260,855,866,855,,,
O,I-Liste,de,1,612,1008,ArialMT,#000,266,278,855,866,855,,,
O,I-Liste,consultation,1,612,1008,ArialMT,#000,284,343,855,866,855,,,
O,I-Liste,publique,1,612,1008,ArialMT,#000,349,391,855,866,855,,,
O,I-Liste,de,1,612,1008,ArialMT,#000,397,409,855,866,855,,,
O,I-Liste,la,1,612,1008,ArialMT,#000,415,424,855,866,855,,,
O,I-Liste,Ville,1,612,1008,ArialMT,#000,430,450,855,866,855,,,
O,I-Liste,en,1,612,1008,ArialMT,#000,456,469,855,866,855,,,
O,I-Liste,matière,1,612,1008,ArialMT,#000,475,511,855,866,855,,,
O,I-Liste,d’environnement,1,612,1008,ArialMT,#000,138,220,868,879,868,,,
O,I-Liste,;,1,612,1008,ArialMT,#000,223,226,868,879,868,,,
O,B-Liste,c),1,612,1008,ArialMT,#000,120,130,893,904,893,,,
O,I-Liste,étudier,1,612,1008,ArialMT,#000,138,172,893,904,893,,,
O,I-Liste,et,1,612,1008,ArialMT,#000,176,185,893,904,893,,,
O,I-Liste,effectuer,1,612,1008,ArialMT,#000,188,231,893,904,893,,,
O,I-Liste,des,1,612,1008,ArialMT,#000,235,252,893,904,893,,,
O,I-Liste,recommandations,1,612,1008,ArialMT,#000,256,343,893,904,893,,,
O,I-Liste,sur,1,612,1008,ArialMT,#000,347,362,893,904,893,,,
O,I-Liste,les,1,612,1008,ArialMT,#000,365,380,893,904,893,,,
O,I-Liste,projets,1,612,1008,ArialMT,#000,383,416,893,904,893,,,
O,I-Liste,présentés,1,612,1008,ArialMT,#000,419,468,893,904,893,,,
O,I-Liste,en,1,612,1008,ArialMT,#000,471,484,893,904,893,,,
O,I-Liste,vertu,1,612,1008,ArialMT,#000,487,511,893,904,893,,,
O,I-Liste,du,1,612,1008,ArialMT,#000,138,151,906,917,906,,,
O,I-Liste,fond,1,612,1008,ArialMT,#000,154,175,906,917,906,,,
O,I-Liste,municipal,1,612,1008,ArialMT,#000,178,225,906,917,906,,,
O,I-Liste,vert,1,612,1008,ArialMT,#000,228,246,906,917,906,,,
O,I-Liste,;,1,612,1008,ArialMT,#000,249,252,906,917,906,,,
B-Titre,B-Pied,Règlement,1,612,1008,ABCDEE+Cambria,#000,137,174,975,983,975,,,
I-Titre,I-Pied,1289,1,612,1008,ABCDEE+Cambria,#000,176,194,975,983,975,,,
I-Titre,I-Pied,–,1,612,1008,ABCDEE+Cambria,#000,195,199,975,983,975,,,
I-Titre,I-Pied,CCE,1,612,1008,ABCDEE+Cambria,#000,201,215,975,983,975,,,
O,I-Pied,(adoption,1,612,1008,ABCDEE+Cambria,#000,216,250,975,983,975,,,
O,I-Pied,–,1,612,1008,ABCDEE+Cambria,#000,252,256,975,983,975,,,
O,I-Pied,20,1,612,1008,ABCDEE+Cambria,#000,258,266,975,983,975,,,
O,I-Pied,avril,1,612,1008,ABCDEE+Cambria,#000,268,284,975,983,975,,,
O,I-Pied,2020),1,612,1008,ABCDEE+Cambria,#000,286,306,975,983,975,,,
O,I-Pied,Page,1,612,1008,ABCDEE+Cambria,#000,489,506,975,983,975,,,
O,I-Pied,1,1,612,1008,ABCDEE+Cambria,#000,507,512,975,983,975,,,
O,B-Article,Article,2,612,1008,Arial-BoldMT,#000,88,122,44,55,1052,,,
O,I-Article,5,2,612,1008,Arial-BoldMT,#000,128,134,44,55,1052,,,
O,I-Article,Tenue,2,612,1008,Arial-BoldMT,#000,173,205,44,55,1052,,,
O,I-Article,des,2,612,1008,Arial-BoldMT,#000,208,227,44,55,1052,,,
O,I-Article,réunions,2,612,1008,Arial-BoldMT,#000,230,277,44,55,1052,,,
O,B-Alinea,Les,2,612,1008,ArialMT,#000,88,106,57,68,1065,,,
O,I-Alinea,réunions,2,612,1008,ArialMT,#000,111,153,57,68,1065,,,
O,I-Alinea,sont,2,612,1008,ArialMT,#000,158,179,57,68,1065,,,
O,I-Alinea,tenues,2,612,1008,ArialMT,#000,184,217,57,68,1065,,,
O,I-Alinea,au,2,612,1008,ArialMT,#000,222,234,57,68,1065,,,
O,I-Alinea,"besoin,",2,612,1008,ArialMT,#000,239,275,57,68,1065,,,
O,I-Alinea,lorsque,2,612,1008,ArialMT,#000,280,316,57,68,1065,,,
O,I-Alinea,que,2,612,1008,ArialMT,#000,321,339,57,68,1065,,,
O,I-Alinea,le,2,612,1008,ArialMT,#000,344,353,57,68,1065,,,
O,I-Alinea,conseil,2,612,1008,ArialMT,#000,358,392,57,68,1065,,,
O,I-Alinea,mandate,2,612,1008,ArialMT,#000,397,440,57,68,1065,,,
O,I-Alinea,le,2,612,1008,ArialMT,#000,445,454,57,68,1065,,,
O,I-Alinea,"comité,",2,612,1008,ArialMT,#000,459,494,57,68,1065,,,
O,I-Alinea,ou,2,612,1008,ArialMT,#000,499,511,57,68,1065,,,
O,I-Alinea,lorsqu’un,2,612,1008,ArialMT,#000,88,133,69,80,1077,,,
O,I-Alinea,dossier,2,612,1008,ArialMT,#000,135,171,69,80,1077,,,
O,I-Alinea,nécessitant,2,612,1008,ArialMT,#000,174,230,69,80,1077,,,
O,I-Alinea,une,2,612,1008,ArialMT,#000,233,251,69,80,1077,,,
O,I-Alinea,recommandation,2,612,1008,ArialMT,#000,254,336,69,80,1077,,,
O,I-Alinea,le,2,612,1008,ArialMT,#000,339,348,69,80,1077,,,
O,I-Alinea,requiert.,2,612,1008,ArialMT,#000,351,391,69,80,1077,,,
O,B-Alinea,Un,2,612,1008,ArialMT,#000,88,102,95,106,1103,,,
O,I-Alinea,membre,2,612,1008,ArialMT,#000,106,146,95,106,1103,,,
O,I-Alinea,du,2,612,1008,ArialMT,#000,151,163,95,106,1103,,,
O,I-Alinea,conseil,2,612,1008,ArialMT,#000,167,201,95,106,1103,,,
O,I-Alinea,doit,2,612,1008,ArialMT,#000,205,223,95,106,1103,,,
O,I-Alinea,être,2,612,1008,ArialMT,#000,227,246,95,106,1103,,,
O,I-Alinea,présent,2,612,1008,ArialMT,#000,251,287,95,106,1103,,,
O,I-Alinea,pour,2,612,1008,ArialMT,#000,291,313,95,106,1103,,,
O,I-Alinea,la,2,612,1008,ArialMT,#000,318,326,95,106,1103,,,
O,I-Alinea,tenue,2,612,1008,ArialMT,#000,330,358,95,106,1103,,,
O,I-Alinea,d’une,2,612,1008,ArialMT,#000,362,389,95,106,1103,,,
O,I-Alinea,"réunion,",2,612,1008,ArialMT,#000,393,433,95,106,1103,,,
O,I-Alinea,soit,2,612,1008,ArialMT,#000,437,454,95,106,1103,,,
O,I-Alinea,le,2,612,1008,ArialMT,#000,458,467,95,106,1103,,,
O,I-Alinea,membre,2,612,1008,ArialMT,#000,471,511,95,106,1103,,,
O,I-Alinea,nommé,2,612,1008,ArialMT,#000,88,125,107,118,1115,,,
O,I-Alinea,ou,2,612,1008,ArialMT,#000,128,140,107,118,1115,,,
O,I-Alinea,un,2,612,1008,ArialMT,#000,143,155,107,118,1115,,,
O,I-Alinea,substitut,2,612,1008,ArialMT,#000,158,199,107,118,1115,,,
O,I-Alinea,qu’il,2,612,1008,ArialMT,#000,202,222,107,118,1115,,,
O,I-Alinea,délègue.,2,612,1008,ArialMT,#000,225,267,107,118,1115,,,
O,B-Alinea,Toute,2,612,1008,ArialMT,#000,88,116,133,144,1141,,,
O,I-Alinea,réunion,2,612,1008,ArialMT,#000,119,156,133,144,1141,,,
O,I-Alinea,spéciale,2,612,1008,ArialMT,#000,159,199,133,144,1141,,,
O,I-Alinea,peut,2,612,1008,ArialMT,#000,202,224,133,144,1141,,,
O,I-Alinea,être,2,612,1008,ArialMT,#000,227,246,133,144,1141,,,
O,I-Alinea,tenue,2,612,1008,ArialMT,#000,249,276,133,144,1141,,,
O,I-Alinea,à,2,612,1008,ArialMT,#000,279,285,133,144,1141,,,
O,I-Alinea,la,2,612,1008,ArialMT,#000,288,297,133,144,1141,,,
O,I-Alinea,demande,2,612,1008,ArialMT,#000,300,346,133,144,1141,,,
O,I-Alinea,du,2,612,1008,ArialMT,#000,349,361,133,144,1141,,,
O,I-Alinea,conseil,2,612,1008,ArialMT,#000,364,399,133,144,1141,,,
O,I-Alinea,municipal.,2,612,1008,ArialMT,#000,402,451,133,144,1141,,,
O,B-Article,Article,2,612,1008,Arial-BoldMT,#000,88,122,158,169,1166,,,
O,I-Article,6,2,612,1008,Arial-BoldMT,#000,128,134,158,169,1166,,,
O,I-Article,Avis,2,612,1008,Arial-BoldMT,#000,173,196,158,169,1166,,,
O,I-Article,de,2,612,1008,Arial-BoldMT,#000,199,212,158,169,1166,,,
O,I-Article,convocation,2,612,1008,Arial-BoldMT,#000,215,280,158,169,1166,,,
O,B-Alinea,Les,2,612,1008,ArialMT,#000,88,106,171,182,1179,,,
O,I-Alinea,membres,2,612,1008,ArialMT,#000,109,154,171,182,1179,,,
O,I-Alinea,sont,2,612,1008,ArialMT,#000,158,178,171,182,1179,,,
O,I-Alinea,convoqués,2,612,1008,ArialMT,#000,181,235,171,182,1179,,,
O,I-Alinea,par,2,612,1008,ArialMT,#000,238,253,171,182,1179,,,
O,I-Alinea,un,2,612,1008,ArialMT,#000,257,269,171,182,1179,,,
O,I-Alinea,avis,2,612,1008,ArialMT,#000,272,291,171,182,1179,,,
O,I-Alinea,écrit,2,612,1008,ArialMT,#000,294,315,171,182,1179,,,
O,I-Alinea,par,2,612,1008,ArialMT,#000,318,334,171,182,1179,,,
O,I-Alinea,courriel.,2,612,1008,ArialMT,#000,337,376,171,182,1179,,,
O,B-Article,Article,2,612,1008,Arial-BoldMT,#000,88,122,196,207,1204,,,
O,I-Article,7,2,612,1008,Arial-BoldMT,#000,128,134,196,207,1204,,,
O,I-Article,Procédure,2,612,1008,Arial-BoldMT,#000,173,227,196,207,1204,,,
O,I-Article,des,2,612,1008,Arial-BoldMT,#000,230,249,196,207,1204,,,
O,I-Article,réunions,2,612,1008,Arial-BoldMT,#000,252,299,196,207,1204,,,
O,B-Liste,a),2,612,1008,ArialMT,#000,88,98,208,220,1216,,,
O,I-Liste,Les,2,612,1008,ArialMT,#000,116,134,208,220,1216,,,
O,I-Liste,réunions,2,612,1008,ArialMT,#000,137,179,208,220,1216,,,
O,I-Liste,du,2,612,1008,ArialMT,#000,182,194,208,220,1216,,,
O,I-Liste,comité,2,612,1008,ArialMT,#000,197,230,208,220,1216,,,
O,I-Liste,se,2,612,1008,ArialMT,#000,233,244,208,220,1216,,,
O,I-Liste,tiennent,2,612,1008,ArialMT,#000,247,287,208,220,1216,,,
O,I-Liste,à,2,612,1008,ArialMT,#000,290,296,208,220,1216,,,
O,I-Liste,huis,2,612,1008,ArialMT,#000,299,319,208,220,1216,,,
O,I-Liste,clos.,2,612,1008,ArialMT,#000,322,345,208,220,1216,,,
O,B-Liste,b),2,612,1008,ArialMT,#000,88,98,221,232,1229,,,
O,I-Liste,Le,2,612,1008,ArialMT,#000,116,128,221,232,1229,,,
O,I-Liste,membre,2,612,1008,ArialMT,#000,132,172,221,232,1229,,,
O,I-Liste,du,2,612,1008,ArialMT,#000,175,188,221,232,1229,,,
O,I-Liste,conseil,2,612,1008,ArialMT,#000,191,225,221,232,1229,,,
O,I-Liste,est,2,612,1008,ArialMT,#000,229,243,221,232,1229,,,
O,I-Liste,le,2,612,1008,ArialMT,#000,247,255,221,232,1229,,,
O,I-Liste,président,2,612,1008,ArialMT,#000,258,304,221,232,1229,,,
O,I-Liste,du,2,612,1008,ArialMT,#000,307,319,221,232,1229,,,
O,I-Liste,comité.,2,612,1008,ArialMT,#000,323,358,221,232,1229,,,
O,I-Liste,Le,2,612,1008,ArialMT,#000,361,374,221,232,1229,,,
O,I-Liste,mandat,2,612,1008,ArialMT,#000,377,414,221,232,1229,,,
O,I-Liste,du,2,612,1008,ArialMT,#000,417,429,221,232,1229,,,
O,I-Liste,président,2,612,1008,ArialMT,#000,433,478,221,232,1229,,,
O,I-Liste,est,2,612,1008,ArialMT,#000,481,496,221,232,1229,,,
O,I-Liste,de,2,612,1008,ArialMT,#000,499,511,221,232,1229,,,
O,I-Liste,représenter,2,612,1008,ArialMT,#000,116,172,234,245,1242,,,
O,I-Liste,le,2,612,1008,ArialMT,#000,175,184,234,245,1242,,,
O,I-Liste,"comité,",2,612,1008,ArialMT,#000,187,223,234,245,1242,,,
O,I-Liste,mener,2,612,1008,ArialMT,#000,225,257,234,245,1242,,,
O,I-Liste,des,2,612,1008,ArialMT,#000,260,278,234,245,1242,,,
O,I-Liste,discussions,2,612,1008,ArialMT,#000,281,337,234,245,1242,,,
O,I-Liste,et,2,612,1008,ArialMT,#000,341,350,234,245,1242,,,
O,I-Liste,signer,2,612,1008,ArialMT,#000,353,383,234,245,1242,,,
O,I-Liste,les,2,612,1008,ArialMT,#000,386,400,234,245,1242,,,
O,I-Liste,procès-verbaux,2,612,1008,ArialMT,#000,403,479,234,245,1242,,,
O,I-Liste,;,2,612,1008,ArialMT,#000,482,485,234,245,1242,,,
O,B-Liste,c),2,612,1008,ArialMT,#000,88,97,246,257,1254,,,
O,I-Liste,Le,2,612,1008,ArialMT,#000,116,128,246,257,1254,,,
O,I-Liste,fonctionnaire,2,612,1008,ArialMT,#000,131,194,246,257,1254,,,
O,I-Liste,présente,2,612,1008,ArialMT,#000,198,240,246,257,1254,,,
O,I-Liste,les,2,612,1008,ArialMT,#000,244,258,246,257,1254,,,
O,I-Liste,sujets,2,612,1008,ArialMT,#000,261,290,246,257,1254,,,
O,I-Liste,ayant,2,612,1008,ArialMT,#000,293,320,246,257,1254,,,
O,I-Liste,justifié,2,612,1008,ArialMT,#000,323,354,246,257,1254,,,
O,I-Liste,la,2,612,1008,ArialMT,#000,357,366,246,257,1254,,,
O,I-Liste,tenue,2,612,1008,ArialMT,#000,369,396,246,257,1254,,,
O,I-Liste,de,2,612,1008,ArialMT,#000,400,412,246,257,1254,,,
O,I-Liste,la,2,612,1008,ArialMT,#000,415,424,246,257,1254,,,
O,I-Liste,réunion.,2,612,1008,ArialMT,#000,427,466,246,257,1254,,,
O,I-Liste,Il,2,612,1008,ArialMT,#000,470,475,246,257,1254,,,
O,I-Liste,dresse,2,612,1008,ArialMT,#000,478,511,246,257,1254,,,
O,I-Liste,également,2,612,1008,ArialMT,#000,116,167,259,270,1267,,,
O,I-Liste,le,2,612,1008,ArialMT,#000,171,179,259,270,1267,,,
O,I-Liste,procès-verbal,2,612,1008,ArialMT,#000,182,249,259,270,1267,,,
O,I-Liste,de,2,612,1008,ArialMT,#000,252,264,259,270,1267,,,
O,I-Liste,la,2,612,1008,ArialMT,#000,267,276,259,270,1267,,,
O,I-Liste,réunion.,2,612,1008,ArialMT,#000,279,318,259,270,1267,,,
O,B-Alinea,Le,2,612,1008,ArialMT,#000,88,100,284,295,1292,,,
O,I-Alinea,procès-verbal,2,612,1008,ArialMT,#000,105,172,284,295,1292,,,
O,I-Alinea,ainsi,2,612,1008,ArialMT,#000,177,199,284,295,1292,,,
O,I-Alinea,que,2,612,1008,ArialMT,#000,204,223,284,295,1292,,,
O,I-Alinea,tout,2,612,1008,ArialMT,#000,228,246,284,295,1292,,,
O,I-Alinea,autre,2,612,1008,ArialMT,#000,251,276,284,295,1292,,,
O,I-Alinea,rapport,2,612,1008,ArialMT,#000,281,316,284,295,1292,,,
O,I-Alinea,ou,2,612,1008,ArialMT,#000,321,333,284,295,1292,,,
O,I-Alinea,document,2,612,1008,ArialMT,#000,339,387,284,295,1292,,,
O,I-Alinea,produits,2,612,1008,ArialMT,#000,392,431,284,295,1292,,,
O,I-Alinea,au,2,612,1008,ArialMT,#000,436,448,284,295,1292,,,
O,I-Alinea,comité,2,612,1008,ArialMT,#000,453,486,284,295,1292,,,
O,I-Alinea,sont,2,612,1008,ArialMT,#000,491,511,284,295,1292,,,
O,I-Alinea,transmis,2,612,1008,ArialMT,#000,88,129,297,308,1305,,,
O,I-Alinea,au,2,612,1008,ArialMT,#000,132,145,297,308,1305,,,
O,I-Alinea,conseil,2,612,1008,ArialMT,#000,148,182,297,308,1305,,,
O,I-Alinea,dans,2,612,1008,ArialMT,#000,185,209,297,308,1305,,,
O,I-Alinea,les,2,612,1008,ArialMT,#000,212,226,297,308,1305,,,
O,I-Alinea,meilleurs,2,612,1008,ArialMT,#000,229,273,297,308,1305,,,
O,I-Alinea,délais,2,612,1008,ArialMT,#000,276,305,297,308,1305,,,
O,I-Alinea,suivant,2,612,1008,ArialMT,#000,308,343,297,308,1305,,,
O,I-Alinea,la,2,612,1008,ArialMT,#000,346,354,297,308,1305,,,
O,I-Alinea,réunion,2,612,1008,ArialMT,#000,357,394,297,308,1305,,,
O,I-Alinea,du,2,612,1008,ArialMT,#000,397,409,297,308,1305,,,
O,I-Alinea,comité.,2,612,1008,ArialMT,#000,413,448,297,308,1305,,,
O,B-Article,Article,2,612,1008,Arial-BoldMT,#000,88,122,322,333,1330,,,
O,I-Article,8,2,612,1008,Arial-BoldMT,#000,128,134,322,333,1330,,,
O,I-Article,Conflit,2,612,1008,Arial-BoldMT,#000,173,208,322,333,1330,,,
O,I-Article,d’intérêt,2,612,1008,Arial-BoldMT,#000,211,254,322,333,1330,,,
O,B-Alinea,Dans,2,612,1008,ArialMT,#000,88,113,335,346,1343,,,
O,I-Alinea,le,2,612,1008,ArialMT,#000,118,126,335,346,1343,,,
O,I-Alinea,cas,2,612,1008,ArialMT,#000,130,147,335,346,1343,,,
O,I-Alinea,de,2,612,1008,ArialMT,#000,152,164,335,346,1343,,,
O,I-Alinea,l’étude,2,612,1008,ArialMT,#000,168,200,335,346,1343,,,
O,I-Alinea,d’un,2,612,1008,ArialMT,#000,204,225,335,346,1343,,,
O,I-Alinea,"dossier,",2,612,1008,ArialMT,#000,229,268,335,346,1343,,,
O,I-Alinea,lorsqu’un,2,612,1008,ArialMT,#000,272,316,335,346,1343,,,
O,I-Alinea,membre,2,612,1008,ArialMT,#000,320,361,335,346,1343,,,
O,I-Alinea,du,2,612,1008,ArialMT,#000,365,377,335,346,1343,,,
O,I-Alinea,comité,2,612,1008,ArialMT,#000,381,414,335,346,1343,,,
O,I-Alinea,peut,2,612,1008,ArialMT,#000,418,439,335,346,1343,,,
O,I-Alinea,être,2,612,1008,ArialMT,#000,443,462,335,346,1343,,,
O,I-Alinea,en,2,612,1008,ArialMT,#000,467,479,335,346,1343,,,
O,I-Alinea,conflit,2,612,1008,ArialMT,#000,483,511,335,346,1343,,,
O,I-Alinea,"d’intérêt,",2,612,1008,ArialMT,#000,88,130,348,359,1356,,,
O,I-Alinea,celui-ci,2,612,1008,ArialMT,#000,133,167,348,359,1356,,,
O,I-Alinea,doit,2,612,1008,ArialMT,#000,170,188,348,359,1356,,,
O,I-Alinea,se,2,612,1008,ArialMT,#000,191,203,348,359,1356,,,
O,I-Alinea,retirer.,2,612,1008,ArialMT,#000,206,238,348,359,1356,,,
O,B-Alinea,Les,2,612,1008,ArialMT,#000,88,106,373,384,1381,,,
O,I-Alinea,membres,2,612,1008,ArialMT,#000,110,156,373,384,1381,,,
O,I-Alinea,évitent,2,612,1008,ArialMT,#000,160,192,373,384,1381,,,
O,I-Alinea,de,2,612,1008,ArialMT,#000,196,208,373,384,1381,,,
O,I-Alinea,se,2,612,1008,ArialMT,#000,212,224,373,384,1381,,,
O,I-Alinea,placer,2,612,1008,ArialMT,#000,228,258,373,384,1381,,,
O,I-Alinea,dans,2,612,1008,ArialMT,#000,262,286,373,384,1381,,,
O,I-Alinea,des,2,612,1008,ArialMT,#000,290,308,373,384,1381,,,
O,I-Alinea,situations,2,612,1008,ArialMT,#000,312,358,373,384,1381,,,
O,I-Alinea,où,2,612,1008,ArialMT,#000,362,375,373,384,1381,,,
O,I-Alinea,ils,2,612,1008,ArialMT,#000,379,389,373,384,1381,,,
O,I-Alinea,peuvent,2,612,1008,ArialMT,#000,393,432,373,384,1381,,,
O,I-Alinea,avoir,2,612,1008,ArialMT,#000,436,460,373,384,1381,,,
O,I-Alinea,un,2,612,1008,ArialMT,#000,464,477,373,384,1381,,,
O,I-Alinea,intérêt,2,612,1008,ArialMT,#000,481,511,373,384,1381,,,
O,I-Alinea,ou,2,612,1008,ArialMT,#000,88,100,386,397,1394,,,
O,I-Alinea,un,2,612,1008,ArialMT,#000,103,115,386,397,1394,,,
O,I-Alinea,avantage,2,612,1008,ArialMT,#000,118,164,386,397,1394,,,
O,I-Alinea,personnel,2,612,1008,ArialMT,#000,167,215,386,397,1394,,,
O,I-Alinea,ou,2,612,1008,ArialMT,#000,218,230,386,397,1394,,,
O,I-Alinea,professionnel.,2,612,1008,ArialMT,#000,233,302,386,397,1394,,,
O,B-Alinea,Lorsque,2,612,1008,ArialMT,#000,88,128,411,422,1419,,,
O,I-Alinea,des,2,612,1008,ArialMT,#000,131,149,411,422,1419,,,
O,I-Alinea,membres,2,612,1008,ArialMT,#000,152,198,411,422,1419,,,
O,I-Alinea,désirent,2,612,1008,ArialMT,#000,202,241,411,422,1419,,,
O,I-Alinea,présenter,2,612,1008,ArialMT,#000,244,291,411,422,1419,,,
O,I-Alinea,des,2,612,1008,ArialMT,#000,294,312,411,422,1419,,,
O,I-Alinea,projets,2,612,1008,ArialMT,#000,316,349,411,422,1419,,,
O,I-Alinea,qui,2,612,1008,ArialMT,#000,352,367,411,422,1419,,,
O,I-Alinea,peuvent,2,612,1008,ArialMT,#000,371,410,411,422,1419,,,
O,I-Alinea,les,2,612,1008,ArialMT,#000,413,427,411,422,1419,,,
O,I-Alinea,mettre,2,612,1008,ArialMT,#000,431,462,411,422,1419,,,
O,I-Alinea,dans,2,612,1008,ArialMT,#000,466,490,411,422,1419,,,
O,I-Alinea,une,2,612,1008,ArialMT,#000,493,512,411,422,1419,,,
O,I-Alinea,situation,2,612,1008,ArialMT,#000,88,129,424,435,1432,,,
O,I-Alinea,de,2,612,1008,ArialMT,#000,134,146,424,435,1432,,,
O,I-Alinea,conflit,2,612,1008,ArialMT,#000,150,179,424,435,1432,,,
O,I-Alinea,"d’intérêt,",2,612,1008,ArialMT,#000,184,226,424,435,1432,,,
O,I-Alinea,ils,2,612,1008,ArialMT,#000,231,241,424,435,1432,,,
O,I-Alinea,doivent,2,612,1008,ArialMT,#000,246,281,424,435,1432,,,
O,I-Alinea,le,2,612,1008,ArialMT,#000,286,295,424,435,1432,,,
O,I-Alinea,faire,2,612,1008,ArialMT,#000,299,321,424,435,1432,,,
O,I-Alinea,par,2,612,1008,ArialMT,#000,325,341,424,435,1432,,,
O,I-Alinea,la,2,612,1008,ArialMT,#000,346,354,424,435,1432,,,
O,I-Alinea,voie,2,612,1008,ArialMT,#000,359,379,424,435,1432,,,
O,I-Alinea,administrative,2,612,1008,ArialMT,#000,384,452,424,435,1432,,,
O,I-Alinea,et,2,612,1008,ArialMT,#000,457,466,424,435,1432,,,
O,I-Alinea,politique,2,612,1008,ArialMT,#000,470,511,424,435,1432,,,
O,I-Alinea,conventionnelle,2,612,1008,ArialMT,#000,88,164,436,447,1444,,,
O,I-Alinea,plutôt,2,612,1008,ArialMT,#000,167,194,436,447,1444,,,
O,I-Alinea,que,2,612,1008,ArialMT,#000,197,216,436,447,1444,,,
O,I-Alinea,par,2,612,1008,ArialMT,#000,219,235,436,447,1444,,,
O,I-Alinea,la,2,612,1008,ArialMT,#000,238,246,436,447,1444,,,
O,I-Alinea,voie,2,612,1008,ArialMT,#000,249,269,436,447,1444,,,
O,I-Alinea,du,2,612,1008,ArialMT,#000,272,285,436,447,1444,,,
O,I-Alinea,comité.,2,612,1008,ArialMT,#000,288,323,436,447,1444,,,
O,B-Article,Article,2,612,1008,Arial-BoldMT,#000,88,122,461,472,1469,,,
O,I-Article,9,2,612,1008,Arial-BoldMT,#000,128,134,461,472,1469,,,
O,I-Article,Confidentialité,2,612,1008,Arial-BoldMT,#000,173,249,461,472,1469,,,
O,I-Article,des,2,612,1008,Arial-BoldMT,#000,252,271,461,472,1469,,,
O,I-Article,dossiers,2,612,1008,Arial-BoldMT,#000,274,320,461,472,1469,,,
O,B-Alinea,Les,2,612,1008,ArialMT,#000,88,106,474,485,1482,,,
O,I-Alinea,informations,2,612,1008,ArialMT,#000,111,171,474,485,1482,,,
O,I-Alinea,transmises,2,612,1008,ArialMT,#000,177,230,474,485,1482,,,
O,I-Alinea,au,2,612,1008,ArialMT,#000,236,248,474,485,1482,,,
O,I-Alinea,comité,2,612,1008,ArialMT,#000,254,287,474,485,1482,,,
O,I-Alinea,sont,2,612,1008,ArialMT,#000,293,313,474,485,1482,,,
O,I-Alinea,confidentielles.,2,612,1008,ArialMT,#000,319,392,474,485,1482,,,
O,I-Alinea,Dans,2,612,1008,ArialMT,#000,398,424,474,485,1482,,,
O,I-Alinea,ce,2,612,1008,ArialMT,#000,429,441,474,485,1482,,,
O,I-Alinea,"contexte,",2,612,1008,ArialMT,#000,447,492,474,485,1482,,,
O,I-Alinea,les,2,612,1008,ArialMT,#000,498,512,474,485,1482,,,
O,I-Alinea,"renseignements,",2,612,1008,ArialMT,#000,88,169,487,498,1495,,,
O,I-Alinea,opinions,2,612,1008,ArialMT,#000,173,214,487,498,1495,,,
O,I-Alinea,et,2,612,1008,ArialMT,#000,218,227,487,498,1495,,,
O,I-Alinea,recommandations,2,612,1008,ArialMT,#000,231,318,487,498,1495,,,
O,I-Alinea,exprimés,2,612,1008,ArialMT,#000,322,367,487,498,1495,,,
O,I-Alinea,au,2,612,1008,ArialMT,#000,371,383,487,498,1495,,,
O,I-Alinea,comité,2,612,1008,ArialMT,#000,387,419,487,498,1495,,,
O,I-Alinea,le,2,612,1008,ArialMT,#000,423,432,487,498,1495,,,
O,I-Alinea,sont,2,612,1008,ArialMT,#000,436,456,487,498,1495,,,
O,I-Alinea,également,2,612,1008,ArialMT,#000,460,511,487,498,1495,,,
O,I-Alinea,et,2,612,1008,ArialMT,#000,88,97,499,510,1507,,,
O,I-Alinea,ne,2,612,1008,ArialMT,#000,100,112,499,510,1507,,,
O,I-Alinea,doivent,2,612,1008,ArialMT,#000,115,151,499,510,1507,,,
O,I-Alinea,en,2,612,1008,ArialMT,#000,154,166,499,510,1507,,,
O,I-Alinea,aucun,2,612,1008,ArialMT,#000,169,199,499,510,1507,,,
O,I-Alinea,cas,2,612,1008,ArialMT,#000,202,219,499,510,1507,,,
O,I-Alinea,être,2,612,1008,ArialMT,#000,222,241,499,510,1507,,,
O,I-Alinea,rendus,2,612,1008,ArialMT,#000,244,278,499,510,1507,,,
O,I-Alinea,publiques.,2,612,1008,ArialMT,#000,281,331,499,510,1507,,,
O,B-Article,Article,2,612,1008,Arial-BoldMT,#000,88,122,525,536,1533,,,
O,I-Article,10,2,612,1008,Arial-BoldMT,#000,128,140,525,536,1533,,,
O,I-Article,Abrogation,2,612,1008,Arial-BoldMT,#000,173,231,525,536,1533,,,
O,B-Alinea,Le,2,612,1008,ArialMT,#000,88,100,537,548,1545,,,
O,I-Alinea,présent,2,612,1008,ArialMT,#000,103,140,537,548,1545,,,
O,I-Alinea,règlement,2,612,1008,ArialMT,#000,143,192,537,548,1545,,,
O,I-Alinea,abroge,2,612,1008,ArialMT,#000,195,229,537,548,1545,,,
O,I-Alinea,le,2,612,1008,ArialMT,#000,232,241,537,548,1545,,,
O,I-Alinea,règlement,2,612,1008,ArialMT,#000,244,293,537,548,1545,,,
O,I-Alinea,1140-2010.,2,612,1008,ArialMT,#000,296,351,537,548,1545,,,
O,B-Article,Article,2,612,1008,Arial-BoldMT,#000,88,122,563,574,1571,,,
O,I-Article,11,2,612,1008,Arial-BoldMT,#000,128,140,563,574,1571,,,
O,I-Article,Entrée,2,612,1008,Arial-BoldMT,#000,173,207,563,574,1571,,,
O,I-Article,en,2,612,1008,Arial-BoldMT,#000,210,223,563,574,1571,,,
O,I-Article,vigueur,2,612,1008,Arial-BoldMT,#000,226,266,563,574,1571,,,
O,B-Alinea,Le,2,612,1008,ArialMT,#000,88,100,575,586,1583,,,
O,I-Alinea,présent,2,612,1008,ArialMT,#000,103,140,575,586,1583,,,
O,I-Alinea,règlement,2,612,1008,ArialMT,#000,143,192,575,586,1583,,,
O,I-Alinea,entre,2,612,1008,ArialMT,#000,195,220,575,586,1583,,,
O,I-Alinea,en,2,612,1008,ArialMT,#000,223,235,575,586,1583,,,
O,I-Alinea,vigueur,2,612,1008,ArialMT,#000,238,274,575,586,1583,,,
O,I-Alinea,conformément,2,612,1008,ArialMT,#000,277,348,575,586,1583,,,
O,I-Alinea,à,2,612,1008,ArialMT,#000,351,357,575,586,1583,,,
O,I-Alinea,la,2,612,1008,ArialMT,#000,360,368,575,586,1583,,,
O,I-Alinea,loi.,2,612,1008,ArialMT,#000,371,385,575,586,1583,,,
O,B-Alinea,Avis,2,612,1008,ArialMT,#000,188,209,602,613,1610,,,
O,I-Alinea,de,2,612,1008,ArialMT,#000,212,224,602,613,1610,,,
O,I-Alinea,motion,2,612,1008,ArialMT,#000,227,260,602,613,1610,,,
O,I-Alinea,16,2,612,1008,ArialMT,#000,400,413,602,613,1610,,,
O,I-Alinea,mars,2,612,1008,ArialMT,#000,416,440,602,613,1610,,,
O,I-Alinea,2020,2,612,1008,ArialMT,#000,443,468,602,613,1610,,,
O,B-Alinea,Adoption,2,612,1008,ArialMT,#000,202,246,619,630,1627,,,
O,I-Alinea,20,2,612,1008,ArialMT,#000,403,415,619,630,1627,,,
O,I-Alinea,avril,2,612,1008,ArialMT,#000,418,438,619,630,1627,,,
O,I-Alinea,2020,2,612,1008,ArialMT,#000,441,466,619,630,1627,,,
O,B-Alinea,Entrée,2,612,1008,ArialMT,#000,181,213,636,647,1644,,,
O,I-Alinea,en,2,612,1008,ArialMT,#000,216,229,636,647,1644,,,
O,I-Alinea,vigueur,2,612,1008,ArialMT,#000,232,268,636,647,1644,,,
O,I-Alinea,22,2,612,1008,ArialMT,#000,403,415,636,647,1644,,,
O,I-Alinea,avril,2,612,1008,ArialMT,#000,418,438,636,647,1644,,,
O,I-Alinea,2020,2,612,1008,ArialMT,#000,441,466,636,647,1644,,,
O,B-Alinea,Signé,2,612,1008,ArialMT,#000,90,118,665,676,1673,,,
O,I-Alinea,à,2,612,1008,ArialMT,#000,121,128,665,676,1673,,,
O,I-Alinea,"Sainte-Adèle,",2,612,1008,ArialMT,#000,131,197,665,676,1673,,,
O,I-Alinea,ce,2,612,1008,ArialMT,#000,200,211,665,676,1673,,,
O,I-Alinea,4e,2,612,1008,,,214,224,664,676,1672,,,
O,I-Alinea,jour,2,612,1008,ArialMT,#000,227,246,665,676,1673,,,
O,I-Alinea,du,2,612,1008,ArialMT,#000,249,261,665,676,1673,,,
O,I-Alinea,mois,2,612,1008,ArialMT,#000,264,287,665,676,1673,,,
O,I-Alinea,de,2,612,1008,ArialMT,#000,290,303,665,676,1673,,,
O,I-Alinea,mai,2,612,1008,ArialMT,#000,306,324,665,676,1673,,,
O,I-Alinea,de,2,612,1008,ArialMT,#000,327,339,665,676,1673,,,
O,I-Alinea,l’an,2,612,1008,ArialMT,#000,342,359,665,676,1673,,,
O,I-Alinea,2020.,2,612,1008,ArialMT,#000,362,390,665,676,1673,,,
O,B-Alinea,(s),2,612,1008,ArialMT,#000,88,101,690,701,1698,,,
O,I-Alinea,Nadine,2,612,1008,ArialMT,#000,104,139,690,701,1698,,,
O,I-Alinea,Brière,2,612,1008,ArialMT,#000,142,171,690,701,1698,,,
O,I-Alinea,(s),2,612,1008,ArialMT,#000,293,306,690,701,1698,,,
O,I-Alinea,Audrey,2,612,1008,ArialMT,#000,309,344,690,701,1698,,,
O,I-Alinea,Senécal,2,612,1008,ArialMT,#000,347,387,690,701,1698,,,
O,O,__________________________,2,612,1008,ArialMT,#000,88,247,703,714,1711,,,
O,O,___________________________________,2,612,1008,ArialMT,#000,293,507,703,714,1711,,,
O,B-Alinea,Nadine,2,612,1008,ArialMT,#000,88,123,716,727,1724,,,
O,I-Alinea,Brière,2,612,1008,ArialMT,#000,126,155,716,727,1724,,,
O,I-Alinea,Me,2,612,1008,ArialMT,#000,293,308,716,727,1724,,,
O,I-Alinea,Audrey,2,612,1008,ArialMT,#000,311,346,716,727,1724,,,
O,I-Alinea,Senécal,2,612,1008,ArialMT,#000,349,389,716,727,1724,,,
O,I-Alinea,Mairesse,2,612,1008,ArialMT,#000,88,132,728,739,1736,,,
O,I-Alinea,Greffière,2,612,1008,ArialMT,#000,293,336,728,739,1736,,,
O,I-Alinea,par,2,612,1008,ArialMT,#000,339,355,728,739,1736,,,
O,I-Alinea,intérim,2,612,1008,ArialMT,#000,358,391,728,739,1736,,,
O,O,*********************************************,2,612,1008,ArialMT,#000,203,396,753,765,1761,,,
O,B-Titre,CERTIFICAT,2,612,1008,Arial-BoldMT,#000,226,292,766,777,1774,,,
O,I-Titre,D’APPROBATION,2,612,1008,Arial-BoldMT,#000,295,387,766,777,1774,,,
O,B-Titre,RÈGLEMENT,2,612,1008,Arial-BoldMT,#000,258,327,779,790,1787,,,
B-Numero,I-Titre,1289,2,612,1008,Arial-BoldMT,#000,330,355,779,790,1787,,,
O,B-Alinea,En,2,612,1008,ArialMT,#000,88,101,804,815,1812,,,
O,I-Alinea,vertu,2,612,1008,ArialMT,#000,104,129,804,815,1812,,,
O,I-Alinea,de,2,612,1008,ArialMT,#000,132,144,804,815,1812,,,
O,I-Alinea,l’article,2,612,1008,ArialMT,#000,147,181,804,815,1812,,,
O,I-Alinea,357,2,612,1008,ArialMT,#000,184,203,804,815,1812,,,
O,I-Alinea,de,2,612,1008,ArialMT,#000,206,218,804,815,1812,,,
O,I-Alinea,la,2,612,1008,ArialMT,#000,221,230,804,815,1812,,,
O,I-Alinea,Loi,2,612,1008,Arial-ItalicMT,#000,233,247,804,815,1812,,,
O,I-Alinea,sur,2,612,1008,Arial-ItalicMT,#000,250,266,804,815,1812,,,
O,I-Alinea,les,2,612,1008,Arial-ItalicMT,#000,269,283,804,815,1812,,,
O,I-Alinea,cités,2,612,1008,Arial-ItalicMT,#000,286,309,804,815,1812,,,
O,I-Alinea,et,2,612,1008,Arial-ItalicMT,#000,312,321,804,815,1812,,,
O,I-Alinea,villes,2,612,1008,Arial-ItalicMT,#000,324,348,804,815,1812,,,
O,I-Alinea,"(RLRQ,",2,612,1008,ArialMT,#000,351,389,804,815,1812,,,
O,I-Alinea,c.,2,612,1008,ArialMT,#000,392,400,804,815,1812,,,
O,I-Alinea,C-19),2,612,1008,ArialMT,#000,403,431,804,815,1812,,,
O,I-Alinea,:,2,612,1008,Arial-ItalicMT,#000,434,437,804,815,1812,,,
O,B-Alinea,«,2,612,1008,ArialMT,#000,88,94,829,840,1837,,,
B-Titre,I-Alinea,Règlement,2,612,1008,ArialMT,#000,97,150,829,840,1837,,,
I-Titre,I-Alinea,1289,2,612,1008,ArialMT,#000,153,178,829,840,1837,,,
I-Titre,I-Alinea,concernant,2,612,1008,ArialMT,#000,181,235,829,840,1837,,,
I-Titre,I-Alinea,formation,2,612,1008,ArialMT,#000,238,284,829,840,1837,,,
I-Titre,I-Alinea,d’un,2,612,1008,ArialMT,#000,287,308,829,840,1837,,,
I-Titre,I-Alinea,Comité,2,612,1008,Arial-ItalicMT,#000,311,346,829,840,1837,,,
I-Titre,I-Alinea,consultatif,2,612,1008,Arial-ItalicMT,#000,349,398,829,840,1837,,,
I-Titre,I-Alinea,en,2,612,1008,Arial-ItalicMT,#000,402,414,829,840,1837,,,
O,I-Alinea,environnement,2,612,1008,Arial-ItalicMT,#000,417,490,829,840,1837,,,
O,I-Alinea,».,2,612,1008,ArialMT,#000,493,502,829,840,1837,,,
O,B-Alinea,Adoption,2,612,1008,ArialMT,#000,202,246,856,867,1864,,,
O,I-Alinea,20,2,612,1008,ArialMT,#000,396,408,856,867,1864,,,
O,I-Alinea,avril,2,612,1008,ArialMT,#000,411,431,856,867,1864,,,
O,I-Alinea,2020,2,612,1008,ArialMT,#000,434,459,856,867,1864,,,
O,I-Alinea,(s),2,612,1008,ArialMT,#000,88,101,885,896,1893,,,
O,I-Alinea,Nadine,2,612,1008,ArialMT,#000,104,139,885,896,1893,,,
O,I-Alinea,Brière,2,612,1008,ArialMT,#000,142,171,885,896,1893,,,
O,I-Alinea,(s),2,612,1008,ArialMT,#000,293,306,885,896,1893,,,
O,I-Alinea,Audrey,2,612,1008,ArialMT,#000,309,344,885,896,1893,,,
O,I-Alinea,Senécal,2,612,1008,ArialMT,#000,347,387,885,896,1893,,,
O,O,_________________________,2,612,1008,ArialMT,#000,88,241,898,909,1906,,,
O,O,___________________________________,2,612,1008,ArialMT,#000,293,507,898,909,1906,,,
O,B-Alinea,Nadine,2,612,1008,ArialMT,#000,88,123,910,921,1918,,,
O,I-Alinea,Brière,2,612,1008,ArialMT,#000,126,155,910,921,1918,,,
O,I-Alinea,Me,2,612,1008,ArialMT,#000,293,308,910,921,1918,,,
O,I-Alinea,Audrey,2,612,1008,ArialMT,#000,311,346,910,921,1918,,,
O,I-Alinea,Senécal,2,612,1008,ArialMT,#000,349,389,910,921,1918,,,
O,I-Alinea,Mairesse,2,612,1008,ArialMT,#000,88,132,923,934,1931,,,
O,I-Alinea,Greffière,2,612,1008,ArialMT,#000,293,336,923,934,1931,,,
O,I-Alinea,par,2,612,1008,ArialMT,#000,339,355,923,934,1931,,,
O,I-Alinea,intérim,2,612,1008,ArialMT,#000,358,391,923,934,1931,,,
B-Titre,B-Pied,Règlement,2,612,1008,ABCDEE+Cambria,#000,137,174,975,983,1983,,,
I-Titre,I-Pied,1289,2,612,1008,ABCDEE+Cambria,#000,176,194,975,983,1983,,,
I-Titre,I-Pied,–,2,612,1008,ABCDEE+Cambria,#000,195,199,975,983,1983,,,
I-Titre,I-Pied,CCE,2,612,1008,ABCDEE+Cambria,#000,201,215,975,983,1983,,,
O,I-Pied,(adoption,2,612,1008,ABCDEE+Cambria,#000,216,250,975,983,1983,,,
O,I-Pied,–,2,612,1008,ABCDEE+Cambria,#000,252,256,975,983,1983,,,
O,I-Pied,20,2,612,1008,ABCDEE+Cambria,#000,258,266,975,983,1983,,,
O,I-Pied,avril,2,612,1008,ABCDEE+Cambria,#000,268,284,975,983,1983,,,
O,I-Pied,2020),2,612,1008,ABCDEE+Cambria,#000,286,306,975,983,1983,,,
O,I-Pied,Page,2,612,1008,ABCDEE+Cambria,#000,489,506,975,983,1983,,,
O,I-Pied,2,2,612,1008,ABCDEE+Cambria,#000,507,512,975,983,1983,,,
